brand_name,price,ram,os,storage,battery_capacity,has_fast_charging,has_fingerprint,has_nfc,has_5g,processor_brand,num_cores,primary_rear_camera,num_rear_cameras,primary_front_camera,num_front_cameras,display_size,display_type
vivo,34999,8.0,android,128.0,6000,Yes,Yes,No,Yes,snapdragon,8.0,50.0,2,50.0,1,6.77,amoled display
realme,21999,8.0,android,128.0,6000,Yes,Yes,No,Yes,snapdragon,8.0,50.0,2,16.0,1,6.83,amoled display
realme,27999,8.0,android,128.0,6000,Yes,Yes,No,Yes,snapdragon,8.0,50.0,3,32.0,1,6.83,oled display
samsung,129999,12.0,android,256.0,5000,Yes,Yes,Yes,Yes,snapdragon,8.0,200.0,4,12.0,1,6.9,amoled display
vivo,22999,8.0,android,128.0,5500,Yes,Yes,No,Yes,snapdragon,8.0,50.0,2,16.0,1,6.77,amoled display
motorola,20299,8.0,android,128.0,5000,Yes,Yes,Yes,Yes,snapdragon,8.0,50.0,2,32.0,1,6.67,amoled display
moto,18445,8.0,android,128.0,5000,Yes,Yes,No,Yes,snapdragon,8.0,50.0,2,32.0,1,6.67,amoled display
oneplus,42998,12.0,android,256.0,6000,Yes,Yes,Yes,Yes,snapdragon,8.0,50.0,3,16.0,1,6.78,amoled display
poco,27999,8.0,android,256.0,6550,Yes,Yes,Yes,Yes,mediatek,8.0,50.0,2,20.0,1,6.67,amoled display
oneplus,22990,8.0,android,128.0,5500,Yes,Yes,No,Yes,snapdragon,8.0,50.0,2,16.0,1,6.7,amoled display
vivo,36490,8.0,android,128.0,5500,Yes,Yes,No,Yes,snapdragon,8.0,50.0,2,50.0,1,6.78,amoled display
samsung,14999,6.0,android,128.0,6000,Yes,Yes,Yes,Yes,samsung,8.0,50.0,3,13.0,1,6.6,amoled display
oneplus,69998,12.0,android,256.0,6000,Yes,Yes,Yes,Yes,snapdragon,8.0,50.0,3,32.0,1,6.82,amoled display
iqoo,54999,12.0,android,256.0,6000,Yes,Yes,Yes,Yes,snapdragon,8.0,50.0,3,32.0,1,6.82,amoled display
xiaomi,30999,8.0,android,128.0,6200,Yes,Yes,Yes,Yes,snapdragon,8.0,50.0,3,20.0,1,6.67,amoled display
oneplus,27699,8.0,android,128.0,5500,Yes,Yes,Yes,Yes,snapdragon,8.0,50.0,2,16.0,1,6.74,amoled display
samsung,9499,4.0,android,128.0,5000,Yes,Yes,No,Yes,mediatek,8.0,50.0,2,8.0,1,6.7,lcd display
samsung,24959,8.0,android,128.0,5000,Yes,Yes,Yes,Yes,samsung,8.0,50.0,3,13.0,1,6.6,amoled display
xiaomi,18999,6.0,android,128.0,5110,Yes,Yes,No,Yes,mediatek,8.0,50.0,3,20.0,1,6.67,amoled display
motorola,30290,8.0,android,256.0,4500,Yes,Yes,Yes,Yes,snapdragon,8.0,50.0,3,50.0,1,6.7,amoled display
vivo,94999,16.0,android,512.0,6000,Yes,Yes,Yes,Yes,mediatek,8.0,50.0,3,32.0,1,6.78,amoled display
vivo,26999,8.0,android,128.0,5500,Yes,Yes,No,Yes,mediatek,8.0,50.0,2,50.0,1,6.77,amoled display
samsung,80999,12.0,android,256.0,4000,Yes,Yes,Yes,Yes,snapdragon,8.0,50.0,3,12.0,1,6.2,amoled display
iqoo,22999,8.0,android,128.0,5500,Yes,Yes,No,Yes,snapdragon,8.0,50.0,2,16.0,1,6.77,amoled display
iqoo,19999,8.0,android,128.0,5500,Yes,Yes,No,Yes,mediatek,8.0,50.0,2,16.0,1,6.77,amoled display
motorola,21167,8.0,android,256.0,4310,Yes,Yes,Yes,Yes,mediatek,8.0,50.0,3,32.0,1,6.4,amoled display
vivo,11875,4.0,android,128.0,6000,Yes,Yes,No,Yes,snapdragon,8.0,50.0,2,8.0,1,6.72,lcd display
samsung,103999,12.0,android,256.0,5000,Yes,Yes,Yes,Yes,snapdragon,8.0,200.0,4,12.0,1,6.8,amoled display
vivo,29999,8.0,android,128.0,5500,Yes,Yes,No,Yes,mediatek,8.0,50.0,2,50.0,1,6.78,amoled display
Other,13640,6.0,android,128.0,5000,Yes,Yes,No,Yes,mediatek,8.0,50.0,2,16.0,1,6.67,amoled display
samsung,33350,8.0,android,128.0,5000,Yes,Yes,Yes,Yes,samsung,8.0,50.0,3,32.0,1,6.6,amoled display
realme,14099,6.0,android,128.0,6000,Yes,Yes,No,Yes,mediatek,8.0,50.0,1,8.0,1,6.67,lcd display
samsung,16999,8.0,android,128.0,5000,Yes,Yes,Yes,Yes,mediatek,8.0,50.0,3,13.0,1,6.7,amoled display
realme,13699,6.0,android,128.0,5000,Yes,Yes,No,Yes,mediatek,8.0,50.0,2,16.0,1,6.67,amoled display
xiaomi,19770,8.0,android,128.0,5100,Yes,Yes,No,Yes,snapdragon,8.0,200.0,3,16.0,1,6.67,amoled display
realme,29440,8.0,android,128.0,5500,Yes,Yes,Yes,Yes,snapdragon,8.0,50.0,2,32.0,1,6.78,amoled display
realme,18880,8.0,android,128.0,5200,Yes,Yes,No,Yes,snapdragon,8.0,50.0,2,32.0,1,6.7,oled display
vivo,17244,8.0,android,128.0,5000,Yes,Yes,No,Yes,mediatek,8.0,50.0,2,16.0,1,6.67,amoled display
iqoo,11999,4.0,android,128.0,6000,Yes,Yes,No,Yes,snapdragon,8.0,50.0,2,8.0,1,6.72,lcd display
moto,10638,4.0,android,128.0,5000,Yes,Yes,Yes,Yes,snapdragon,8.0,50.0,2,16.0,1,6.5,lcd display
oppo,31999,8.0,android,128.0,5600,Yes,Yes,Yes,Yes,mediatek,8.0,50.0,3,50.0,1,6.59,amoled display
realme,59999,12.0,android,256.0,5800,Yes,Yes,Yes,Yes,snapdragon,8.0,50.0,3,16.0,1,6.78,amoled display
poco,14299,6.0,android,128.0,5110,Yes,Yes,No,Yes,mediatek,8.0,50.0,2,20.0,1,6.67,amoled display
samsung,36990,8.0,android,128.0,4500,Yes,Yes,Yes,Yes,samsung,8.0,50.0,3,10.0,1,6.4,amoled display
realme,21496,8.0,android,128.0,6000,Yes,Yes,No,Yes,mediatek,8.0,50.0,2,16.0,1,6.77,oled display
xiaomi,24965,8.0,android,128.0,5500,Yes,Yes,No,Yes,mediatek,8.0,50.0,3,20.0,1,6.67,amoled display
samsung,42299,8.0,android,128.0,4700,Yes,Yes,Yes,Yes,samsung,10.0,50.0,3,10.0,1,6.7,amoled display
apple,137900,8.0,ios,256.0,4685,Yes,No,Yes,Yes,apple,6.0,48.0,3,12.0,1,6.9,oled display
xiaomi,9999,4.0,android,64.0,5160,Yes,Yes,No,Yes,snapdragon,8.0,50.0,1,8.0,1,6.88,lcd display
realme,15999,6.0,android,128.0,5000,Yes,Yes,No,Yes,mediatek,8.0,50.0,2,16.0,1,6.67,oled display
vivo,13999,4.0,android,128.0,5500,Yes,Yes,No,Yes,mediatek,8.0,50.0,2,8.0,1,6.68,lcd display
xiaomi,11964,6.0,android,128.0,5030,Yes,Yes,No,Yes,snapdragon,8.0,108.0,2,13.0,1,6.79,lcd display
vivo,49999,8.0,android,256.0,5500,Yes,Yes,No,Yes,mediatek,8.0,50.0,3,50.0,1,6.78,amoled display
samsung,71890,12.0,android,256.0,5000,Yes,Yes,Yes,Yes,snapdragon,8.0,200.0,4,12.0,1,6.8,amoled display
Other,20077,8.0,android,128.0,5000,Yes,Yes,Yes,Yes,mediatek,8.0,50.0,2,32.0,1,6.7,amoled display
moto,14118,8.0,android,128.0,6000,Yes,Yes,No,Yes,mediatek,8.0,50.0,2,16.0,1,6.5,lcd display
poco,26999,8.0,android,256.0,5000,Yes,Yes,Yes,Yes,snapdragon,8.0,50.0,2,20.0,1,6.67,amoled display
poco,19999,8.0,android,128.0,5500,Yes,Yes,No,Yes,mediatek,8.0,50.0,3,20.0,1,6.67,amoled display
vivo,65999,12.0,android,256.0,5800,Yes,Yes,Yes,Yes,mediatek,8.0,50.0,3,32.0,1,6.67,amoled display
oneplus,17998,8.0,android,128.0,5500,Yes,Yes,No,Yes,snapdragon,8.0,50.0,2,16.0,1,6.67,amoled display
xiaomi,22437,8.0,android,256.0,5000,Yes,Yes,Yes,Yes,mediatek,8.0,200.0,3,16.0,1,6.67,amoled display
vivo,21999,8.0,android,128.0,5000,Yes,Yes,No,Yes,snapdragon,8.0,50.0,2,32.0,1,6.67,amoled display
oppo,49999,12.0,android,256.0,5800,Yes,Yes,Yes,Yes,mediatek,8.0,50.0,3,50.0,1,6.83,amoled display
xiaomi,15990,6.0,android,128.0,5000,Yes,Yes,No,Yes,mediatek,8.0,108.0,3,16.0,1,6.67,amoled display
honor,27999,8.0,android,256.0,5200,Yes,Yes,Yes,Yes,snapdragon,8.0,50.0,3,50.0,1,6.7,amoled display
oppo,25999,8.0,android,128.0,5000,Yes,Yes,No,Yes,mediatek,8.0,64.0,2,8.0,1,6.7,amoled display
motorola,23900,8.0,android,256.0,5000,Yes,Yes,Yes,Yes,snapdragon,8.0,50.0,3,32.0,1,6.7,amoled display
iqoo,33999,8.0,android,256.0,5160,Yes,Yes,No,Yes,snapdragon,8.0,50.0,2,16.0,1,6.78,amoled display
poco,19998,8.0,android,256.0,5000,Yes,Yes,Yes,Yes,mediatek,8.0,64.0,3,16.0,1,6.67,amoled display
apple,72400,8.0,ios,128.0,3561,Yes,No,Yes,Yes,apple,6.0,48.0,2,12.0,1,6.1,oled display
samsung,20640,8.0,android,128.0,5000,Yes,Yes,Yes,Yes,snapdragon,8.0,50.0,3,50.0,1,6.7,amoled display
samsung,54500,8.0,android,256.0,4000,Yes,Yes,Yes,Yes,samsung,10.0,50.0,3,12.0,1,6.2,amoled display
vivo,26633,8.0,android,128.0,5000,Yes,Yes,No,Yes,snapdragon,8.0,50.0,2,50.0,1,6.78,amoled display
samsung,74999,8.0,android,128.0,3900,Yes,Yes,Yes,Yes,snapdragon,8.0,50.0,3,12.0,1,6.1,amoled display
oneplus,39180,8.0,android,128.0,5500,Yes,Yes,Yes,Yes,snapdragon,8.0,50.0,3,16.0,1,6.78,oled display
poco,11999,8.0,android,128.0,5000,Yes,Yes,No,Yes,mediatek,8.0,108.0,2,16.0,1,6.67,amoled display
oppo,12824,6.0,android,128.0,5100,Yes,Yes,No,Yes,mediatek,8.0,32.0,2,8.0,1,6.67,lcd display
realme,34950,8.0,android,256.0,5500,Yes,Yes,Yes,Yes,snapdragon,8.0,50.0,3,32.0,1,6.78,amoled display
realme,13999,6.0,android,128.0,6000,Yes,Yes,No,Yes,mediatek,8.0,50.0,2,8.0,1,6.72,lcd display
infinix,22999,8.0,android,256.0,5000,Yes,Yes,Yes,Yes,mediatek,8.0,108.0,3,32.0,1,6.78,amoled display
infinix,18050,8.0,android,256.0,5000,Yes,Yes,Yes,Yes,mediatek,8.0,108.0,3,32.0,1,6.78,amoled display
samsung,11697,4.0,android,128.0,6000,Yes,Yes,No,Yes,mediatek,8.0,50.0,3,13.0,1,6.5,amoled display
apple,61499,6.0,ios,128.0,3349,Yes,No,Yes,Yes,apple,6.0,48.0,2,12.0,1,6.1,oled display
realme,25400,8.0,android,256.0,5200,Yes,Yes,No,Yes,snapdragon,8.0,50.0,3,32.0,1,6.7,oled display
motorola,48489,12.0,android,512.0,4500,Yes,Yes,Yes,Yes,snapdragon,8.0,50.0,3,50.0,1,6.7,amoled display
iqoo,45995,12.0,android,256.0,5000,Yes,Yes,Yes,Yes,snapdragon,8.0,50.0,3,16.0,1,6.78,amoled display
apple,43499,4.0,ios,128.0,3227,Yes,No,Yes,Yes,apple,6.0,12.0,2,12.0,1,6.1,oled display
google,37999,8.0,android,128.0,4492,Yes,Yes,Yes,Yes,google,8.0,64.0,2,13.0,1,6.1,oled display
moto,10349,4.0,android,128.0,5000,Yes,Yes,No,Yes,unisoc,8.0,50.0,2,16.0,1,6.72,lcd display
oneplus,15685,8.0,android,128.0,5000,Yes,Yes,No,Yes,snapdragon,8.0,108.0,3,16.0,1,6.72,lcd display
xiaomi,8499,4.0,android,64.0,5160,Yes,Yes,No,Yes,snapdragon,8.0,50.0,1,5.0,1,6.88,lcd display
oppo,61999,12.0,android,256.0,5630,Yes,Yes,Yes,Yes,mediatek,8.0,50.0,3,32.0,1,6.59,oled display
iqoo,18499,8.0,android,128.0,5000,Yes,Yes,No,Yes,mediatek,8.0,50.0,2,16.0,1,6.67,amoled display
honor,39998,12.0,android,512.0,5200,Yes,Yes,Yes,Yes,snapdragon,8.0,50.0,3,50.0,1,6.78,oled display
samsung,99999,12.0,android,256.0,4900,Yes,Yes,Yes,Yes,snapdragon,8.0,50.0,3,12.0,1,6.7,amoled display
realme,17484,8.0,android,128.0,5000,Yes,Yes,No,Yes,mediatek,8.0,50.0,3,16.0,1,6.67,amoled display
samsung,6299,4.0,android,64.0,5000,Yes,Yes,No,No,mediatek,8.0,50.0,2,8.0,1,6.7,lcd display
realme,18999,8.0,android,128.0,5000,Yes,Yes,No,Yes,snapdragon,8.0,50.0,2,16.0,1,6.7,oled display
moto,7390,4.0,android,64.0,5200,Yes,Yes,No,No,mediatek,8.0,50.0,1,8.0,1,6.67,lcd display
xiaomi,99999,16.0,android,512.0,5000,Yes,Yes,Yes,Yes,snapdragon,8.0,50.0,4,32.0,1,6.73,amoled display
xiaomi,36990,8.0,android,256.0,4700,Yes,Yes,Yes,Yes,snapdragon,8.0,50.0,3,32.0,2,6.55,amoled display
oppo,23860,8.0,android,128.0,5000,Yes,Yes,No,Yes,mediatek,8.0,64.0,3,32.0,1,6.7,amoled display
Other,24580,8.0,android,256.0,5000,Yes,Yes,Yes,Yes,mediatek,8.0,50.0,2,50.0,1,6.7,amoled display
vivo,36798,8.0,android,256.0,5000,Yes,Yes,No,Yes,mediatek,8.0,50.0,3,50.0,1,6.78,amoled display
oppo,29999,12.0,android,256.0,5000,Yes,Yes,Yes,Yes,mediatek,8.0,50.0,3,50.0,1,6.7,amoled display
realme,11999,4.0,android,128.0,5000,Yes,Yes,No,Yes,mediatek,8.0,50.0,2,8.0,1,6.72,lcd display
samsung,61849,12.0,android,256.0,4900,Yes,Yes,Yes,Yes,samsung,10.0,50.0,3,12.0,1,6.7,amoled display
apple,112900,8.0,ios,128.0,3582,Yes,No,Yes,Yes,apple,6.0,48.0,3,12.0,1,6.3,oled display
vivo,25999,8.0,android,128.0,5500,Yes,Yes,No,Yes,snapdragon,8.0,50.0,2,50.0,1,6.78,amoled display
realme,20949,8.0,android,128.0,5200,Yes,Yes,No,Yes,snapdragon,8.0,50.0,3,32.0,1,6.7,oled display
samsung,74999,12.0,android,256.0,5000,Yes,Yes,Yes,Yes,snapdragon,8.0,108.0,4,40.0,1,6.8,amoled display
oneplus,61499,12.0,android,256.0,5400,Yes,Yes,Yes,Yes,snapdragon,8.0,50.0,3,32.0,1,6.82,oled display
oppo,26930,8.0,android,256.0,5000,Yes,Yes,Yes,Yes,mediatek,8.0,50.0,3,32.0,1,6.7,amoled display
oppo,20999,8.0,android,128.0,5000,Yes,Yes,No,Yes,mediatek,8.0,50.0,2,32.0,1,6.67,oled display
samsung,16670,8.0,android,128.0,5000,Yes,Yes,No,Yes,mediatek,8.0,50.0,3,13.0,1,6.5,amoled display
vivo,10044,4.0,android,128.0,5000,Yes,Yes,No,Yes,mediatek,8.0,50.0,2,8.0,1,6.56,lcd display
poco,17998,8.0,android,256.0,5100,Yes,Yes,No,Yes,snapdragon,8.0,64.0,3,16.0,1,6.67,amoled display
oneplus,22390,8.0,android,128.0,5000,Yes,Yes,Yes,Yes,mediatek,8.0,50.0,3,16.0,1,6.74,amoled display
oneplus,18910,8.0,android,128.0,5000,Yes,Yes,Yes,Yes,snapdragon,8.0,50.0,3,16.0,1,6.7,amoled display
poco,8310,4.0,android,64.0,5160,Yes,Yes,No,Yes,snapdragon,8.0,50.0,1,5.0,1,6.88,lcd display
realme,25499,8.0,android,128.0,5000,Yes,Yes,No,Yes,snapdragon,8.0,50.0,3,32.0,1,6.7,amoled display
oneplus,34900,8.0,android,128.0,5000,Yes,Yes,Yes,Yes,snapdragon,8.0,50.0,3,16.0,1,6.74,amoled display
vivo,23599,8.0,android,128.0,5000,Yes,Yes,No,Yes,snapdragon,8.0,50.0,2,32.0,1,6.78,amoled display
Other,31900,8.0,android,128.0,4700,Yes,Yes,Yes,Yes,snapdragon,8.0,50.0,2,32.0,1,6.7,amoled display
oppo,17300,8.0,android,128.0,5100,Yes,Yes,No,Yes,mediatek,8.0,50.0,2,8.0,1,6.67,lcd display
oppo,10998,4.0,android,64.0,5100,Yes,Yes,No,Yes,mediatek,8.0,8.0,1,5.0,1,6.67,lcd display
samsung,6499,4.0,android,64.0,5000,Yes,Yes,No,No,mediatek,8.0,50.0,2,8.0,1,6.7,lcd display
apple,69900,6.0,ios,128.0,4383,Yes,No,Yes,Yes,apple,6.0,48.0,2,12.0,1,6.7,oled display
google,109999,16.0,android,256.0,4700,Yes,Yes,Yes,Yes,google,8.0,50.0,3,42.0,1,6.3,oled display
oppo,14999,6.0,android,128.0,5100,Yes,Yes,No,Yes,mediatek,8.0,50.0,1,5.0,1,6.67,lcd display
vivo,32999,8.0,android,128.0,4600,Yes,Yes,No,Yes,snapdragon,8.0,50.0,3,50.0,1,6.78,amoled display
apple,54400,6.0,ios,128.0,3279,Yes,No,Yes,Yes,apple,6.0,12.0,2,12.0,1,6.1,oled display
google,31999,8.0,android,128.0,4385,Yes,Yes,Yes,Yes,google,8.0,64.0,2,13.0,1,6.1,oled display
poco,5899,4.0,android,64.0,5000,No,Yes,No,No,mediatek,8.0,8.0,2,5.0,1,6.71,lcd display
xiaomi,10999,4.0,android,128.0,5000,Yes,Yes,No,Yes,mediatek,8.0,50.0,2,5.0,1,6.74,lcd display
samsung,34999,8.0,android,128.0,4500,Yes,Yes,Yes,Yes,samsung,8.0,12.0,3,32.0,1,6.4,amoled display
realme,11490,4.0,android,128.0,5000,Yes,Yes,No,Yes,mediatek,8.0,50.0,2,8.0,1,6.72,lcd display
moto,11789,8.0,android,128.0,5000,Yes,Yes,Yes,Yes,snapdragon,8.0,50.0,2,16.0,1,6.5,lcd display
vivo,21999,8.0,android,128.0,4800,Yes,Yes,No,Yes,snapdragon,8.0,64.0,2,16.0,1,6.67,amoled display
infinix,25999,12.0,android,256.0,5000,Yes,Yes,Yes,Yes,mediatek,8.0,108.0,3,50.0,1,6.78,amoled display
realme,17748,8.0,android,128.0,5000,Yes,Yes,No,Yes,mediatek,8.0,50.0,3,16.0,1,6.67,amoled display
xiaomi,8999,4.0,android,128.0,5000,Yes,Yes,No,No,mediatek,8.0,50.0,3,8.0,1,6.74,lcd display
samsung,11990,4.0,android,64.0,5000,Yes,Yes,No,Yes,samsung,8.0,50.0,3,13.0,1,6.6,lcd display
lava,20999,8.0,android,128.0,5000,Yes,Yes,No,Yes,mediatek,8.0,50.0,3,16.0,1,6.78,amoled display
iqoo,10499,4.0,android,128.0,5000,No,Yes,No,Yes,mediatek,8.0,50.0,2,8.0,1,6.56,lcd display
samsung,26995,8.0,android,128.0,5000,Yes,Yes,Yes,Yes,snapdragon,8.0,50.0,3,50.0,1,6.7,amoled display
realme,22999,8.0,android,128.0,5000,Yes,Yes,No,Yes,mediatek,8.0,50.0,2,16.0,1,6.67,oled display
realme,15499,8.0,android,128.0,5000,Yes,Yes,No,Yes,mediatek,8.0,50.0,2,16.0,1,6.67,oled display
samsung,11999,4.0,android,128.0,6000,Yes,Yes,No,Yes,mediatek,8.0,50.0,3,13.0,1,6.5,amoled display
Other,21485,8.0,android,128.0,4500,Yes,Yes,Yes,Yes,snapdragon,8.0,50.0,2,16.0,1,6.55,oled display
honor,19998,8.0,android,256.0,5800,Yes,Yes,Yes,Yes,snapdragon,8.0,108.0,3,16.0,1,6.78,amoled display
tecno,11999,6.0,android,128.0,5000,Yes,Yes,Yes,Yes,mediatek,8.0,108.0,1,8.0,1,6.67,lcd display
oneplus,29999,8.0,android,256.0,5500,Yes,Yes,Yes,Yes,snapdragon,8.0,50.0,2,16.0,1,6.74,amoled display
vivo,16300,8.0,android,128.0,6000,Yes,Yes,No,Yes,snapdragon,8.0,50.0,2,8.0,1,6.72,lcd display
samsung,53900,8.0,android,128.0,3700,Yes,Yes,Yes,Yes,snapdragon,8.0,50.0,3,10.0,1,6.1,amoled display
oppo,99999,16.0,android,512.0,5910,Yes,Yes,Yes,Yes,mediatek,8.0,50.0,4,32.0,1,6.78,oled display
realme,10499,4.0,android,64.0,5000,Yes,Yes,No,Yes,mediatek,8.0,50.0,1,8.0,1,6.67,lcd display
infinix,15999,8.0,android,256.0,5000,Yes,Yes,Yes,Yes,mediatek,8.0,108.0,3,32.0,1,6.78,amoled display
realme,20125,12.0,android,256.0,5200,Yes,Yes,No,Yes,snapdragon,8.0,50.0,2,32.0,1,6.7,oled display
oneplus,66999,8.0,android,128.0,5000,Yes,Yes,Yes,Yes,snapdragon,8.0,48.0,3,32.0,1,6.7,amoled display
apple,43900,4.0,ios,64.0,3110,Yes,No,Yes,No,apple,6.0,12.0,2,12.0,1,6.1,lcd display
poco,29999,12.0,android,256.0,6550,Yes,Yes,Yes,Yes,mediatek,8.0,50.0,2,20.0,1,6.67,amoled display
google,49999,8.0,android,128.0,4575,Yes,Yes,Yes,Yes,google,8.0,50.0,2,10.5,1,6.2,oled display
samsung,8700,4.0,android,64.0,5000,Yes,Yes,No,No,mediatek,8.0,50.0,2,8.0,1,6.7,lcd display
realme,13949,8.0,android,128.0,5000,Yes,Yes,No,Yes,mediatek,8.0,50.0,2,16.0,1,6.72,lcd display
lava,16999,6.0,android,128.0,5000,Yes,Yes,No,Yes,mediatek,8.0,64.0,2,16.0,1,6.67,amoled display
iqoo,18999,8.0,android,128.0,4600,Yes,Yes,No,Yes,mediatek,8.0,64.0,2,16.0,1,6.78,amoled display
apple,82400,8.0,ios,128.0,4674,Yes,No,Yes,Yes,apple,6.0,48.0,2,12.0,1,6.7,oled display
realme,15999,6.0,android,128.0,5000,Yes,Yes,No,Yes,mediatek,8.0,50.0,2,16.0,1,6.67,amoled display
tecno,23999,12.0,android,256.0,5160,Yes,Yes,Yes,Yes,mediatek,8.0,50.0,3,32.0,1,6.8,amoled display
samsung,31999,8.0,android,128.0,4500,Yes,Yes,Yes,Yes,snapdragon,8.0,12.0,3,32.0,1,6.5,amoled display
motorola,23145,12.0,android,256.0,5000,Yes,Yes,Yes,Yes,snapdragon,8.0,50.0,2,32.0,1,6.67,amoled display
apple,128900,8.0,ios,256.0,4441,Yes,No,Yes,Yes,apple,6.0,48.0,3,12.0,1,6.7,oled display
infinix,9999,4.0,android,128.0,5000,Yes,Yes,No,Yes,mediatek,8.0,48.0,2,8.0,1,6.7,lcd display
infinix,12933,8.0,android,256.0,5000,Yes,Yes,Yes,Yes,mediatek,8.0,108.0,2,8.0,1,6.78,lcd display
xiaomi,35998,12.0,android,512.0,6200,Yes,Yes,Yes,Yes,snapdragon,8.0,50.0,3,20.0,1,6.67,amoled display
realme,25999,8.0,android,128.0,5000,Yes,Yes,No,Yes,snapdragon,8.0,50.0,3,16.0,1,6.7,amoled display
samsung,33999,8.0,android,128.0,5000,Yes,Yes,Yes,Yes,samsung,8.0,50.0,3,32.0,1,6.4,amoled display
google,74999,12.0,android,256.0,4700,Yes,Yes,Yes,Yes,google,8.0,50.0,2,10.5,1,6.3,oled display
realme,10499,4.0,android,128.0,5000,Yes,Yes,No,Yes,mediatek,8.0,50.0,1,8.0,1,6.67,lcd display
google,44999,12.0,android,128.0,5000,Yes,Yes,Yes,Yes,google,8.0,50.0,3,10.8,1,6.7,oled display
xiaomi,15999,6.0,android,128.0,5000,Yes,Yes,No,Yes,mediatek,8.0,50.0,3,16.0,1,6.67,amoled display
poco,18999,8.0,android,256.0,5000,Yes,Yes,No,Yes,snapdragon,8.0,64.0,3,16.0,1,6.67,amoled display
xiaomi,22410,8.0,android,128.0,5000,Yes,Yes,Yes,Yes,snapdragon,8.0,108.0,3,16.0,1,6.67,amoled display
moto,14999,8.0,android,128.0,6000,Yes,Yes,No,Yes,mediatek,8.0,50.0,2,16.0,1,6.5,lcd display
infinix,6699,3.0,android,64.0,5000,No,Yes,No,No,mediatek,8.0,13.0,1,8.0,1,6.7,lcd display
xiaomi,11999,4.0,android,128.0,5000,Yes,Yes,No,Yes,snapdragon,8.0,50.0,2,8.0,1,6.79,lcd display
apple,48900,4.0,ios,64.0,2815,Yes,No,Yes,Yes,apple,6.0,12.0,2,12.0,1,6.1,oled display
oppo,30950,12.0,android,256.0,4600,Yes,Yes,Yes,Yes,mediatek,8.0,50.0,3,32.0,1,6.7,amoled display
vivo,26999,8.0,android,128.0,5000,Yes,Yes,No,Yes,snapdragon,8.0,64.0,2,50.0,1,6.78,amoled display
iqoo,59999,16.0,android,512.0,6000,Yes,Yes,Yes,Yes,snapdragon,8.0,50.0,3,32.0,1,6.82,amoled display
samsung,29999,8.0,android,128.0,5000,Yes,Yes,Yes,Yes,snapdragon,8.0,108.0,4,32.0,1,6.7,amoled display
motorola,27700,8.0,android,128.0,5000,Yes,Yes,Yes,Yes,mediatek,8.0,50.0,2,32.0,1,6.55,amoled display
realme,7025,4.0,android,64.0,5000,No,Yes,No,No,unisoc,8.0,32.0,1,5.0,1,6.78,lcd display
vivo,89999,16.0,android,512.0,5400,Yes,Yes,Yes,Yes,mediatek,8.0,50.0,3,32.0,1,6.78,amoled display
samsung,19980,8.0,android,128.0,5000,Yes,Yes,Yes,Yes,samsung,8.0,50.0,3,13.0,1,6.5,amoled display
xiaomi,6180,3.0,android,64.0,5000,No,Yes,No,No,unisoc,8.0,8.0,2,5.0,1,6.71,lcd display
poco,9999,4.0,android,64.0,5000,Yes,Yes,No,Yes,snapdragon,8.0,50.0,2,8.0,1,6.79,lcd display
oneplus,89998,24.0,android,1024.0,6000,Yes,Yes,Yes,Yes,snapdragon,8.0,50.0,3,32.0,1,6.82,amoled display
lava,14999,8.0,android,128.0,5000,Yes,Yes,No,Yes,mediatek,8.0,64.0,3,32.0,1,6.67,amoled display
xiaomi,46999,12.0,android,512.0,4610,Yes,Yes,Yes,Yes,snapdragon,8.0,50.0,3,32.0,1,6.36,amoled display
vivo,12848,4.0,android,128.0,5000,No,Yes,No,Yes,mediatek,8.0,50.0,2,8.0,1,6.56,lcd display
oneplus,24998,8.0,android,256.0,5500,Yes,Yes,No,Yes,snapdragon,8.0,50.0,2,16.0,1,6.7,amoled display
moto,19690,12.0,android,256.0,5000,Yes,Yes,No,Yes,snapdragon,8.0,50.0,2,32.0,1,6.67,amoled display
vivo,9999,4.0,android,64.0,5000,No,Yes,No,Yes,mediatek,8.0,13.0,2,5.0,1,6.56,lcd display
samsung,21999,8.0,android,128.0,5000,Yes,Yes,Yes,Yes,snapdragon,8.0,50.0,3,50.0,1,6.7,amoled display
tecno,29499,12.0,android,512.0,5000,Yes,Yes,Yes,Yes,mediatek,8.0,50.0,3,50.0,1,6.77,amoled display
realme,11990,4.0,android,64.0,4045,No,Yes,No,No,snapdragon,8.0,16.0,2,25.0,1,6.3,lcd display
infinix,8999,8.0,android,256.0,5000,Yes,Yes,Yes,No,unisoc,8.0,50.0,2,32.0,1,6.6,lcd display
oppo,29750,12.0,android,256.0,4600,Yes,Yes,Yes,Yes,snapdragon,8.0,50.0,3,32.0,1,6.7,amoled display
vivo,26989,8.0,android,128.0,4600,Yes,Yes,No,Yes,mediatek,8.0,64.0,2,16.0,1,6.78,amoled display
samsung,12090,6.0,android,128.0,6000,Yes,Yes,No,Yes,mediatek,8.0,50.0,3,13.0,1,6.5,amoled display
Other,17999,8.0,android,256.0,5000,Yes,Yes,No,Yes,snapdragon,8.0,108.0,2,50.0,1,6.56,lcd display
google,33999,8.0,android,128.0,4355,Yes,Yes,Yes,Yes,google,8.0,50.0,2,10.8,1,6.3,oled display
samsung,20799,6.0,android,128.0,5000,Yes,Yes,Yes,Yes,mediatek,8.0,48.0,3,13.0,1,6.6,amoled display
apple,109900,8.0,ios,128.0,3274,Yes,No,Yes,Yes,apple,6.0,48.0,3,12.0,1,6.1,oled display
samsung,142140,12.0,android,256.0,4400,Yes,Yes,Yes,Yes,snapdragon,8.0,50.0,3,10.0,2,7.6,amoled display
oppo,26850,8.0,android,128.0,5000,Yes,Yes,Yes,Yes,mediatek,8.0,50.0,3,32.0,1,6.7,amoled display
moto,15980,12.0,android,256.0,6000,Yes,Yes,No,Yes,mediatek,8.0,50.0,2,16.0,1,6.5,lcd display
apple,99999,6.0,ios,128.0,3200,Yes,No,Yes,Yes,apple,6.0,48.0,3,12.0,1,6.1,oled display
samsung,19499,8.0,android,256.0,6000,Yes,Yes,Yes,Yes,samsung,8.0,50.0,3,13.0,1,6.6,amoled display
realme,8999,6.0,android,64.0,5000,Yes,Yes,No,No,unisoc,8.0,108.0,1,8.0,1,6.74,lcd display
oneplus,30780,8.0,android,128.0,4500,Yes,Yes,Yes,Yes,snapdragon,8.0,48.0,4,16.0,1,6.7,amoled display
oneplus,56999,8.0,android,128.0,5000,Yes,Yes,Yes,Yes,snapdragon,8.0,50.0,3,16.0,1,6.7,amoled display
vivo,24999,8.0,android,256.0,5500,Yes,Yes,No,Yes,snapdragon,8.0,50.0,2,16.0,1,6.77,amoled display
vivo,63999,12.0,android,256.0,5000,Yes,Yes,Yes,Yes,mediatek,8.0,50.0,3,32.0,1,6.78,amoled display
itel,6999,4.0,android,128.0,5000,No,Yes,No,No,unisoc,8.0,50.0,1,8.0,1,6.67,lcd display
oppo,30780,8.0,android,256.0,5000,Yes,Yes,Yes,Yes,mediatek,8.0,64.0,3,32.0,1,6.7,amoled display
realme,10199,4.0,android,128.0,5000,No,Yes,No,Yes,mediatek,8.0,32.0,1,8.0,1,6.67,lcd display
realme,26999,8.0,android,128.0,5000,Yes,Yes,Yes,Yes,snapdragon,8.0,50.0,3,32.0,1,6.7,amoled display
vivo,29499,8.0,android,128.0,4600,Yes,Yes,No,Yes,mediatek,8.0,50.0,3,50.0,1,6.78,amoled display
xiaomi,35999,8.0,android,256.0,4600,Yes,Yes,Yes,Yes,snapdragon,8.0,50.0,3,32.0,1,6.73,amoled display
honor,18999,8.0,android,256.0,4500,Yes,Yes,No,Yes,mediatek,8.0,108.0,3,50.0,1,6.7,amoled display
samsung,59999,12.0,android,256.0,4500,Yes,Yes,Yes,Yes,samsung,8.0,108.0,3,10.0,1,6.9,amoled display
vivo,39999,8.0,android,256.0,4600,Yes,Yes,No,Yes,mediatek,8.0,50.0,3,50.0,1,6.78,amoled display
samsung,10999,4.0,android,128.0,6000,Yes,Yes,No,Yes,mediatek,8.0,50.0,3,13.0,1,6.6,amoled display
Other,15899,8.0,android,128.0,5000,Yes,Yes,No,Yes,mediatek,8.0,50.0,2,16.0,1,6.67,amoled display
vivo,19299,6.0,android,128.0,5000,Yes,Yes,No,Yes,snapdragon,8.0,50.0,2,16.0,1,6.67,amoled display
samsung,8490,4.0,android,64.0,5000,Yes,Yes,No,No,snapdragon,8.0,50.0,3,13.0,1,6.7,lcd display
itel,8949,6.0,android,128.0,5000,Yes,Yes,No,Yes,mediatek,8.0,50.0,1,8.0,1,6.6,lcd display
samsung,44999,12.0,android,128.0,5000,Yes,Yes,Yes,No,samsung,8.0,108.0,3,40.0,1,6.9,amoled display
realme,27999,8.0,android,256.0,5000,Yes,Yes,No,Yes,mediatek,8.0,200.0,3,32.0,1,6.7,amoled display
samsung,7249,4.0,android,64.0,5000,Yes,Yes,No,No,mediatek,8.0,50.0,2,8.0,1,6.7,lcd display
samsung,22999,8.0,android,256.0,5000,Yes,Yes,Yes,Yes,snapdragon,8.0,50.0,3,50.0,1,6.7,amoled display
realme,20999,8.0,android,128.0,5000,Yes,Yes,No,Yes,mediatek,8.0,100.0,2,16.0,1,6.7,amoled display
realme,33999,12.0,android,256.0,6000,Yes,Yes,No,Yes,snapdragon,8.0,50.0,3,32.0,1,6.83,oled display
motorola,29350,12.0,android,256.0,4500,Yes,Yes,Yes,Yes,snapdragon,8.0,50.0,3,50.0,1,6.7,amoled display
vivo,13319,6.0,android,128.0,6000,Yes,Yes,No,Yes,snapdragon,8.0,50.0,2,8.0,1,6.72,lcd display
xiaomi,15499,4.0,android,128.0,5000,Yes,Yes,No,Yes,snapdragon,8.0,48.0,3,13.0,1,6.67,amoled display
honor,89999,12.0,android,512.0,5600,Yes,Yes,Yes,Yes,snapdragon,8.0,50.0,3,50.0,1,6.8,oled display
poco,16299,8.0,android,256.0,5110,Yes,Yes,No,Yes,mediatek,8.0,50.0,2,20.0,1,6.67,amoled display
motorola,34989,8.0,android,256.0,4400,Yes,Yes,Yes,Yes,mediatek,8.0,50.0,2,32.0,1,6.55,amoled display
realme,8499,4.0,android,64.0,5000,Yes,Yes,No,No,unisoc,8.0,50.0,1,8.0,1,6.74,lcd display
samsung,24470,6.0,android,128.0,5000,Yes,Yes,Yes,Yes,samsung,8.0,64.0,4,32.0,1,6.5,amoled display
vivo,40999,12.0,android,256.0,4700,Yes,Yes,Yes,Yes,snapdragon,8.0,50.0,4,32.0,1,6.78,amoled display
poco,9179,4.0,android,128.0,5000,Yes,Yes,No,Yes,mediatek,8.0,50.0,2,5.0,1,6.74,lcd display
vivo,12990,4.0,android,64.0,5000,Yes,Yes,No,No,snapdragon,8.0,13.0,3,8.0,1,6.51,lcd display
tecno,19999,8.0,android,256.0,5000,Yes,Yes,Yes,Yes,mediatek,8.0,50.0,2,50.0,1,6.78,amoled display
iqoo,31999,8.0,android,128.0,5160,Yes,Yes,No,Yes,snapdragon,8.0,50.0,2,16.0,1,6.78,amoled display
moto,10999,4.0,android,128.0,5000,Yes,Yes,No,Yes,snapdragon,8.0,50.0,2,16.0,1,6.5,lcd display
iqoo,13499,6.0,android,128.0,6000,Yes,Yes,No,Yes,snapdragon,8.0,50.0,2,8.0,1,6.72,lcd display
realme,8399,4.0,android,128.0,5000,Yes,Yes,No,No,unisoc,8.0,50.0,1,8.0,1,6.74,lcd display
apple,59900,4.0,ios,64.0,2227,Yes,No,Yes,Yes,apple,6.0,12.0,2,12.0,1,5.4,oled display
xiaomi,9490,6.0,android,64.0,5000,Yes,Yes,No,Yes,mediatek,8.0,50.0,2,16.0,1,6.6,lcd display
xiaomi,11999,6.0,android,128.0,5160,Yes,Yes,No,Yes,snapdragon,8.0,50.0,1,8.0,1,6.88,lcd display
iqoo,24999,8.0,android,256.0,5500,Yes,Yes,No,Yes,snapdragon,8.0,50.0,2,16.0,1,6.77,amoled display
lava,14999,4.0,android,128.0,5000,Yes,Yes,No,Yes,mediatek,8.0,64.0,2,16.0,1,6.67,amoled display
vivo,13999,4.0,android,128.0,5000,No,Yes,No,Yes,mediatek,8.0,50.0,2,8.0,1,6.56,lcd display
realme,22979,12.0,android,512.0,5200,Yes,Yes,No,Yes,snapdragon,8.0,50.0,3,32.0,1,6.7,amoled display
oppo,20999,8.0,android,128.0,4500,Yes,Yes,No,No,snapdragon,8.0,64.0,3,32.0,1,6.43,amoled display
samsung,15499,6.0,android,128.0,5000,Yes,Yes,Yes,Yes,mediatek,8.0,50.0,3,13.0,1,6.7,amoled display
oneplus,28365,8.0,android,128.0,5000,Yes,Yes,Yes,Yes,mediatek,8.0,50.0,3,16.0,1,6.7,amoled display
iqoo,35391,8.0,android,128.0,5000,Yes,Yes,No,Yes,snapdragon,8.0,50.0,3,16.0,1,6.78,amoled display
oneplus,24690,8.0,android,128.0,4500,Yes,Yes,Yes,Yes,snapdragon,8.0,48.0,4,16.0,1,6.55,amoled display
poco,10399,6.0,android,128.0,5160,Yes,Yes,No,No,snapdragon,8.0,48.0,4,20.0,1,6.67,lcd display
samsung,58990,12.0,android,256.0,5000,Yes,Yes,Yes,Yes,samsung,8.0,108.0,4,40.0,1,6.8,amoled display
samsung,15999,6.0,android,128.0,6000,Yes,Yes,Yes,Yes,samsung,8.0,50.0,3,13.0,1,6.5,amoled display
oneplus,28199,8.0,android,128.0,4500,Yes,Yes,Yes,Yes,mediatek,8.0,50.0,3,32.0,1,6.43,amoled display
samsung,60999,8.0,android,256.0,4700,Yes,Yes,Yes,Yes,snapdragon,8.0,50.0,3,12.0,1,6.6,amoled display
samsung,28890,8.0,android,256.0,5000,Yes,Yes,Yes,Yes,samsung,8.0,50.0,3,13.0,1,6.6,amoled display
realme,27500,8.0,android,256.0,5500,Yes,Yes,Yes,Yes,snapdragon,8.0,50.0,2,32.0,1,6.78,amoled display
tecno,25999,8.0,android,256.0,4000,Yes,Yes,Yes,Yes,mediatek,8.0,64.0,2,32.0,1,6.9,amoled display
samsung,22999,8.0,android,256.0,6000,Yes,Yes,Yes,Yes,samsung,8.0,108.0,3,32.0,1,6.7,amoled display
samsung,22999,8.0,android,128.0,4000,Yes,Yes,Yes,Yes,samsung,8.0,12.0,3,10.0,1,6.2,amoled display
google,101999,12.0,android,128.0,5050,Yes,Yes,Yes,Yes,google,8.0,50.0,3,10.5,1,6.7,oled display
nokia,48999,8.0,android,256.0,4200,Yes,Yes,Yes,Yes,snapdragon,8.0,50.0,2,16.0,1,6.43,amoled display
samsung,13299,4.0,android,128.0,6000,Yes,Yes,No,Yes,samsung,8.0,50.0,3,13.0,1,6.6,lcd display
tecno,9499,4.0,android,64.0,5000,Yes,Yes,Yes,Yes,mediatek,8.0,48.0,1,8.0,1,6.67,lcd display
apple,69900,6.0,ios,128.0,4325,Yes,No,Yes,Yes,apple,6.0,12.0,2,12.0,1,6.7,oled display
oneplus,49998,16.0,android,512.0,6000,Yes,Yes,Yes,Yes,snapdragon,8.0,50.0,3,16.0,1,6.78,amoled display
google,4399,6.0,android,128.0,4410,Yes,Yes,Yes,Yes,google,8.0,12.2,2,8.0,1,6.1,oled display
itel,14499,8.0,android,256.0,5000,Yes,Yes,No,No,unisoc,8.0,50.0,1,32.0,1,6.78,amoled display
oneplus,19290,6.0,android,128.0,5000,Yes,Yes,No,Yes,snapdragon,8.0,64.0,3,16.0,1,6.59,lcd display
samsung,11499,6.0,android,128.0,5000,Yes,Yes,No,Yes,mediatek,8.0,50.0,2,8.0,1,6.7,lcd display
tecno,9996,4.0,android,64.0,5000,Yes,Yes,Yes,Yes,mediatek,8.0,48.0,1,8.0,1,6.67,lcd display
apple,99900,6.0,ios,128.0,3095,Yes,No,Yes,Yes,apple,6.0,12.0,3,12.0,1,6.1,oled display
samsung,16499,8.0,android,128.0,6000,Yes,Yes,Yes,Yes,samsung,8.0,50.0,3,13.0,1,6.6,amoled display
vivo,159999,16.0,android,512.0,5700,Yes,Yes,Yes,Yes,snapdragon,8.0,50.0,3,32.0,2,8.03,amoled display
vivo,16999,8.0,android,128.0,5500,Yes,Yes,No,Yes,mediatek,8.0,50.0,2,8.0,1,6.68,lcd display
oppo,32999,12.0,android,256.0,4500,Yes,Yes,Yes,Yes,mediatek,8.0,50.0,3,32.0,1,6.7,amoled display
vivo,8499,4.0,android,64.0,5000,Yes,Yes,No,No,mediatek,8.0,50.0,2,8.0,1,6.56,lcd display
realme,24290,8.0,android,256.0,6000,Yes,Yes,No,Yes,mediatek,8.0,50.0,2,16.0,1,6.77,oled display
oneplus,25999,6.0,android,128.0,4500,Yes,Yes,Yes,Yes,mediatek,8.0,50.0,3,32.0,1,6.43,amoled display
samsung,141999,12.0,android,512.0,5000,Yes,Yes,Yes,Yes,snapdragon,8.0,200.0,4,12.0,1,6.9,amoled display
vivo,11999,4.0,android,128.0,5000,Yes,Yes,No,Yes,mediatek,8.0,50.0,2,8.0,1,6.58,lcd display
tecno,23999,8.0,android,256.0,5160,Yes,Yes,Yes,Yes,mediatek,8.0,64.0,3,32.0,1,6.8,amoled display
iqoo,29999,8.0,android,128.0,5000,Yes,Yes,No,Yes,mediatek,8.0,64.0,3,16.0,1,6.78,amoled display
apple,119900,6.0,ios,128.0,3687,Yes,No,Yes,Yes,apple,6.0,12.0,3,12.0,1,6.7,oled display
honor,37999,8.0,android,256.0,5000,Yes,Yes,Yes,Yes,snapdragon,8.0,200.0,3,50.0,1,6.7,amoled display
vivo,17990,8.0,android,128.0,6000,Yes,Yes,No,Yes,snapdragon,8.0,50.0,2,8.0,1,6.72,lcd display
tecno,19999,8.0,android,256.0,6000,Yes,Yes,No,Yes,mediatek,8.0,108.0,3,32.0,1,6.78,amoled display
poco,18580,12.0,android,256.0,5000,Yes,Yes,No,Yes,snapdragon,8.0,64.0,3,16.0,1,6.67,amoled display
oppo,17999,8.0,android,128.0,5000,Yes,Yes,No,Yes,mediatek,8.0,50.0,2,8.0,1,6.56,lcd display
realme,15209,8.0,android,128.0,6000,Yes,Yes,No,Yes,mediatek,8.0,50.0,1,8.0,1,6.67,lcd display
moto,7999,4.0,android,128.0,6000,Yes,Yes,No,No,mediatek,8.0,50.0,2,16.0,1,6.56,lcd display
infinix,28999,12.0,android,512.0,5000,Yes,Yes,Yes,Yes,mediatek,8.0,108.0,3,50.0,1,6.78,amoled display
realme,16999,6.0,android,128.0,5000,Yes,Yes,No,Yes,mediatek,8.0,108.0,2,8.0,1,6.72,lcd display
oneplus,24600,8.0,android,128.0,4115,Yes,Yes,Yes,Yes,snapdragon,8.0,48.0,4,32.0,2,6.44,amoled display
Other,3899,4.0,android,32.0,3000,No,Yes,No,No,snapdragon,8.0,21.0,1,8.0,1,5.2,lcd display
oppo,25334,8.0,android,128.0,4500,Yes,Yes,Yes,Yes,mediatek,8.0,50.0,3,32.0,1,6.4,amoled display
xiaomi,18464,8.0,android,256.0,5100,Yes,Yes,No,Yes,snapdragon,8.0,200.0,3,16.0,1,6.67,amoled display
vivo,23299,8.0,android,128.0,4830,Yes,Yes,No,Yes,mediatek,8.0,64.0,3,32.0,1,6.56,amoled display
oppo,18190,8.0,android,128.0,5000,Yes,Yes,No,Yes,mediatek,8.0,50.0,2,8.0,1,6.72,lcd display
samsung,19999,8.0,android,256.0,5000,Yes,Yes,Yes,Yes,mediatek,8.0,50.0,3,13.0,1,6.7,amoled display
samsung,13499,8.0,android,128.0,6000,Yes,Yes,No,Yes,mediatek,8.0,50.0,3,13.0,1,6.6,amoled display
apple,99900,6.0,ios,128.0,4352,Yes,No,Yes,Yes,apple,6.0,12.0,3,12.0,1,6.7,oled display
samsung,11499,6.0,android,128.0,7000,Yes,Yes,Yes,No,snapdragon,8.0,64.0,4,32.0,1,6.7,amoled display
realme,65999,16.0,android,512.0,5800,Yes,Yes,Yes,Yes,snapdragon,8.0,50.0,3,16.0,1,6.78,amoled display
xiaomi,9499,4.0,android,128.0,5160,Yes,Yes,No,Yes,snapdragon,8.0,50.0,1,5.0,1,6.88,lcd display
samsung,39499,12.0,android,256.0,5000,Yes,Yes,Yes,Yes,samsung,8.0,50.0,3,32.0,1,6.6,amoled display
vivo,19945,8.0,android,128.0,5000,Yes,Yes,No,Yes,mediatek,8.0,50.0,2,16.0,1,6.58,lcd display
samsung,165999,12.0,android,1024.0,5000,Yes,Yes,Yes,Yes,snapdragon,8.0,200.0,4,12.0,1,6.9,amoled display
samsung,89999,12.0,android,256.0,4000,Yes,Yes,Yes,Yes,snapdragon,8.0,50.0,2,10.0,1,6.7,amoled display
infinix,11590,8.0,android,128.0,5000,Yes,Yes,No,Yes,mediatek,8.0,48.0,3,16.0,1,6.78,lcd display
infinix,48999,8.0,android,512.0,4720,Yes,Yes,Yes,Yes,mediatek,8.0,50.0,2,50.0,1,6.9,amoled display
vivo,44490,8.0,android,256.0,4810,Yes,Yes,Yes,Yes,mediatek,8.0,50.0,3,32.0,1,6.78,amoled display
poco,8499,4.0,android,128.0,5000,Yes,Yes,No,No,mediatek,8.0,50.0,2,8.0,1,6.74,lcd display
realme,36999,8.0,android,128.0,4500,Yes,Yes,Yes,Yes,snapdragon,8.0,64.0,3,16.0,1,6.43,amoled display
apple,35990,3.0,ios,64.0,1821,No,Yes,Yes,No,apple,6.0,12.0,1,7.0,1,4.7,lcd display
vivo,28499,8.0,android,128.0,4600,Yes,Yes,No,Yes,mediatek,8.0,50.0,3,50.0,1,6.78,amoled display
apple,127999,6.0,ios,128.0,4323,Yes,No,Yes,Yes,apple,6.0,48.0,3,12.0,1,6.7,oled display
oppo,46990,12.0,android,256.0,4500,Yes,Yes,Yes,Yes,mediatek,8.0,64.0,4,32.0,1,6.55,amoled display
poco,11999,8.0,android,128.0,5030,Yes,Yes,No,Yes,snapdragon,8.0,108.0,2,13.0,1,6.79,lcd display
infinix,13022,12.0,android,256.0,5000,Yes,Yes,Yes,Yes,mediatek,8.0,108.0,2,8.0,1,6.78,lcd display
samsung,29999,8.0,android,128.0,3400,Yes,Yes,Yes,No,samsung,8.0,12.0,3,10.0,1,6.1,amoled display
oppo,25490,8.0,android,128.0,4300,Yes,Yes,Yes,Yes,mediatek,8.0,64.0,3,32.0,1,6.43,amoled display
oppo,38390,12.0,android,256.0,4700,Yes,Yes,Yes,Yes,snapdragon,8.0,50.0,3,32.0,1,6.74,amoled display
xiaomi,18999,6.0,android,128.0,4520,Yes,Yes,No,Yes,snapdragon,8.0,48.0,3,20.0,1,6.67,amoled display
realme,18998,6.0,android,128.0,5000,Yes,Yes,No,Yes,mediatek,8.0,108.0,3,16.0,1,6.7,amoled display
samsung,15449,6.0,android,128.0,5000,Yes,Yes,No,Yes,snapdragon,8.0,50.0,4,8.0,1,6.6,lcd display
motorola,49999,12.0,android,256.0,5000,Yes,Yes,Yes,Yes,snapdragon,8.0,108.0,3,25.0,1,6.7,oled display
xiaomi,16999,8.0,android,256.0,5000,Yes,Yes,No,Yes,mediatek,8.0,108.0,3,16.0,1,6.67,amoled display
samsung,39999,12.0,android,256.0,4300,Yes,Yes,Yes,No,samsung,8.0,12.0,3,10.0,1,6.8,amoled display
samsung,14490,4.0,android,128.0,6000,Yes,Yes,No,Yes,samsung,8.0,50.0,2,13.0,1,6.6,lcd display
samsung,25999,6.0,android,128.0,5000,Yes,Yes,Yes,Yes,samsung,8.0,48.0,4,13.0,1,6.4,amoled display
poco,19990,6.0,android,128.0,4500,Yes,Yes,Yes,Yes,snapdragon,8.0,64.0,3,20.0,1,6.67,amoled display
vivo,28900,8.0,android,256.0,5500,Yes,Yes,No,Yes,mediatek,8.0,50.0,2,50.0,1,6.77,amoled display
oneplus,32999,12.0,android,256.0,5500,Yes,Yes,Yes,Yes,snapdragon,8.0,50.0,2,16.0,1,6.74,amoled display
samsung,21999,6.0,android,128.0,7000,Yes,Yes,Yes,No,samsung,8.0,64.0,4,32.0,1,6.7,amoled display
xiaomi,23590,8.0,android,256.0,4980,Yes,Yes,No,Yes,mediatek,8.0,200.0,3,16.0,1,6.67,amoled display
samsung,94990,12.0,android,256.0,4400,Yes,Yes,Yes,Yes,snapdragon,8.0,50.0,3,10.0,2,7.6,amoled display
realme,8990,4.0,android,64.0,5000,Yes,Yes,No,No,mediatek,8.0,64.0,2,8.0,1,6.72,lcd display
tecno,12999,6.0,android,128.0,7000,Yes,Yes,No,No,mediatek,8.0,50.0,2,8.0,1,6.9,lcd display
iqoo,26999,12.0,android,256.0,5500,Yes,Yes,No,Yes,snapdragon,8.0,50.0,2,16.0,1,6.77,amoled display
vivo,23499,8.0,android,128.0,5000,Yes,Yes,No,Yes,snapdragon,8.0,64.0,2,16.0,1,6.78,amoled display
vivo,15999,6.0,android,128.0,4500,Yes,Yes,No,Yes,snapdragon,8.0,64.0,2,16.0,1,6.38,amoled display
xiaomi,6949,3.0,android,64.0,5000,No,Yes,No,No,mediatek,8.0,8.0,2,5.0,1,6.7,lcd display
samsung,20999,6.0,android,128.0,5000,Yes,Yes,No,Yes,mediatek,8.0,108.0,4,32.0,1,6.7,amoled display
samsung,12999,4.0,android,128.0,5000,Yes,Yes,Yes,Yes,snapdragon,8.0,50.0,3,8.0,1,6.6,tft display
motorola,54999,8.0,android,256.0,4200,Yes,Yes,Yes,Yes,mediatek,8.0,50.0,2,32.0,1,6.9,amoled display
samsung,52999,8.0,android,128.0,4500,Yes,Yes,Yes,Yes,snapdragon,8.0,50.0,3,10.0,1,6.6,amoled display
xiaomi,14990,6.0,android,64.0,4500,Yes,Yes,No,No,mediatek,8.0,64.0,4,20.0,1,6.53,lcd display
google,124999,16.0,android,256.0,5060,Yes,Yes,Yes,Yes,google,8.0,50.0,3,42.0,1,6.8,oled display
vivo,33999,8.0,android,128.0,4500,Yes,Yes,Yes,Yes,mediatek,8.0,50.0,3,32.0,1,6.78,amoled display
xiaomi,8999,4.0,android,64.0,4000,Yes,Yes,No,No,snapdragon,8.0,48.0,4,13.0,1,6.3,lcd display
samsung,14990,4.0,android,64.0,4000,Yes,Yes,No,No,samsung,8.0,25.0,3,25.0,1,6.4,amoled display
tecno,89999,12.0,android,512.0,5750,Yes,Yes,Yes,Yes,mediatek,8.0,50.0,3,32.0,2,7.85,amoled display
xiaomi,15790,6.0,android,64.0,5020,Yes,Yes,No,No,snapdragon,8.0,64.0,4,16.0,1,6.67,amoled display
samsung,14999,6.0,android,128.0,5000,Yes,Yes,No,No,snapdragon,8.0,50.0,4,8.0,1,6.6,lcd display
motorola,118890,12.0,android,512.0,4000,Yes,Yes,Yes,Yes,snapdragon,8.0,50.0,2,32.0,1,6.9,amoled display
tecno,6299,3.0,android,64.0,5000,Yes,Yes,No,No,mediatek,8.0,13.0,1,8.0,1,6.67,lcd display
moto,8999,4.0,android,64.0,5000,Yes,Yes,No,No,unisoc,8.0,16.0,1,5.0,1,6.56,lcd display
xiaomi,23799,6.0,android,128.0,5080,Yes,Yes,No,Yes,mediatek,8.0,64.0,3,16.0,1,6.6,lcd display
apple,78939,6.0,ios,128.0,2815,Yes,No,Yes,Yes,apple,6.0,12.0,3,12.0,1,6.1,oled display
samsung,92999,12.0,android,512.0,4000,Yes,Yes,Yes,Yes,snapdragon,8.0,50.0,3,12.0,1,6.2,amoled display
samsung,16980,6.0,android,128.0,5000,Yes,Yes,No,Yes,mediatek,8.0,50.0,3,13.0,1,6.5,amoled display
itel,5999,3.0,android,64.0,5000,No,Yes,No,No,unisoc,8.0,8.0,1,5.0,1,6.6,lcd display
realme,15499,6.0,android,128.0,5000,Yes,Yes,No,Yes,snapdragon,8.0,108.0,2,16.0,1,6.72,lcd display
realme,19090,12.0,android,256.0,5000,Yes,Yes,No,Yes,mediatek,8.0,50.0,2,16.0,1,6.67,oled display
vivo,15490,4.0,android,128.0,5000,Yes,Yes,No,Yes,snapdragon,8.0,50.0,3,16.0,1,6.58,lcd display
iqoo,29999,8.0,android,128.0,4700,Yes,Yes,No,Yes,snapdragon,8.0,64.0,3,16.0,1,6.62,amoled display
oppo,8999,4.0,android,64.0,5100,Yes,Yes,No,No,snapdragon,8.0,8.0,1,5.0,1,6.67,lcd display
oppo,13999,4.0,android,128.0,5000,Yes,Yes,No,Yes,mediatek,8.0,13.0,2,8.0,1,6.56,lcd display
realme,10949,4.0,android,128.0,5000,Yes,Yes,No,Yes,mediatek,8.0,50.0,2,8.0,1,6.72,lcd display
vivo,17990,8.0,android,128.0,4500,Yes,Yes,No,Yes,mediatek,8.0,64.0,3,16.0,1,6.38,amoled display
realme,31490,8.0,android,256.0,6000,Yes,Yes,No,Yes,snapdragon,8.0,50.0,3,32.0,1,6.83,oled display
realme,44800,16.0,android,512.0,5500,Yes,Yes,Yes,Yes,snapdragon,8.0,50.0,3,32.0,1,6.78,amoled display
vivo,59990,12.0,android,256.0,4870,Yes,Yes,Yes,Yes,mediatek,8.0,50.0,3,32.0,1,6.78,amoled display
apple,34990,4.0,ios,64.0,2018,Yes,Yes,Yes,Yes,apple,6.0,12.0,1,7.0,1,4.7,lcd display
iqoo,17990,8.0,android,128.0,6000,Yes,Yes,No,Yes,snapdragon,8.0,50.0,2,8.0,1,6.72,lcd display
samsung,26999,12.0,android,256.0,5000,Yes,Yes,Yes,Yes,snapdragon,8.0,50.0,3,50.0,1,6.7,amoled display
tecno,12999,8.0,android,128.0,5000,Yes,Yes,Yes,Yes,mediatek,8.0,48.0,1,8.0,1,6.67,lcd display
oneplus,25798,8.0,android,128.0,4500,Yes,Yes,Yes,Yes,snapdragon,8.0,48.0,3,16.0,1,6.55,amoled display
poco,12680,6.0,android,64.0,5000,Yes,Yes,No,Yes,snapdragon,8.0,64.0,3,16.0,1,6.67,amoled display
xiaomi,11990,4.0,android,64.0,5000,Yes,Yes,No,No,snapdragon,8.0,48.0,4,13.0,1,6.43,amoled display
vivo,23599,8.0,android,256.0,5000,Yes,Yes,No,Yes,snapdragon,8.0,50.0,2,32.0,1,6.67,amoled display
realme,7498,4.0,android,64.0,5000,No,Yes,No,No,unisoc,8.0,32.0,1,5.0,1,6.74,lcd display
vivo,15239,8.0,android,128.0,4000,Yes,Yes,No,No,snapdragon,8.0,64.0,3,44.0,1,6.44,amoled display
oneplus,17999,6.0,android,128.0,4500,Yes,Yes,Yes,Yes,mediatek,8.0,64.0,3,16.0,1,6.43,amoled display
tecno,17999,8.0,android,128.0,5000,Yes,Yes,Yes,Yes,mediatek,8.0,64.0,3,32.0,1,6.67,amoled display
samsung,14999,8.0,android,128.0,6000,Yes,Yes,No,Yes,mediatek,8.0,50.0,3,13.0,1,6.5,amoled display
poco,26999,12.0,android,256.0,5000,Yes,Yes,Yes,Yes,snapdragon,8.0,50.0,2,20.0,1,6.67,amoled display
infinix,21644,12.0,android,256.0,4600,Yes,Yes,Yes,Yes,mediatek,8.0,108.0,3,32.0,1,6.78,amoled display
vivo,47990,8.0,android,256.0,4315,Yes,Yes,No,Yes,snapdragon,8.0,48.0,4,32.0,1,6.56,amoled display
Other,24999,6.0,android,128.0,4200,No,Yes,Yes,No,hisilicon,8.0,40.0,3,24.0,1,6.39,oled display
vivo,15900,4.0,android,128.0,5000,Yes,Yes,No,No,mediatek,8.0,16.0,3,16.0,1,6.53,lcd display
apple,87900,4.0,ios,64.0,3969,Yes,No,Yes,No,apple,6.0,12.0,3,12.0,1,6.5,oled display
samsung,28999,8.0,android,128.0,4500,Yes,Yes,Yes,No,samsung,8.0,12.0,3,32.0,1,6.5,amoled display
iqoo,21999,8.0,android,256.0,5500,Yes,Yes,No,Yes,mediatek,8.0,50.0,2,16.0,1,6.77,amoled display
nokia,11999,6.0,android,128.0,5000,Yes,Yes,No,Yes,snapdragon,8.0,50.0,3,8.0,1,6.56,lcd display
samsung,33389,8.0,android,256.0,4500,Yes,Yes,Yes,Yes,snapdragon,8.0,12.0,3,32.0,1,6.4,amoled display
oneplus,19888,8.0,android,128.0,3800,Yes,Yes,Yes,No,snapdragon,8.0,48.0,3,16.0,1,6.55,amoled display
google,31999,6.0,android,128.0,3140,Yes,Yes,Yes,No,snapdragon,8.0,12.2,1,8.0,1,5.81,oled display
realme,29999,12.0,android,1024.0,5000,Yes,Yes,No,Yes,mediatek,8.0,100.0,2,16.0,1,6.7,amoled display
apple,60000,3.0,ios,64.0,2716,No,No,Yes,No,apple,6.0,12.0,2,7.0,1,5.8,oled display
samsung,11999,6.0,android,128.0,6000,Yes,Yes,No,Yes,mediatek,8.0,50.0,3,13.0,1,6.6,amoled display
oneplus,22989,6.0,android,128.0,4500,Yes,Yes,Yes,Yes,snapdragon,8.0,64.0,3,16.0,1,6.43,amoled display
xiaomi,21999,8.0,android,256.0,5110,Yes,Yes,No,Yes,mediatek,8.0,50.0,3,20.0,1,6.67,amoled display
motorola,27990,8.0,android,128.0,4800,Yes,Yes,Yes,Yes,snapdragon,8.0,50.0,3,60.0,1,6.7,amoled display
realme,9999,4.0,android,64.0,5000,Yes,Yes,No,No,mediatek,8.0,50.0,2,16.0,1,6.4,amoled display
itel,7899,4.0,android,64.0,5000,Yes,Yes,No,Yes,mediatek,8.0,50.0,2,8.0,1,6.6,lcd display
infinix,10225,8.0,android,128.0,5000,Yes,Yes,No,Yes,mediatek,8.0,48.0,1,8.0,1,6.7,lcd display
realme,15195,8.0,android,128.0,5000,Yes,Yes,No,Yes,mediatek,8.0,50.0,2,16.0,1,6.67,amoled display
oppo,35750,8.0,android,256.0,5600,Yes,Yes,Yes,Yes,mediatek,8.0,50.0,3,50.0,1,6.59,amoled display
realme,21650,8.0,android,128.0,5000,Yes,Yes,Yes,Yes,mediatek,8.0,50.0,3,16.0,1,6.7,amoled display
infinix,21990,8.0,android,256.0,5000,Yes,Yes,Yes,Yes,mediatek,8.0,108.0,3,32.0,1,6.67,amoled display
vivo,10999,4.0,android,64.0,5000,Yes,Yes,No,No,mediatek,8.0,13.0,2,8.0,1,6.51,lcd display
Other,2599,12.0,android,256.0,5000,Yes,Yes,Yes,Yes,mediatek,8.0,50.0,2,50.0,1,6.7,amoled display
oneplus,76998,16.0,android,512.0,6000,Yes,Yes,Yes,Yes,snapdragon,8.0,50.0,3,32.0,1,6.82,amoled display
oppo,19800,8.0,android,256.0,5000,Yes,Yes,No,Yes,snapdragon,8.0,64.0,3,32.0,1,6.72,lcd display
vivo,18999,8.0,android,256.0,5500,Yes,Yes,No,Yes,mediatek,8.0,50.0,2,8.0,1,6.68,lcd display
oppo,15999,6.0,android,128.0,4015,Yes,Yes,No,No,snapdragon,8.0,16.0,4,16.0,1,6.44,amoled display
oneplus,20998,8.0,android,256.0,5500,Yes,Yes,No,Yes,snapdragon,8.0,50.0,2,16.0,1,6.67,amoled display
vivo,11798,6.0,android,128.0,5000,Yes,Yes,No,Yes,mediatek,8.0,50.0,2,8.0,1,6.56,lcd display
iqoo,50999,16.0,android,512.0,5000,Yes,Yes,Yes,Yes,snapdragon,8.0,50.0,3,16.0,1,6.78,amoled display
xiaomi,9999,6.0,android,64.0,5000,Yes,Yes,No,No,mediatek,8.0,64.0,4,13.0,1,6.43,amoled display
vivo,31999,8.0,android,256.0,5500,Yes,Yes,No,Yes,mediatek,8.0,50.0,2,50.0,1,6.78,amoled display
oppo,27990,8.0,android,128.0,4800,Yes,Yes,Yes,Yes,snapdragon,8.0,108.0,3,32.0,1,6.7,amoled display
realme,34540,12.0,android,256.0,5500,Yes,Yes,Yes,Yes,snapdragon,8.0,50.0,3,32.0,1,6.78,amoled display
moto,16999,12.0,android,256.0,5000,Yes,Yes,Yes,Yes,snapdragon,8.0,50.0,2,16.0,1,6.55,amoled display
xiaomi,17990,6.0,android,128.0,5000,Yes,Yes,No,Yes,snapdragon,8.0,108.0,3,16.0,1,6.67,amoled display
apple,89900,4.0,ios,64.0,2658,No,No,Yes,No,apple,6.0,12.0,2,7.0,1,5.8,oled display
oppo,10294,4.0,android,64.0,5000,Yes,Yes,No,No,mediatek,8.0,13.0,3,16.0,1,6.51,lcd display
xiaomi,10999,4.0,android,64.0,5020,Yes,Yes,No,No,snapdragon,8.0,48.0,4,16.0,1,6.67,lcd display
apple,177900,8.0,ios,1024.0,4685,Yes,No,Yes,Yes,apple,6.0,48.0,3,12.0,1,6.9,oled display
oppo,8990,2.0,android,16.0,4230,No,Yes,No,No,snapdragon,8.0,13.0,2,8.0,1,6.2,lcd display
vivo,33499,8.0,android,128.0,4450,Yes,Yes,No,Yes,mediatek,8.0,50.0,4,32.0,1,6.56,amoled display
vivo,55999,12.0,android,512.0,5500,Yes,Yes,No,Yes,mediatek,8.0,50.0,3,50.0,1,6.78,amoled display
motorola,22999,8.0,android,128.0,4400,Yes,Yes,Yes,Yes,snapdragon,8.0,50.0,3,32.0,1,6.55,amoled display
vivo,15499,6.0,android,128.0,5500,Yes,Yes,No,Yes,mediatek,8.0,50.0,2,8.0,1,6.68,lcd display
lava,15499,8.0,android,256.0,5000,Yes,Yes,No,Yes,mediatek,8.0,64.0,3,32.0,1,6.67,amoled display
oppo,21990,8.0,android,128.0,4310,Yes,Yes,No,Yes,mediatek,8.0,48.0,4,16.0,1,6.43,amoled display
vivo,29490,8.0,android,128.0,4300,Yes,Yes,No,Yes,mediatek,8.0,108.0,3,50.0,2,6.56,amoled display
poco,16499,6.0,android,128.0,5000,Yes,Yes,No,Yes,snapdragon,8.0,108.0,3,16.0,1,6.67,amoled display
vivo,36999,8.0,android,256.0,5500,Yes,Yes,No,Yes,snapdragon,8.0,50.0,2,50.0,1,6.78,amoled display
samsung,39999,8.0,android,128.0,4500,Yes,Yes,Yes,No,samsung,8.0,12.0,3,10.0,1,6.7,amoled display
samsung,36998,8.0,android,256.0,5000,Yes,Yes,Yes,Yes,samsung,8.0,50.0,3,32.0,1,6.6,amoled display
tecno,15999,8.0,android,128.0,5000,Yes,Yes,Yes,Yes,mediatek,8.0,108.0,2,8.0,1,6.78,lcd display
infinix,7299,4.0,android,64.0,5000,No,Yes,No,No,mediatek,8.0,50.0,1,8.0,1,6.6,lcd display
samsung,23749,6.0,android,128.0,5000,Yes,Yes,Yes,Yes,snapdragon,8.0,64.0,3,32.0,1,6.7,amoled display
xiaomi,9895,4.0,android,128.0,5000,Yes,Yes,No,No,mediatek,8.0,50.0,3,8.0,1,6.79,lcd display
xiaomi,24199,12.0,android,256.0,5000,Yes,Yes,Yes,Yes,mediatek,8.0,200.0,3,16.0,1,6.67,amoled display
asus,94999,16.0,android,512.0,5500,Yes,Yes,Yes,Yes,snapdragon,8.0,50.0,3,32.0,1,6.78,amoled display
realme,30999,12.0,android,256.0,5500,Yes,Yes,Yes,Yes,snapdragon,8.0,50.0,2,32.0,1,6.78,amoled display
asus,32999,12.0,android,256.0,6000,Yes,Yes,Yes,Yes,snapdragon,8.0,64.0,3,24.0,1,6.78,amoled display
realme,14490,4.0,android,128.0,5000,Yes,Yes,No,No,mediatek,8.0,64.0,4,16.0,1,6.4,amoled display
samsung,154999,12.0,android,256.0,4400,Yes,Yes,Yes,Yes,snapdragon,8.0,50.0,3,10.0,2,7.6,amoled display
Other,37899,6.0,android,256.0,11000,Yes,Yes,Yes,Yes,mediatek,8.0,64.0,3,32.0,1,6.6,lcd display
poco,27999,12.0,android,512.0,5000,Yes,Yes,Yes,Yes,mediatek,8.0,64.0,3,16.0,1,6.67,amoled display
oneplus,41999,6.0,android,128.0,4300,Yes,Yes,Yes,Yes,snapdragon,8.0,48.0,3,16.0,1,6.55,amoled display
honor,32999,12.0,android,512.0,5200,Yes,Yes,Yes,Yes,snapdragon,8.0,50.0,3,50.0,1,6.7,amoled display
tecno,9999,8.0,android,128.0,5000,Yes,Yes,No,No,mediatek,8.0,50.0,2,32.0,1,6.6,lcd display
samsung,18490,6.0,android,128.0,4000,Yes,Yes,Yes,No,samsung,8.0,48.0,4,32.0,1,6.5,amoled display
xiaomi,32189,8.0,android,256.0,6200,Yes,Yes,Yes,Yes,snapdragon,8.0,50.0,3,20.0,1,6.67,amoled display
samsung,49000,8.0,android,128.0,4800,Yes,Yes,Yes,Yes,samsung,8.0,12.0,3,10.0,1,6.7,amoled display
lava,6099,3.0,android,64.0,5000,No,Yes,No,No,unisoc,8.0,13.0,1,5.0,1,6.75,lcd display
vivo,22985,8.0,android,128.0,4500,Yes,Yes,No,Yes,mediatek,8.0,64.0,3,50.0,1,6.44,amoled display
Other,2799,0.5,other,4.0,2000,No,Yes,No,No,snapdragon,8.0,0.3,1,0.3,1,2.4,tft display
samsung,33999,8.0,android,128.0,4000,Yes,Yes,Yes,No,samsung,8.0,12.0,3,10.0,1,6.2,amoled display
samsung,51999,8.0,android,256.0,3900,Yes,Yes,Yes,Yes,snapdragon,8.0,50.0,3,12.0,1,6.1,amoled display
samsung,29999,8.0,android,256.0,5000,Yes,Yes,Yes,Yes,snapdragon,8.0,50.0,3,50.0,1,6.7,amoled display
xiaomi,12990,8.0,android,128.0,5030,Yes,Yes,No,Yes,snapdragon,8.0,108.0,2,13.0,1,6.79,lcd display
oneplus,33899,8.0,android,128.0,4800,Yes,Yes,Yes,Yes,snapdragon,8.0,50.0,3,16.0,1,6.7,amoled display
infinix,22999,8.0,android,256.0,5000,Yes,Yes,Yes,Yes,mediatek,8.0,108.0,3,50.0,1,6.78,amoled display
nokia,9699,4.0,android,128.0,5000,Yes,Yes,No,Yes,snapdragon,8.0,50.0,3,8.0,1,6.56,lcd display
iqoo,35999,12.0,android,256.0,5160,Yes,Yes,No,Yes,snapdragon,8.0,50.0,2,16.0,1,6.78,amoled display
samsung,59800,8.0,android,256.0,3700,Yes,Yes,Yes,Yes,snapdragon,8.0,12.0,2,10.0,1,6.7,amoled display
oppo,9990,4.0,android,64.0,5000,Yes,Yes,No,No,snapdragon,8.0,13.0,3,16.0,1,6.5,lcd display
oneplus,99998,16.0,android,512.0,4805,Yes,Yes,Yes,Yes,snapdragon,8.0,48.0,3,20.0,2,7.82,amoled display
honor,15999,4.0,android,128.0,4000,No,Yes,No,No,hisilicon,8.0,48.0,3,16.0,1,6.59,lcd display
xiaomi,12000,4.0,android,64.0,5000,Yes,Yes,No,No,snapdragon,8.0,50.0,4,13.0,1,6.43,amoled display
moto,13799,6.0,android,128.0,6000,Yes,Yes,Yes,No,snapdragon,8.0,108.0,3,32.0,1,6.8,lcd display
realme,11999,6.0,android,128.0,5000,Yes,Yes,No,Yes,mediatek,8.0,64.0,2,8.0,1,6.72,lcd display
samsung,39999,8.0,android,128.0,4500,Yes,Yes,Yes,No,snapdragon,8.0,48.0,3,32.0,1,6.7,amoled display
samsung,30999,6.0,android,128.0,4500,Yes,Yes,Yes,Yes,snapdragon,8.0,64.0,4,32.0,1,6.5,amoled display
realme,19999,8.0,android,128.0,5000,Yes,Yes,No,Yes,mediatek,8.0,64.0,2,16.0,1,6.43,amoled display
realme,11499,4.0,android,128.0,5000,Yes,Yes,No,Yes,mediatek,8.0,50.0,2,8.0,1,6.72,lcd display
lava,10999,6.0,android,128.0,5000,Yes,Yes,No,Yes,mediatek,8.0,50.0,2,8.0,1,6.56,lcd display
Other,45999,12.0,android,512.0,4700,Yes,Yes,Yes,Yes,snapdragon,8.0,50.0,2,32.0,1,6.7,amoled display
apple,58490,4.0,ios,128.0,2406,Yes,No,Yes,Yes,apple,6.0,12.0,2,12.0,1,5.4,oled display
xiaomi,13430,6.0,android,128.0,5000,Yes,Yes,No,No,mediatek,8.0,108.0,4,16.0,1,6.67,amoled display
oppo,17499,8.0,android,256.0,4000,No,Yes,No,No,mediatek,8.0,48.0,4,16.0,1,6.5,amoled display
poco,20999,12.0,android,512.0,5100,Yes,Yes,No,Yes,snapdragon,8.0,64.0,3,16.0,1,6.67,amoled display
oppo,9999,4.0,android,64.0,5000,No,Yes,No,No,mediatek,8.0,50.0,2,5.0,1,6.56,lcd display
vivo,15890,6.0,android,128.0,4700,Yes,Yes,No,Yes,snapdragon,8.0,64.0,3,16.0,1,6.44,amoled display
apple,109900,4.0,ios,64.0,3174,No,No,Yes,No,apple,6.0,12.0,2,7.0,1,6.5,oled display
oneplus,22999,8.0,android,128.0,4500,Yes,Yes,Yes,Yes,snapdragon,8.0,48.0,4,16.0,1,6.55,amoled display
oppo,11390,4.0,android,128.0,5000,Yes,Yes,No,No,mediatek,8.0,50.0,2,5.0,1,6.56,lcd display
samsung,65999,8.0,android,256.0,4700,Yes,Yes,Yes,Yes,samsung,10.0,50.0,3,10.0,1,6.7,amoled display
oppo,22990,8.0,android,128.0,4350,Yes,Yes,No,Yes,mediatek,8.0,64.0,4,32.0,1,6.55,amoled display
vivo,18000,8.0,android,128.0,5000,No,Yes,No,No,snapdragon,8.0,13.0,4,16.0,1,6.53,lcd display
xiaomi,9899,4.0,android,64.0,6000,Yes,Yes,No,No,snapdragon,8.0,48.0,4,8.0,1,6.53,lcd display
oneplus,24990,6.0,android,128.0,4000,No,Yes,Yes,No,snapdragon,8.0,48.0,3,16.0,1,6.67,amoled display
samsung,49999,8.0,android,128.0,3300,Yes,Yes,Yes,Yes,snapdragon,8.0,12.0,2,10.0,1,6.7,amoled display
tecno,13999,8.0,android,256.0,5000,Yes,Yes,Yes,Yes,mediatek,8.0,108.0,1,8.0,1,6.67,lcd display
xiaomi,9970,4.0,android,64.0,4030,Yes,Yes,No,No,snapdragon,8.0,48.0,3,32.0,1,6.08,amoled display
samsung,17999,6.0,android,128.0,6000,Yes,Yes,Yes,Yes,samsung,8.0,50.0,4,8.0,1,6.6,tft display
xiaomi,19999,8.0,android,128.0,5110,Yes,Yes,No,Yes,mediatek,8.0,50.0,3,20.0,1,6.67,amoled display
samsung,9149,4.0,android,64.0,6000,Yes,Yes,No,No,mediatek,8.0,48.0,4,13.0,1,6.4,amoled display
oppo,9799,2.0,android,32.0,4230,No,Yes,No,No,mediatek,8.0,13.0,2,8.0,1,6.2,lcd display
oneplus,42999,16.0,android,256.0,5500,Yes,Yes,Yes,Yes,snapdragon,8.0,50.0,3,16.0,1,6.78,oled display
realme,27999,12.0,android,512.0,5200,Yes,Yes,No,Yes,snapdragon,8.0,50.0,2,32.0,1,6.7,oled display
apple,37999,3.0,ios,64.0,2942,No,No,Yes,No,apple,6.0,12.0,1,7.0,1,6.1,lcd display
oppo,18990,8.0,android,128.0,4000,Yes,Yes,No,No,mediatek,8.0,48.0,4,16.0,1,6.4,amoled display
poco,13400,6.0,android,128.0,5000,Yes,Yes,No,Yes,snapdragon,8.0,48.0,3,13.0,1,6.67,amoled display
xiaomi,9599,4.0,android,64.0,4000,No,Yes,No,No,snapdragon,8.0,48.0,2,13.0,1,6.3,lcd display
vivo,24999,6.0,android,64.0,3400,No,Yes,No,No,snapdragon,8.0,12.0,2,25.0,1,6.41,amoled display
xiaomi,42999,12.0,android,512.0,4700,Yes,Yes,Yes,Yes,snapdragon,8.0,50.0,3,32.0,2,6.55,amoled display
vivo,33999,12.0,android,256.0,5500,Yes,Yes,No,Yes,mediatek,8.0,50.0,2,50.0,1,6.78,amoled display
oppo,13990,8.0,android,128.0,4310,Yes,Yes,No,No,mediatek,8.0,48.0,4,16.0,1,6.43,amoled display
motorola,18999,8.0,android,128.0,4000,Yes,Yes,Yes,Yes,snapdragon,8.0,108.0,3,32.0,1,6.7,oled display
iqoo,18999,6.0,android,128.0,4500,Yes,Yes,No,Yes,mediatek,8.0,64.0,2,16.0,1,6.38,amoled display
honor,27999,12.0,android,512.0,5000,Yes,Yes,Yes,Yes,snapdragon,8.0,200.0,3,50.0,1,6.7,amoled display
vivo,11988,4.0,android,128.0,5000,Yes,Yes,No,No,snapdragon,8.0,50.0,3,16.0,1,6.44,amoled display
samsung,17999,6.0,android,128.0,6000,Yes,Yes,Yes,Yes,samsung,8.0,50.0,3,13.0,1,6.5,amoled display
moto,7789,4.0,android,64.0,5000,No,Yes,No,No,unisoc,8.0,50.0,1,5.0,1,6.6,lcd display
samsung,111999,12.0,android,512.0,4900,Yes,Yes,Yes,Yes,snapdragon,8.0,50.0,3,12.0,1,6.7,amoled display
poco,6999,6.0,android,128.0,5000,No,Yes,No,No,mediatek,8.0,8.0,2,5.0,1,6.71,lcd display
poco,11990,6.0,android,64.0,6000,Yes,Yes,No,No,snapdragon,8.0,64.0,4,20.0,1,6.67,lcd display
samsung,39990,8.0,android,256.0,4500,Yes,Yes,Yes,Yes,samsung,8.0,50.0,3,10.0,1,6.4,amoled display
samsung,27208,6.0,android,128.0,4050,Yes,No,Yes,Yes,mediatek,8.0,50.0,1,5.0,1,6.6,lcd display
apple,93900,8.0,ios,256.0,4674,Yes,No,Yes,Yes,apple,6.0,48.0,2,12.0,1,6.7,oled display
oppo,54999,12.0,android,512.0,5800,Yes,Yes,Yes,Yes,mediatek,8.0,50.0,3,50.0,1,6.83,amoled display
xiaomi,17490,6.0,android,128.0,5000,Yes,Yes,Yes,Yes,snapdragon,8.0,64.0,3,20.0,1,6.67,lcd display
samsung,32999,12.0,android,256.0,5000,Yes,Yes,Yes,Yes,snapdragon,8.0,50.0,3,50.0,1,6.7,amoled display
samsung,30000,8.0,android,256.0,5000,Yes,Yes,Yes,Yes,samsung,8.0,64.0,4,32.0,1,6.5,amoled display
Other,35999,12.0,android,256.0,4600,Yes,Yes,Yes,Yes,snapdragon,8.0,108.0,3,50.0,1,6.55,amoled display
tecno,72908,4.0,android,128.0,5000,Yes,Yes,No,No,unisoc,8.0,13.0,1,8.0,1,6.67,lcd display
oppo,10499,4.0,android,64.0,5000,No,Yes,No,No,mediatek,8.0,13.0,3,8.0,1,6.52,lcd display
realme,19160,8.0,android,256.0,5000,Yes,Yes,No,Yes,mediatek,8.0,50.0,3,16.0,1,6.67,amoled display
xiaomi,22499,12.0,android,256.0,5100,Yes,Yes,No,Yes,snapdragon,8.0,200.0,3,16.0,1,6.67,amoled display
xiaomi,15290,6.0,android,64.0,5020,Yes,Yes,No,No,snapdragon,8.0,64.0,4,32.0,1,6.67,lcd display
realme,22969,6.0,android,128.0,5000,Yes,Yes,Yes,Yes,snapdragon,8.0,64.0,3,16.0,1,6.62,amoled display
poco,6999,4.0,android,64.0,5000,No,Yes,No,No,mediatek,8.0,50.0,2,5.0,1,6.71,lcd display
realme,18999,8.0,android,128.0,5000,Yes,Yes,No,Yes,mediatek,8.0,108.0,2,16.0,1,6.72,lcd display
infinix,9898,8.0,android,128.0,5000,Yes,Yes,No,No,mediatek,8.0,50.0,2,16.0,1,6.7,amoled display
vivo,41999,12.0,android,512.0,5500,Yes,Yes,No,Yes,snapdragon,8.0,50.0,2,50.0,1,6.78,amoled display
vivo,71999,16.0,android,512.0,5800,Yes,Yes,Yes,Yes,mediatek,8.0,50.0,3,32.0,1,6.67,amoled display
iqoo,15499,4.0,android,128.0,5000,Yes,Yes,No,Yes,snapdragon,8.0,50.0,3,16.0,1,6.58,lcd display
xiaomi,10999,4.0,android,128.0,5160,Yes,Yes,No,Yes,snapdragon,8.0,50.0,1,8.0,1,6.88,lcd display
realme,26999,6.0,android,128.0,4300,Yes,Yes,Yes,Yes,snapdragon,8.0,64.0,3,32.0,1,6.43,amoled display
oppo,79999,16.0,android,512.0,5630,Yes,Yes,Yes,Yes,mediatek,8.0,50.0,3,32.0,1,6.59,oled display
realme,14400,6.0,android,128.0,5000,Yes,Yes,No,No,snapdragon,8.0,108.0,3,16.0,1,6.4,amoled display
samsung,11999,6.0,android,128.0,5000,Yes,Yes,No,No,snapdragon,8.0,50.0,3,13.0,1,6.7,lcd display
vivo,17994,8.0,android,128.0,4200,Yes,Yes,No,Yes,mediatek,8.0,64.0,3,50.0,2,6.44,amoled display
vivo,29990,8.0,android,128.0,4300,Yes,Yes,No,Yes,snapdragon,8.0,48.0,3,32.0,1,6.56,amoled display
oppo,19999,8.0,android,256.0,5100,Yes,Yes,No,Yes,mediatek,8.0,50.0,2,8.0,1,6.67,lcd display
samsung,29999,6.0,android,64.0,3300,Yes,Yes,Yes,No,samsung,8.0,12.0,2,8.0,1,6.3,amoled display
samsung,23999,8.0,android,256.0,5000,Yes,Yes,Yes,Yes,snapdragon,8.0,50.0,3,50.0,1,6.7,amoled display
iqoo,14918,6.0,android,128.0,4500,Yes,Yes,No,Yes,snapdragon,8.0,64.0,2,16.0,1,6.38,amoled display
samsung,121999,12.0,android,512.0,5000,Yes,Yes,Yes,Yes,snapdragon,8.0,200.0,4,12.0,1,6.8,amoled display
vivo,17200,4.0,android,128.0,4500,Yes,Yes,No,No,mediatek,8.0,16.0,3,32.0,1,6.38,amoled display
oppo,15999,8.0,android,256.0,5100,Yes,Yes,No,Yes,mediatek,8.0,32.0,2,8.0,1,6.67,lcd display
realme,11490,6.0,android,64.0,5000,Yes,Yes,No,No,mediatek,8.0,64.0,4,16.0,1,6.5,lcd display
xiaomi,69999,12.0,android,256.0,5000,Yes,Yes,Yes,Yes,snapdragon,8.0,50.0,3,20.0,1,6.81,amoled display
realme,9999,4.0,android,128.0,5000,Yes,Yes,No,Yes,mediatek,8.0,50.0,1,8.0,1,6.67,lcd display
lava,17999,8.0,android,128.0,5000,Yes,Yes,No,Yes,mediatek,8.0,64.0,2,16.0,1,6.67,amoled display
oneplus,34999,8.0,android,128.0,4500,Yes,Yes,Yes,Yes,snapdragon,8.0,50.0,3,16.0,1,6.62,amoled display
poco,10280,6.0,android,64.0,5000,Yes,Yes,No,No,mediatek,8.0,64.0,3,16.0,1,6.43,amoled display
Other,22932,8.0,android,256.0,5000,Yes,Yes,Yes,Yes,mediatek,8.0,50.0,2,32.0,1,6.7,amoled display
vivo,22599,8.0,android,128.0,4500,Yes,Yes,No,Yes,snapdragon,8.0,64.0,3,16.0,1,6.38,amoled display
samsung,13399,4.0,android,64.0,6000,Yes,Yes,No,No,mediatek,8.0,64.0,4,20.0,1,6.4,amoled display
xiaomi,74990,12.0,android,256.0,4820,Yes,Yes,No,Yes,snapdragon,8.0,50.0,3,32.0,1,6.73,amoled display
samsung,13999,4.0,android,64.0,6000,Yes,Yes,No,No,samsung,8.0,48.0,3,16.0,1,6.4,amoled display
vivo,9499,4.0,android,64.0,5000,Yes,Yes,No,No,mediatek,8.0,50.0,2,8.0,1,6.56,lcd display
realme,11440,8.0,android,128.0,5000,No,Yes,No,Yes,mediatek,8.0,32.0,1,8.0,1,6.67,lcd display
samsung,12999,4.0,android,64.0,6000,Yes,Yes,No,No,samsung,8.0,48.0,3,20.0,1,6.4,amoled display
samsung,11999,6.0,android,64.0,6000,Yes,Yes,No,No,samsung,8.0,64.0,4,32.0,1,6.4,amoled display
motorola,32990,8.0,android,128.0,4610,Yes,Yes,Yes,Yes,snapdragon,8.0,200.0,3,60.0,1,6.67,amoled display
vivo,13999,3.0,android,32.0,5000,No,Yes,No,No,mediatek,8.0,13.0,2,5.0,1,6.51,lcd display
oppo,9394,4.0,android,64.0,4230,No,Yes,No,No,mediatek,8.0,13.0,3,8.0,1,6.52,lcd display
realme,21999,6.0,android,128.0,4500,Yes,Yes,No,Yes,mediatek,8.0,50.0,3,16.0,1,6.4,amoled display
oppo,17999,8.0,android,128.0,4500,Yes,Yes,No,Yes,snapdragon,8.0,64.0,3,16.0,1,6.43,amoled display
oppo,27999,8.0,android,256.0,5000,Yes,Yes,No,Yes,mediatek,8.0,64.0,2,8.0,1,6.7,amoled display
iqoo,11499,6.0,android,128.0,5000,No,Yes,No,Yes,mediatek,8.0,50.0,2,8.0,1,6.56,lcd display
oneplus,39890,8.0,android,128.0,4510,Yes,Yes,Yes,Yes,snapdragon,8.0,48.0,4,16.0,1,6.78,amoled display
oppo,13490,6.0,android,128.0,5000,Yes,Yes,No,No,snapdragon,8.0,50.0,3,16.0,1,6.59,lcd display
nokia,16999,8.0,android,256.0,5000,Yes,Yes,No,Yes,snapdragon,8.0,50.0,3,8.0,1,6.56,lcd display
oneplus,39998,8.0,android,256.0,5500,Yes,Yes,Yes,Yes,snapdragon,8.0,50.0,3,16.0,1,6.78,oled display
realme,11999,6.0,android,128.0,5000,Yes,Yes,No,Yes,snapdragon,8.0,48.0,3,16.0,1,6.6,lcd display
realme,16999,8.0,android,128.0,5000,Yes,Yes,No,Yes,mediatek,8.0,50.0,2,16.0,1,6.67,oled display
oneplus,29990,6.0,android,128.0,3700,No,Yes,Yes,No,snapdragon,8.0,16.0,2,16.0,1,6.41,amoled display
xiaomi,6990,4.0,android,64.0,5000,No,Yes,No,No,mediatek,8.0,13.0,1,5.0,1,6.53,lcd display
poco,10449,4.0,android,64.0,5000,Yes,Yes,No,No,snapdragon,8.0,48.0,4,16.0,1,6.67,lcd display
realme,10999,4.0,android,64.0,5000,Yes,Yes,No,No,snapdragon,8.0,50.0,3,16.0,1,6.6,lcd display
oneplus,21644,8.0,android,256.0,5000,Yes,Yes,No,Yes,snapdragon,8.0,108.0,3,16.0,1,6.72,lcd display
xiaomi,5999,2.0,android,16.0,3000,No,Yes,No,No,snapdragon,4.0,13.0,1,5.0,1,5.0,lcd display
oneplus,17990,6.0,android,128.0,3700,No,Yes,Yes,No,snapdragon,8.0,48.0,2,16.0,1,6.41,amoled display
samsung,7870,6.0,android,128.0,5000,Yes,Yes,No,No,mediatek,8.0,50.0,2,8.0,1,6.7,lcd display
micromax,5750,6.0,android,64.0,5000,No,Yes,No,No,unisoc,8.0,13.0,2,5.0,1,6.52,lcd display
oppo,27490,12.0,android,256.0,4500,Yes,Yes,Yes,Yes,mediatek,8.0,50.0,3,32.0,1,6.55,amoled display
oppo,9870,4.0,android,64.0,5000,No,Yes,No,No,mediatek,8.0,8.0,2,5.0,1,6.56,lcd display
samsung,28990,8.0,android,256.0,5000,Yes,Yes,Yes,Yes,samsung,8.0,50.0,3,32.0,1,6.4,amoled display
xiaomi,19999,6.0,android,128.0,4000,No,Yes,No,No,snapdragon,8.0,48.0,3,20.0,1,6.39,amoled display
samsung,10999,4.0,android,64.0,5000,Yes,Yes,No,No,samsung,8.0,48.0,4,13.0,1,6.5,lcd display
xiaomi,19990,6.0,android,128.0,5160,Yes,Yes,No,Yes,mediatek,8.0,108.0,3,16.0,1,6.67,amoled display
realme,8990,4.0,android,64.0,5000,Yes,Yes,No,No,unisoc,8.0,50.0,3,8.0,1,6.6,lcd display
realme,28605,12.0,android,512.0,5200,Yes,Yes,No,Yes,snapdragon,8.0,50.0,3,32.0,1,6.7,oled display
poco,23999,8.0,android,256.0,5500,Yes,Yes,No,Yes,mediatek,8.0,50.0,3,20.0,1,6.67,amoled display
poco,19998,12.0,android,256.0,5100,Yes,Yes,No,Yes,snapdragon,8.0,64.0,3,16.0,1,6.67,amoled display
iqoo,22990,8.0,android,128.0,4400,Yes,Yes,Yes,Yes,snapdragon,8.0,48.0,3,16.0,1,6.62,amoled display
samsung,9499,6.0,android,128.0,6000,Yes,Yes,No,No,samsung,8.0,64.0,4,32.0,1,6.5,amoled display
tecno,14999,8.0,android,128.0,5000,Yes,Yes,Yes,Yes,mediatek,8.0,50.0,2,16.0,1,6.78,lcd display
vivo,15990,8.0,android,128.0,4050,Yes,Yes,No,No,mediatek,8.0,50.0,3,44.0,1,6.44,amoled display
poco,12090,6.0,android,64.0,4000,No,Yes,No,No,snapdragon,8.0,12.0,2,20.0,1,6.18,lcd display
samsung,24999,8.0,android,128.0,5000,Yes,Yes,Yes,Yes,mediatek,8.0,48.0,3,13.0,1,6.6,amoled display
Other,37899,8.0,android,256.0,11000,Yes,Yes,Yes,Yes,mediatek,8.0,64.0,2,32.0,1,6.6,lcd display
motorola,24999,12.0,android,256.0,5000,Yes,Yes,Yes,Yes,mediatek,8.0,50.0,2,32.0,1,6.55,amoled display
xiaomi,22799,6.0,android,128.0,4250,Yes,Yes,Yes,Yes,snapdragon,8.0,64.0,3,20.0,1,6.55,amoled display
xiaomi,7419,4.0,android,64.0,5000,No,Yes,No,No,mediatek,8.0,50.0,2,5.0,1,6.71,lcd display
moto,11999,8.0,android,128.0,5000,Yes,Yes,No,Yes,snapdragon,8.0,50.0,2,16.0,1,6.5,lcd display
samsung,12649,4.0,android,64.0,5000,Yes,Yes,No,No,mediatek,8.0,48.0,4,8.0,1,6.5,lcd display
vivo,18989,8.0,android,128.0,4500,Yes,Yes,No,No,snapdragon,8.0,48.0,4,32.0,1,6.38,amoled display
infinix,24999,12.0,android,256.0,5000,Yes,Yes,Yes,Yes,mediatek,8.0,108.0,3,32.0,1,6.78,amoled display
xiaomi,26450,8.0,android,256.0,5500,Yes,Yes,No,Yes,mediatek,8.0,50.0,3,20.0,1,6.67,amoled display
xiaomi,9996,4.0,android,64.0,5020,Yes,Yes,No,No,mediatek,8.0,48.0,4,13.0,1,6.53,lcd display
xiaomi,23490,8.0,android,128.0,5000,Yes,Yes,Yes,Yes,snapdragon,8.0,108.0,3,20.0,1,6.67,lcd display
oppo,7999,3.0,android,32.0,4230,No,Yes,No,No,mediatek,8.0,13.0,3,5.0,1,6.52,lcd display
samsung,24990,6.0,android,64.0,3500,No,Yes,Yes,No,samsung,8.0,12.0,2,8.0,1,6.2,amoled display
oneplus,149999,16.0,android,1024.0,4805,Yes,Yes,Yes,Yes,snapdragon,8.0,48.0,3,20.0,2,7.82,amoled display
Other,4549,2.0,other,32.0,3500,No,Yes,No,No,snapdragon,4.0,13.0,1,8.0,1,5.45,lcd display
oppo,25990,8.0,android,256.0,4500,Yes,Yes,Yes,Yes,mediatek,8.0,64.0,3,32.0,1,6.43,amoled display
vivo,19490,8.0,android,128.0,4500,Yes,Yes,No,No,snapdragon,8.0,48.0,4,32.0,2,6.44,amoled display
xiaomi,7777,4.0,android,64.0,6000,Yes,Yes,No,No,snapdragon,8.0,50.0,2,5.0,1,6.7,lcd display
oneplus,49999,16.0,android,256.0,5500,Yes,Yes,Yes,Yes,snapdragon,8.0,50.0,3,16.0,1,6.78,oled display
samsung,44990,8.0,android,256.0,4300,Yes,Yes,Yes,No,samsung,8.0,12.0,3,10.0,1,6.7,amoled display
vivo,46999,12.0,android,512.0,5000,Yes,Yes,No,Yes,mediatek,8.0,50.0,3,50.0,1,6.78,amoled display
apple,106600,4.0,ios,64.0,3046,Yes,No,Yes,No,apple,6.0,12.0,3,12.0,1,5.8,oled display
vivo,22494,8.0,android,128.0,4000,Yes,Yes,No,Yes,snapdragon,8.0,64.0,3,44.0,2,6.44,amoled display
oppo,10990,4.0,android,64.0,5000,Yes,Yes,No,No,mediatek,8.0,50.0,3,16.0,1,6.51,lcd display
poco,17999,12.0,android,256.0,5000,Yes,Yes,No,Yes,mediatek,8.0,108.0,2,16.0,1,6.67,amoled display
vivo,20499,8.0,android,256.0,5000,Yes,Yes,No,Yes,mediatek,8.0,50.0,2,16.0,1,6.67,amoled display
samsung,40999,8.0,android,256.0,4500,Yes,Yes,Yes,Yes,snapdragon,8.0,50.0,3,10.0,1,6.6,amoled display
vivo,14499,4.0,android,64.0,5000,Yes,Yes,No,No,mediatek,8.0,50.0,2,8.0,1,6.55,lcd display
realme,39999,12.0,android,512.0,5500,Yes,Yes,Yes,Yes,snapdragon,8.0,50.0,2,32.0,1,6.78,amoled display
realme,15899,8.0,android,256.0,5000,Yes,Yes,No,Yes,mediatek,8.0,50.0,2,16.0,1,6.72,lcd display
oppo,23940,8.0,android,128.0,4025,Yes,Yes,No,No,mediatek,8.0,64.0,4,44.0,2,6.4,amoled display
vivo,11000,6.0,android,128.0,5000,Yes,Yes,No,No,mediatek,8.0,50.0,2,8.0,1,6.64,lcd display
oppo,16490,8.0,android,128.0,4500,Yes,Yes,No,Yes,snapdragon,8.0,64.0,3,16.0,1,6.43,amoled display
moto,9590,4.0,android,64.0,5000,No,Yes,No,No,mediatek,8.0,50.0,3,13.0,1,6.4,amoled display
infinix,24990,8.0,android,256.0,4500,Yes,Yes,No,Yes,mediatek,8.0,200.0,3,32.0,1,6.8,amoled display
itel,10999,8.0,android,128.0,5000,Yes,Yes,No,No,mediatek,8.0,108.0,2,8.0,1,6.56,lcd display
oppo,18990,8.0,android,128.0,4000,No,Yes,No,No,mediatek,8.0,48.0,4,16.0,1,6.5,amoled display
lg,32999,8.0,android,128.0,4000,Yes,Yes,Yes,Yes,snapdragon,8.0,64.0,3,32.0,1,6.8,amoled display
realme,24999,8.0,android,128.0,5000,Yes,Yes,Yes,Yes,snapdragon,8.0,50.0,3,16.0,1,6.62,amoled display
xiaomi,12290,4.0,android,64.0,5000,Yes,Yes,No,Yes,mediatek,8.0,48.0,3,8.0,1,6.5,lcd display
poco,9999,4.0,android,128.0,5000,Yes,Yes,No,Yes,snapdragon,8.0,50.0,2,8.0,1,6.79,lcd display
infinix,6289,3.0,android,64.0,5000,No,Yes,No,No,unisoc,8.0,13.0,2,8.0,1,6.6,lcd display
oppo,16990,6.0,android,64.0,3500,Yes,Yes,No,No,mediatek,8.0,16.0,2,25.0,1,6.3,lcd display
oppo,74999,12.0,android,256.0,4300,Yes,Yes,Yes,Yes,mediatek,8.0,50.0,3,32.0,1,6.8,amoled display
iqoo,19999,8.0,android,256.0,4600,Yes,Yes,No,Yes,mediatek,8.0,64.0,2,16.0,1,6.78,amoled display
xiaomi,28999,12.0,android,512.0,5000,Yes,Yes,Yes,Yes,mediatek,8.0,200.0,3,16.0,1,6.67,amoled display
apple,79900,6.0,ios,256.0,4383,Yes,No,Yes,Yes,apple,6.0,48.0,2,12.0,1,6.7,oled display
samsung,21494,8.0,android,128.0,4500,Yes,Yes,Yes,No,snapdragon,8.0,64.0,4,32.0,1,6.7,amoled display
xiaomi,11990,6.0,android,128.0,4250,Yes,Yes,Yes,No,snapdragon,8.0,64.0,3,16.0,1,6.55,amoled display
iqoo,13699,4.0,android,64.0,5000,Yes,Yes,No,Yes,snapdragon,8.0,50.0,2,8.0,1,6.58,lcd display
iqoo,23999,12.0,android,256.0,5500,Yes,Yes,No,Yes,mediatek,8.0,50.0,2,16.0,1,6.77,amoled display
oneplus,39999,8.0,android,256.0,4085,Yes,Yes,Yes,No,snapdragon,8.0,48.0,3,16.0,1,6.67,amoled display
xiaomi,10490,6.0,android,64.0,5000,Yes,Yes,No,No,mediatek,8.0,64.0,4,13.0,1,6.43,amoled display
iqoo,59999,8.0,android,256.0,5000,Yes,Yes,Yes,Yes,snapdragon,8.0,50.0,3,16.0,1,6.78,amoled display
vivo,14994,8.0,android,128.0,4000,Yes,Yes,No,No,mediatek,8.0,64.0,3,16.0,1,6.44,amoled display
samsung,6999,3.0,android,32.0,5000,No,Yes,No,No,unisoc,8.0,48.0,2,5.0,1,6.5,lcd display
vivo,9450,3.0,android,32.0,5000,No,Yes,No,No,snapdragon,8.0,13.0,2,8.0,1,6.35,lcd display
samsung,18999,6.0,android,128.0,5000,Yes,Yes,No,Yes,mediatek,8.0,48.0,3,8.0,1,6.6,tft display
oppo,9989,3.0,android,64.0,5000,No,Yes,No,No,snapdragon,8.0,12.0,4,8.0,1,6.5,lcd display
poco,9999,6.0,android,64.0,6000,Yes,Yes,No,No,snapdragon,8.0,48.0,3,8.0,1,6.53,lcd display
oppo,23950,8.0,android,256.0,5000,Yes,Yes,No,Yes,mediatek,8.0,64.0,3,32.0,1,6.7,amoled display
poco,11999,6.0,android,64.0,4500,Yes,Yes,No,No,snapdragon,8.0,64.0,4,20.0,2,6.67,lcd display
nokia,4999,2.0,android,16.0,3000,No,Yes,No,No,unisoc,8.0,5.0,1,5.0,1,5.45,lcd display
vivo,25990,12.0,android,256.0,4830,Yes,Yes,No,Yes,mediatek,8.0,64.0,3,32.0,1,6.56,amoled display
oppo,7499,3.0,android,64.0,5000,No,Yes,No,No,mediatek,8.0,8.0,1,5.0,1,6.56,lcd display
infinix,15999,8.0,android,256.0,5000,Yes,Yes,Yes,Yes,mediatek,8.0,108.0,3,16.0,1,6.78,lcd display
poco,33999,12.0,android,512.0,5000,Yes,Yes,Yes,Yes,snapdragon,8.0,50.0,2,20.0,1,6.67,amoled display
realme,8498,6.0,android,128.0,5000,No,Yes,No,No,unisoc,8.0,32.0,1,5.0,1,6.74,lcd display
samsung,14999,6.0,android,128.0,4500,Yes,Yes,Yes,No,snapdragon,8.0,64.0,4,32.0,1,6.5,amoled display
samsung,9449,4.0,android,64.0,6000,Yes,Yes,No,No,samsung,8.0,48.0,4,8.0,1,6.5,lcd display
oppo,17990,8.0,android,128.0,4015,Yes,Yes,No,No,mediatek,8.0,48.0,4,16.0,2,6.43,amoled display
realme,7999,4.0,android,64.0,5000,Yes,Yes,No,No,unisoc,8.0,50.0,2,5.0,1,6.74,lcd display
apple,70999,6.0,ios,256.0,3349,Yes,No,Yes,Yes,apple,6.0,48.0,2,12.0,1,6.1,oled display
samsung,176999,12.0,android,512.0,4400,Yes,Yes,Yes,Yes,snapdragon,8.0,50.0,3,10.0,2,7.6,amoled display
Other,14499,6.0,android,128.0,5000,Yes,Yes,No,Yes,unisoc,8.0,50.0,2,50.0,1,6.67,oled display
apple,39900,2.0,ios,64.0,1821,No,Yes,Yes,No,apple,6.0,12.0,1,7.0,1,4.7,lcd display
samsung,18990,6.0,android,128.0,5000,Yes,Yes,Yes,No,mediatek,8.0,48.0,4,20.0,1,6.4,amoled display
itel,7999,8.0,android,256.0,5000,Yes,Yes,Yes,No,unisoc,8.0,50.0,1,8.0,1,6.6,lcd display
iqoo,30990,8.0,android,128.0,4500,Yes,Yes,Yes,Yes,snapdragon,8.0,48.0,3,16.0,1,6.62,amoled display
realme,29999,8.0,android,128.0,4500,Yes,Yes,Yes,Yes,mediatek,8.0,64.0,3,16.0,1,6.43,amoled display
tecno,24999,8.0,android,512.0,5000,Yes,Yes,Yes,Yes,mediatek,8.0,50.0,3,32.0,1,6.67,amoled display
oppo,16999,8.0,android,128.0,5000,Yes,Yes,No,No,snapdragon,8.0,50.0,2,8.0,1,6.56,lcd display
google,172999,16.0,android,256.0,4650,Yes,Yes,Yes,Yes,google,8.0,48.0,3,10.0,2,8.0,oled display
samsung,11999,4.0,android,128.0,4000,Yes,Yes,Yes,No,samsung,8.0,48.0,3,32.0,1,6.4,amoled display
vivo,16490,6.0,android,128.0,5000,Yes,Yes,No,No,snapdragon,8.0,48.0,3,16.0,1,6.58,lcd display
realme,10990,4.0,android,64.0,5000,Yes,Yes,No,No,mediatek,8.0,50.0,3,16.0,1,6.6,lcd display
moto,10999,6.0,android,128.0,5000,Yes,Yes,No,Yes,snapdragon,8.0,50.0,3,16.0,1,6.5,lcd display
lava,21999,8.0,android,256.0,4700,Yes,Yes,No,Yes,mediatek,8.0,50.0,4,16.0,1,6.78,amoled display
oppo,22999,8.0,android,256.0,5000,Yes,Yes,No,Yes,mediatek,8.0,50.0,2,32.0,1,6.67,oled display
realme,19999,6.0,android,128.0,5000,Yes,Yes,No,Yes,snapdragon,8.0,64.0,3,16.0,1,6.6,lcd display
oppo,9999,4.0,android,64.0,5000,Yes,Yes,No,No,mediatek,8.0,13.0,2,8.0,1,6.56,lcd display
google,59999,8.0,android,256.0,4492,Yes,Yes,Yes,Yes,google,8.0,64.0,2,13.0,1,6.1,oled display
samsung,57490,8.0,android,128.0,3700,Yes,Yes,Yes,Yes,snapdragon,8.0,12.0,2,10.0,1,6.7,amoled display
samsung,7594,4.0,android,64.0,5000,Yes,Yes,No,No,samsung,8.0,50.0,4,8.0,1,6.6,lcd display
apple,83400,8.0,ios,256.0,3561,Yes,No,Yes,Yes,apple,6.0,48.0,2,12.0,1,6.1,oled display
vivo,19594,8.0,android,128.0,4000,Yes,Yes,No,Yes,mediatek,8.0,64.0,2,32.0,1,6.44,amoled display
samsung,16490,4.0,android,64.0,5000,Yes,Yes,No,No,samsung,8.0,13.0,3,16.0,1,6.4,amoled display
apple,122900,8.0,ios,256.0,3582,Yes,No,Yes,Yes,apple,6.0,48.0,3,12.0,1,6.3,oled display
vivo,18994,8.0,android,128.0,4000,Yes,Yes,No,Yes,mediatek,8.0,64.0,3,44.0,1,6.44,amoled display
samsung,13979,6.0,android,128.0,5000,Yes,Yes,No,Yes,samsung,8.0,50.0,3,13.0,1,6.6,lcd display
xiaomi,11990,4.0,android,64.0,4100,No,Yes,No,No,snapdragon,8.0,13.0,1,5.0,1,5.5,lcd display
iqoo,19990,6.0,android,128.0,4400,Yes,Yes,No,Yes,snapdragon,8.0,64.0,3,16.0,1,6.58,lcd display
apple,37900,3.0,ios,32.0,2900,No,Yes,Yes,No,apple,4.0,12.0,2,7.0,1,5.5,lcd display
iqoo,64990,8.0,android,256.0,4700,Yes,Yes,Yes,Yes,snapdragon,8.0,50.0,3,16.0,1,6.78,amoled display
oneplus,11999,4.0,android,64.0,5000,Yes,Yes,No,No,mediatek,8.0,50.0,2,8.0,1,6.56,lcd display
moto,20999,12.0,android,256.0,6000,Yes,Yes,No,Yes,mediatek,8.0,50.0,2,16.0,1,6.5,lcd display
realme,12399,4.0,android,64.0,5000,Yes,Yes,No,Yes,mediatek,8.0,48.0,3,16.0,1,6.5,lcd display
vivo,20990,8.0,android,128.0,5000,Yes,Yes,No,Yes,mediatek,8.0,50.0,3,16.0,1,6.58,lcd display
poco,9990,4.0,android,64.0,5000,Yes,Yes,No,Yes,mediatek,8.0,50.0,2,8.0,1,6.58,lcd display
iqoo,20499,8.0,android,256.0,5000,Yes,Yes,No,Yes,mediatek,8.0,50.0,2,16.0,1,6.67,amoled display
realme,18488,8.0,android,256.0,5000,Yes,Yes,No,Yes,mediatek,8.0,50.0,2,16.0,1,6.67,amoled display
realme,22990,8.0,android,128.0,5000,Yes,Yes,Yes,Yes,snapdragon,8.0,64.0,3,16.0,1,6.62,amoled display
motorola,24999,6.0,android,128.0,4020,Yes,Yes,Yes,Yes,snapdragon,8.0,50.0,3,32.0,1,6.5,amoled display
itel,6279,4.0,android,64.0,5000,No,Yes,No,No,unisoc,8.0,13.0,1,8.0,1,6.6,lcd display
vivo,27999,8.0,android,256.0,5500,Yes,Yes,No,Yes,snapdragon,8.0,50.0,2,50.0,1,6.78,amoled display
realme,15990,6.0,android,128.0,5000,Yes,Yes,No,Yes,mediatek,8.0,64.0,3,16.0,1,6.5,lcd display
oneplus,39999,16.0,android,256.0,5000,Yes,Yes,Yes,Yes,snapdragon,8.0,50.0,3,16.0,1,6.74,amoled display
vivo,9499,4.0,android,128.0,5000,Yes,Yes,No,No,unisoc,8.0,50.0,2,8.0,1,6.56,lcd display
realme,7490,3.0,android,32.0,5000,No,Yes,No,No,mediatek,8.0,12.0,2,5.0,1,6.5,lcd display
realme,12149,8.0,android,128.0,5000,Yes,Yes,No,Yes,mediatek,8.0,50.0,1,8.0,1,6.67,lcd display
realme,6999,2.0,android,16.0,4000,No,Yes,No,No,mediatek,8.0,13.0,2,5.0,1,6.1,lcd display
xiaomi,4679,2.0,android,32.0,5000,No,Yes,No,No,mediatek,8.0,13.0,1,5.0,1,6.53,lcd display
vivo,54990,12.0,android,256.0,4200,Yes,Yes,No,Yes,snapdragon,8.0,48.0,3,32.0,1,6.56,amoled display
samsung,53999,8.0,android,128.0,4000,Yes,Yes,Yes,Yes,samsung,10.0,50.0,3,12.0,1,6.2,amoled display
Other,31990,6.0,android,64.0,3500,No,Yes,Yes,No,snapdragon,8.0,12.0,2,8.0,1,4.5,lcd display
oppo,18500,6.0,android,64.0,4000,Yes,Yes,No,No,mediatek,8.0,48.0,2,16.0,1,6.5,tft display
samsung,26999,6.0,android,128.0,3100,No,Yes,Yes,No,samsung,8.0,12.0,2,10.0,1,5.8,amoled display
xiaomi,9999,4.0,android,64.0,5000,No,Yes,No,No,mediatek,8.0,13.0,2,5.0,1,6.53,lcd display
vivo,16990,4.0,android,128.0,5000,No,Yes,No,No,mediatek,8.0,13.0,4,8.0,1,6.47,lcd display
realme,19999,12.0,android,256.0,5000,Yes,Yes,No,Yes,mediatek,8.0,50.0,2,16.0,1,6.67,oled display
iqoo,18990,8.0,android,128.0,5000,Yes,Yes,No,Yes,snapdragon,8.0,64.0,3,16.0,1,6.67,lcd display
oppo,35799,12.0,android,512.0,5000,Yes,Yes,Yes,Yes,mediatek,8.0,50.0,3,50.0,1,6.7,amoled display
realme,12999,4.0,android,128.0,5000,Yes,Yes,No,Yes,mediatek,8.0,48.0,3,16.0,1,6.5,lcd display
vivo,24999,8.0,android,256.0,4600,Yes,Yes,No,Yes,mediatek,8.0,64.0,2,16.0,1,6.78,amoled display
apple,49900,3.0,ios,64.0,2675,No,Yes,Yes,No,apple,6.0,12.0,2,7.0,1,5.5,lcd display
samsung,15629,4.0,android,64.0,4000,No,Yes,No,No,samsung,8.0,16.0,2,16.0,1,6.4,amoled display
samsung,9649,4.0,android,64.0,6000,Yes,Yes,No,No,samsung,8.0,50.0,3,8.0,1,6.6,lcd display
itel,6099,3.0,android,64.0,5000,No,Yes,No,No,unisoc,8.0,8.0,1,5.0,1,6.6,lcd display
realme,13288,8.0,android,128.0,5000,Yes,Yes,No,Yes,mediatek,8.0,50.0,2,8.0,1,6.72,lcd display
poco,12300,6.0,android,128.0,4000,No,Yes,No,No,snapdragon,8.0,12.0,2,20.0,1,6.18,lcd display
infinix,8490,4.0,android,64.0,6000,No,Yes,No,No,unisoc,8.0,13.0,2,5.0,1,6.6,lcd display
motorola,44249,8.0,android,256.0,3800,Yes,Yes,Yes,Yes,snapdragon,8.0,12.0,2,32.0,1,6.9,amoled display
realme,8899,4.0,android,64.0,5000,Yes,Yes,No,No,unisoc,8.0,50.0,1,8.0,1,6.74,lcd display
infinix,11999,4.0,android,128.0,5000,Yes,Yes,Yes,Yes,mediatek,8.0,108.0,3,16.0,1,6.78,lcd display
itel,5199,2.0,android,32.0,4000,No,Yes,No,No,unisoc,8.0,8.0,1,5.0,1,6.6,lcd display
lava,24999,8.0,android,256.0,5000,Yes,Yes,No,Yes,mediatek,8.0,50.0,3,16.0,1,6.78,amoled display
oppo,18990,6.0,android,128.0,5000,Yes,Yes,No,Yes,snapdragon,8.0,48.0,3,8.0,1,6.5,lcd display
lava,12499,8.0,android,128.0,5000,Yes,Yes,No,Yes,mediatek,8.0,50.0,2,16.0,1,6.78,lcd display
realme,19899,8.0,android,256.0,5000,Yes,Yes,No,Yes,snapdragon,8.0,50.0,2,16.0,1,6.7,oled display
vivo,12500,4.0,android,64.0,5000,No,Yes,No,No,mediatek,8.0,13.0,3,16.0,1,6.35,lcd display
vivo,34399,12.0,android,256.0,4450,Yes,Yes,No,Yes,mediatek,8.0,50.0,4,32.0,1,6.56,amoled display
xiaomi,8999,4.0,android,64.0,4000,No,Yes,No,No,snapdragon,8.0,12.0,2,20.0,1,5.99,lcd display
samsung,25749,8.0,android,128.0,5000,Yes,Yes,Yes,Yes,snapdragon,8.0,64.0,3,32.0,1,6.7,amoled display
xiaomi,37499,12.0,android,256.0,4600,Yes,Yes,Yes,Yes,snapdragon,8.0,50.0,3,32.0,1,6.73,amoled display
oppo,18990,8.0,android,128.0,4500,Yes,Yes,No,No,snapdragon,8.0,64.0,3,32.0,1,6.43,amoled display
xiaomi,8821,4.0,android,64.0,6000,Yes,Yes,No,No,mediatek,8.0,50.0,4,8.0,1,6.5,lcd display
realme,11990,6.0,android,64.0,5000,Yes,Yes,No,Yes,mediatek,8.0,48.0,3,16.0,1,6.5,lcd display
oppo,15999,8.0,android,128.0,5000,Yes,Yes,No,No,snapdragon,8.0,50.0,2,16.0,1,6.59,lcd display
infinix,9999,6.0,android,64.0,5000,Yes,Yes,No,Yes,mediatek,8.0,50.0,2,16.0,1,6.7,amoled display
oppo,14990,8.0,android,128.0,5000,Yes,Yes,No,No,snapdragon,8.0,50.0,2,8.0,1,6.43,amoled display
apple,31999,2.0,ios,16.0,1715,No,Yes,Yes,No,apple,2.0,12.0,1,5.0,1,4.7,lcd display
xiaomi,10782,6.0,android,128.0,5000,Yes,Yes,No,Yes,mediatek,8.0,50.0,2,5.0,1,6.74,lcd display
realme,14999,6.0,android,128.0,4500,Yes,Yes,No,No,snapdragon,8.0,64.0,4,32.0,1,6.4,amoled display
vivo,14994,8.0,android,128.0,4050,Yes,Yes,No,Yes,mediatek,8.0,50.0,3,44.0,1,6.44,amoled display
poco,22189,12.0,android,256.0,4500,Yes,Yes,Yes,Yes,snapdragon,8.0,64.0,3,20.0,1,6.67,amoled display
iqoo,19990,6.0,android,128.0,4700,Yes,Yes,No,Yes,snapdragon,8.0,64.0,3,16.0,1,6.44,amoled display
xiaomi,13999,8.0,android,256.0,5000,Yes,Yes,No,Yes,snapdragon,8.0,50.0,2,8.0,1,6.79,lcd display
samsung,19900,8.0,android,256.0,5000,Yes,Yes,No,Yes,mediatek,8.0,50.0,3,13.0,1,6.5,amoled display
lava,5499,3.0,android,32.0,5000,No,Yes,No,No,tru-mediatek,8.0,8.0,1,5.0,1,6.51,lcd display
oppo,13990,6.0,android,128.0,5000,Yes,Yes,No,No,mediatek,8.0,50.0,2,8.0,1,6.72,lcd display
Other,16498,8.0,android,256.0,5000,Yes,Yes,No,Yes,unisoc,8.0,64.0,3,50.0,1,6.67,oled display
infinix,15999,8.0,android,256.0,5000,Yes,Yes,Yes,Yes,mediatek,8.0,108.0,3,32.0,1,6.78,amoled display
samsung,21999,8.0,android,128.0,7000,Yes,Yes,Yes,No,snapdragon,8.0,64.0,4,32.0,1,6.7,amoled display
realme,21590,8.0,android,256.0,5200,Yes,Yes,No,Yes,snapdragon,8.0,50.0,3,32.0,1,6.7,amoled display
samsung,149999,12.0,android,256.0,4400,Yes,Yes,Yes,Yes,snapdragon,8.0,12.0,3,10.0,2,7.6,amoled display
realme,10890,4.0,android,64.0,5000,Yes,Yes,No,Yes,mediatek,8.0,50.0,3,8.0,1,6.6,lcd display
motorola,44950,8.0,android,256.0,4200,Yes,Yes,Yes,Yes,snapdragon,8.0,64.0,2,32.0,1,6.9,amoled display
tecno,7999,8.0,android,128.0,5000,Yes,Yes,No,No,mediatek,8.0,50.0,2,8.0,1,6.6,lcd display
Other,18599,4.0,android,64.0,10600,Yes,Yes,Yes,No,mediatek,8.0,13.0,2,5.0,1,6.52,tft display
realme,13280,8.0,android,128.0,5000,Yes,Yes,No,Yes,mediatek,8.0,50.0,2,8.0,1,6.72,lcd display
realme,14990,4.0,android,64.0,4000,Yes,Yes,No,No,snapdragon,8.0,64.0,4,16.0,1,6.4,amoled display
realme,29890,12.0,android,256.0,5000,Yes,Yes,Yes,Yes,snapdragon,8.0,50.0,3,32.0,1,6.7,amoled display
oneplus,30300,16.0,android,256.0,5000,Yes,Yes,Yes,Yes,mediatek,8.0,50.0,3,16.0,1,6.74,amoled display
realme,12999,4.0,android,64.0,4300,Yes,Yes,No,No,mediatek,8.0,64.0,4,16.0,1,6.5,lcd display
samsung,21999,8.0,android,128.0,5000,Yes,Yes,Yes,No,snapdragon,8.0,64.0,4,32.0,1,6.7,amoled display
realme,11490,4.0,android,64.0,6000,Yes,Yes,No,No,mediatek,8.0,50.0,3,8.0,1,6.5,lcd display
oppo,15899,8.0,android,128.0,5000,Yes,Yes,No,Yes,mediatek,8.0,48.0,2,8.0,1,6.56,lcd display
poco,16450,8.0,android,128.0,4500,Yes,Yes,Yes,Yes,snapdragon,8.0,64.0,3,20.0,1,6.67,amoled display
poco,8499,4.0,android,64.0,5000,No,Yes,No,No,mediatek,8.0,8.0,2,5.0,1,6.52,lcd display
vivo,14999,8.0,android,128.0,5000,Yes,Yes,No,No,snapdragon,8.0,50.0,2,16.0,1,6.64,lcd display
xiaomi,28999,12.0,android,512.0,5000,Yes,Yes,Yes,Yes,mediatek,8.0,200.0,3,16.0,1,6.67,amoled display
lava,6999,4.0,android,64.0,5000,No,Yes,No,No,unisoc,8.0,50.0,1,8.0,1,6.56,lcd display
xiaomi,13990,6.0,android,64.0,4000,Yes,Yes,No,No,snapdragon,8.0,48.0,3,20.0,1,6.39,amoled display
xiaomi,44990,8.0,android,128.0,4780,Yes,Yes,Yes,Yes,snapdragon,8.0,108.0,4,20.0,1,6.67,amoled display
oppo,16990,6.0,android,128.0,5000,Yes,Yes,No,No,snapdragon,8.0,48.0,3,16.0,1,6.43,amoled display
moto,5870,2.0,android,32.0,5000,No,Yes,No,No,mediatek,8.0,13.0,2,5.0,1,6.5,lcd display
poco,8700,4.0,android,64.0,5000,Yes,Yes,No,No,mediatek,8.0,50.0,3,8.0,1,6.58,lcd display
vivo,14990,4.0,android,32.0,5000,No,Yes,No,No,mediatek,8.0,13.0,3,8.0,1,6.35,lcd display
xiaomi,19999,6.0,android,128.0,5020,Yes,Yes,No,No,snapdragon,8.0,108.0,4,16.0,1,6.67,amoled display
tecno,14999,8.0,android,256.0,5000,Yes,Yes,No,No,mediatek,8.0,64.0,3,32.0,1,6.67,amoled display
poco,11290,4.0,android,64.0,5000,Yes,Yes,No,Yes,mediatek,8.0,50.0,2,16.0,1,6.6,lcd display
poco,14999,8.0,android,256.0,5000,Yes,Yes,No,Yes,snapdragon,8.0,50.0,2,8.0,1,6.79,lcd display
Other,23200,4.0,android,128.0,6300,No,No,Yes,No,unisoc,8.0,13.0,3,8.0,1,5.5,lcd display
samsung,10900,4.0,android,64.0,3500,No,Yes,No,No,snapdragon,8.0,16.0,2,16.0,1,6.0,amoled display
oppo,24490,8.0,android,256.0,4000,Yes,Yes,Yes,No,snapdragon,8.0,48.0,4,16.0,1,6.5,amoled display
realme,10490,4.0,android,64.0,5000,Yes,Yes,No,No,mediatek,8.0,50.0,3,16.0,1,6.6,lcd display
moto,9999,2.0,android,64.0,5000,No,Yes,No,No,unisoc,8.0,13.0,1,5.0,1,6.5,lcd display
sony,74990,6.0,android,64.0,3180,No,Yes,Yes,No,snapdragon,8.0,19.0,1,5.0,1,5.7,lcd display
samsung,4999,1.0,android,16.0,3000,No,Yes,No,No,mediatek,4.0,8.0,1,5.0,1,5.3,lcd display
realme,15999,6.0,android,128.0,4500,Yes,Yes,No,No,snapdragon,8.0,108.0,4,16.0,1,6.4,amoled display
vivo,19999,8.0,android,256.0,4800,Yes,Yes,No,Yes,snapdragon,8.0,64.0,2,16.0,1,6.67,amoled display
iqoo,52999,12.0,android,256.0,5000,Yes,Yes,Yes,Yes,snapdragon,8.0,50.0,3,16.0,1,6.78,amoled display
samsung,13499,1.5,android,16.0,3000,No,Yes,No,No,samsung,8.0,13.0,1,5.0,1,5.5,amoled display
vivo,14900,4.0,android,64.0,5000,Yes,Yes,No,No,snapdragon,8.0,16.0,3,32.0,1,6.53,lcd display
vivo,13499,8.0,android,128.0,5000,Yes,Yes,No,No,mediatek,8.0,50.0,3,16.0,1,6.58,lcd display
vivo,18990,8.0,android,128.0,5000,Yes,Yes,No,No,snapdragon,8.0,50.0,3,16.0,1,6.58,lcd display
samsung,25999,8.0,android,128.0,7000,Yes,Yes,Yes,No,samsung,8.0,64.0,4,32.0,1,6.7,amoled display
samsung,15399,6.0,android,128.0,6000,Yes,Yes,No,No,mediatek,8.0,64.0,4,20.0,1,6.4,amoled display
moto,15999,6.0,android,128.0,5000,Yes,Yes,Yes,Yes,snapdragon,8.0,50.0,3,16.0,1,6.4,amoled display
tecno,69999,12.0,android,256.0,5000,Yes,Yes,Yes,Yes,mediatek,8.0,50.0,3,16.0,2,7.85,amoled display
apple,31500,2.0,ios,32.0,1960,No,Yes,Yes,No,apple,4.0,12.0,1,7.0,1,4.7,lcd display
apple,29900,2.0,ios,32.0,1715,No,Yes,Yes,No,apple,2.0,12.0,1,5.0,1,4.7,lcd display
oppo,6990,3.0,android,32.0,4230,No,Yes,No,No,mediatek,8.0,13.0,2,5.0,1,6.22,lcd display
vivo,14990,6.0,android,128.0,5000,Yes,Yes,No,No,mediatek,8.0,13.0,3,8.0,1,6.51,lcd display
samsung,13499,6.0,android,128.0,6000,Yes,Yes,No,Yes,mediatek,8.0,50.0,3,13.0,1,6.5,amoled display
oppo,12499,4.0,android,128.0,5100,Yes,Yes,No,Yes,mediatek,8.0,8.0,1,5.0,1,6.67,lcd display
vivo,10999,4.0,android,128.0,5000,No,Yes,No,Yes,mediatek,8.0,13.0,2,5.0,1,6.56,lcd display
samsung,7448,1.0,android,8.0,2000,No,Yes,No,No,samsung,4.0,5.0,1,2.0,1,4.7,amoled display
vivo,8990,2.0,android,16.0,4030,No,Yes,No,No,mediatek,8.0,13.0,1,5.0,1,6.22,lcd display
samsung,8590,3.0,android,32.0,5000,Yes,Yes,No,No,snapdragon,8.0,13.0,3,8.0,1,6.4,lcd display
oppo,15799,6.0,android,128.0,5000,Yes,Yes,No,No,snapdragon,8.0,48.0,3,16.0,1,6.43,amoled display
vivo,6640,2.0,android,32.0,5000,No,Yes,No,No,mediatek,8.0,8.0,1,5.0,1,6.51,lcd display
samsung,8990,4.0,android,64.0,5000,No,Yes,No,No,mediatek,8.0,13.0,2,5.0,1,6.5,lcd display
realme,11249,6.0,android,128.0,5000,Yes,Yes,No,Yes,mediatek,8.0,50.0,1,8.0,1,6.67,lcd display
vivo,27990,8.0,android,128.0,4100,Yes,Yes,No,No,snapdragon,8.0,48.0,4,32.0,2,6.44,amoled display
vivo,24990,8.0,android,128.0,4500,Yes,Yes,No,No,snapdragon,8.0,48.0,4,32.0,1,6.44,amoled display
samsung,8599,6.0,android,64.0,6000,Yes,Yes,No,No,samsung,8.0,64.0,3,32.0,1,6.4,amoled display
xiaomi,24749,8.0,android,128.0,4520,Yes,Yes,No,Yes,snapdragon,8.0,108.0,3,20.0,1,6.67,amoled display
realme,7060,2.0,android,32.0,5000,No,Yes,No,No,unisoc,8.0,8.0,1,5.0,1,6.5,lcd display
xiaomi,19490,6.0,android,128.0,4500,Yes,Yes,No,Yes,mediatek,8.0,108.0,3,16.0,1,6.67,amoled display
moto,15999,6.0,android,128.0,5000,Yes,Yes,Yes,No,mediatek,8.0,108.0,3,16.0,1,6.55,amoled display
infinix,11699,4.0,android,128.0,6000,Yes,Yes,Yes,Yes,mediatek,8.0,50.0,1,8.0,1,6.78,lcd display
vivo,23999,6.0,android,128.0,3700,No,Yes,No,No,snapdragon,8.0,48.0,3,32.0,1,6.39,amoled display
vivo,31990,8.0,android,128.0,4200,Yes,Yes,No,No,snapdragon,8.0,48.0,4,32.0,1,6.56,amoled display
motorola,18999,6.0,android,128.0,5000,Yes,Yes,No,No,snapdragon,8.0,64.0,4,16.0,1,6.5,lcd display
iqoo,42990,8.0,android,128.0,4350,Yes,Yes,Yes,Yes,snapdragon,8.0,48.0,3,16.0,1,6.56,amoled display
moto,11690,4.0,android,64.0,6000,Yes,Yes,Yes,No,snapdragon,8.0,64.0,3,16.0,1,6.8,lcd display
Other,4999,0.5,other,4.0,2000,No,No,Yes,No,spreadtrum,2.0,2.0,1,0.3,1,2.4,tft display
infinix,9990,4.0,android,64.0,5000,Yes,Yes,No,Yes,mediatek,8.0,50.0,2,8.0,1,6.6,lcd display
oppo,28999,8.0,android,256.0,5000,Yes,Yes,Yes,Yes,snapdragon,8.0,64.0,3,32.0,1,6.72,lcd display
infinix,11999,8.0,android,128.0,5000,No,Yes,No,No,mediatek,8.0,50.0,2,5.0,1,6.6,lcd display
lava,8698,4.0,android,64.0,5000,Yes,Yes,No,Yes,unisoc,8.0,50.0,2,8.0,1,6.52,lcd display
lava,9499,4.0,android,128.0,5000,Yes,Yes,No,Yes,unisoc,8.0,50.0,2,8.0,1,6.67,lcd display
vivo,9999,6.0,android,64.0,4500,Yes,Yes,No,No,snapdragon,8.0,48.0,3,32.0,1,6.38,amoled display
infinix,13990,8.0,android,128.0,5000,Yes,Yes,No,Yes,mediatek,8.0,108.0,3,16.0,1,6.7,amoled display
poco,7799,6.0,android,128.0,5000,Yes,Yes,No,No,mediatek,8.0,50.0,2,8.0,1,6.74,lcd display
realme,20838,12.0,android,256.0,5000,Yes,Yes,No,Yes,snapdragon,8.0,50.0,2,16.0,1,6.7,oled display
lava,16999,8.0,android,128.0,5000,Yes,Yes,No,Yes,mediatek,8.0,64.0,2,16.0,1,6.67,amoled display
google,139999,16.0,android,512.0,5060,Yes,Yes,Yes,Yes,google,8.0,50.0,3,42.0,1,6.8,oled display
samsung,29990,4.0,android,64.0,3000,No,Yes,Yes,No,samsung,8.0,12.0,1,8.0,1,5.8,amoled display
Other,49999,12.0,android,256.0,5000,Yes,Yes,No,No,snapdragon,8.0,48.0,1,16.0,1,6.65,amoled display
samsung,18149,6.0,android,128.0,5000,Yes,Yes,No,No,mediatek,8.0,48.0,4,13.0,1,6.4,amoled display
xiaomi,10999,6.0,android,64.0,5000,Yes,Yes,No,No,mediatek,8.0,108.0,4,16.0,1,6.43,amoled display
realme,25499,12.0,android,256.0,5000,Yes,Yes,No,Yes,mediatek,8.0,50.0,2,16.0,1,6.67,oled display
Other,25646,2.0,other,16.0,2515,No,Yes,No,No,snapdragon,8.0,8.0,1,2.0,1,3.5,tft display
iqoo,36999,8.0,android,128.0,4000,Yes,Yes,Yes,Yes,snapdragon,8.0,48.0,3,16.0,1,6.62,amoled display
realme,19990,6.0,android,128.0,5000,Yes,Yes,No,Yes,mediatek,8.0,48.0,3,16.0,1,6.4,amoled display
samsung,23990,8.0,android,128.0,5000,Yes,Yes,Yes,Yes,samsung,8.0,64.0,4,32.0,1,6.5,amoled display
realme,30999,12.0,android,256.0,5000,Yes,Yes,No,Yes,mediatek,8.0,200.0,3,32.0,1,6.7,amoled display
tecno,7199,4.0,android,64.0,5000,No,Yes,No,No,unisoc,8.0,12.0,1,8.0,1,6.56,lcd display
oppo,26950,8.0,android,256.0,5000,Yes,Yes,Yes,Yes,mediatek,8.0,50.0,3,32.0,1,6.7,amoled display
motorola,17990,6.0,android,128.0,5000,Yes,Yes,Yes,Yes,mediatek,8.0,108.0,3,32.0,1,6.7,oled display
ikall,2873,2.0,android,16.0,3000,No,Yes,No,No,quad,4.0,2.0,1,2.0,1,2.8,tft display
samsung,159999,12.0,android,1024.0,5000,Yes,Yes,Yes,Yes,snapdragon,8.0,200.0,4,12.0,1,6.8,amoled display
infinix,7799,4.0,android,128.0,6000,Yes,Yes,No,No,mediatek,8.0,50.0,1,8.0,1,6.6,lcd display
realme,7990,3.0,android,32.0,5000,No,Yes,No,No,snapdragon,8.0,12.0,4,13.0,1,6.5,lcd display
realme,11979,4.0,android,64.0,6000,Yes,Yes,No,No,mediatek,8.0,48.0,3,8.0,1,6.5,lcd display
xiaomi,10885,8.0,android,128.0,4250,Yes,Yes,Yes,No,snapdragon,8.0,64.0,3,16.0,1,6.55,amoled display
xiaomi,6690,2.0,android,32.0,5000,No,Yes,No,No,mediatek,4.0,8.0,2,5.0,1,6.52,lcd display
oneplus,66998,16.0,android,512.0,5400,Yes,Yes,Yes,Yes,snapdragon,8.0,50.0,3,32.0,1,6.82,oled display
Other,48500,12.0,android,256.0,22000,Yes,Yes,Yes,No,mediatek,8.0,64.0,2,16.0,1,6.78,lcd display
realme,25948,12.0,android,256.0,5200,Yes,Yes,No,Yes,snapdragon,8.0,50.0,3,32.0,1,6.7,oled display
samsung,49902,12.0,android,128.0,4000,Yes,Yes,Yes,Yes,samsung,8.0,12.0,3,10.0,1,6.2,amoled display
poco,11723,4.0,android,64.0,5000,Yes,Yes,No,Yes,mediatek,8.0,48.0,3,8.0,1,6.5,lcd display
samsung,9999,4.0,android,64.0,6000,Yes,Yes,No,No,samsung,8.0,50.0,3,8.0,1,6.6,lcd display
apple,25199,1.0,ios,16.0,1560,No,Yes,No,No,apple,2.0,8.0,1,1.2,1,4.0,lcd display
oppo,14490,8.0,android,128.0,5000,No,Yes,No,No,snapdragon,8.0,48.0,4,16.0,1,6.5,lcd display
iqoo,22480,8.0,android,128.0,4440,Yes,Yes,No,No,snapdragon,8.0,48.0,4,16.0,1,6.44,amoled display
samsung,14990,6.0,android,128.0,5000,Yes,Yes,Yes,No,mediatek,8.0,64.0,4,20.0,1,6.4,amoled display
tecno,21999,8.0,android,256.0,4700,Yes,Yes,No,No,mediatek,8.0,50.0,3,48.0,2,6.7,amoled display
xiaomi,6299,2.0,android,32.0,5000,No,Yes,No,No,mediatek,8.0,8.0,2,5.0,1,6.52,lcd display
realme,7795,6.0,android,128.0,5000,No,Yes,No,No,unisoc,8.0,32.0,1,5.0,1,6.78,lcd display
realme,10696,6.0,android,128.0,5000,No,Yes,No,Yes,mediatek,8.0,32.0,1,8.0,1,6.67,lcd display
samsung,10890,4.0,android,64.0,3000,No,Yes,No,No,samsung,8.0,16.0,1,16.0,1,5.6,amoled display
oppo,32999,8.0,android,256.0,4065,No,Yes,Yes,No,snapdragon,8.0,48.0,3,16.0,1,6.6,amoled display
tecno,8499,3.0,android,32.0,6000,No,Yes,No,No,mediatek,4.0,13.0,3,8.0,1,7.0,lcd display
poco,26999,6.0,android,128.0,5065,Yes,Yes,No,Yes,mediatek,8.0,64.0,3,16.0,1,6.67,amoled display
oneplus,71999,12.0,android,256.0,5000,Yes,Yes,Yes,Yes,snapdragon,8.0,48.0,3,32.0,1,6.7,amoled display
vivo,9100,4.0,android,64.0,5000,Yes,Yes,No,No,snapdragon,8.0,50.0,2,8.0,1,6.58,lcd display
Other,25890,8.0,android,256.0,4500,Yes,Yes,Yes,Yes,snapdragon,8.0,50.0,2,16.0,1,6.55,oled display
moto,17490,8.0,android,128.0,5000,Yes,Yes,Yes,Yes,mediatek,8.0,50.0,2,16.0,1,6.5,lcd display
xiaomi,18998,6.0,android,64.0,5000,Yes,Yes,No,No,snapdragon,8.0,50.0,3,13.0,1,6.67,amoled display
vivo,47490,12.0,android,256.0,4810,Yes,Yes,Yes,Yes,mediatek,8.0,50.0,3,32.0,1,6.78,amoled display
vivo,8998,4.0,android,64.0,5000,Yes,Yes,No,No,mediatek,8.0,13.0,2,5.0,1,6.56,lcd display
tecno,11999,8.0,android,128.0,5000,Yes,Yes,Yes,Yes,mediatek,8.0,48.0,1,8.0,1,6.67,lcd display
vivo,21599,6.0,android,64.0,4000,No,Yes,No,No,mediatek,8.0,12.0,3,32.0,1,6.53,lcd display
realme,6490,3.0,android,32.0,6000,No,Yes,No,No,mediatek,8.0,13.0,3,5.0,1,6.52,lcd display
infinix,11899,6.0,android,64.0,5000,Yes,Yes,No,No,mediatek,8.0,50.0,3,16.0,1,6.95,lcd display
oppo,7490,3.0,android,32.0,4230,No,Yes,No,No,mediatek,8.0,13.0,1,5.0,1,6.52,lcd display
Other,35999,3.0,other,32.0,3450,No,Yes,No,No,snapdragon,8.0,13.0,1,2.0,1,4.5,lcd display
xiaomi,10259,4.0,android,64.0,4000,No,Yes,No,No,snapdragon,8.0,12.0,2,20.0,2,6.26,lcd display
realme,10490,4.0,android,64.0,4035,Yes,Yes,No,No,snapdragon,8.0,48.0,4,16.0,1,6.3,lcd display
micromax,6895,4.0,android,128.0,5000,Yes,Yes,No,No,mediatek,8.0,48.0,4,16.0,1,6.67,lcd display
moto,10999,4.0,android,64.0,5000,Yes,Yes,No,No,snapdragon,8.0,50.0,3,16.0,1,6.5,lcd display
infinix,19999,8.0,android,256.0,5000,Yes,Yes,No,Yes,mediatek,8.0,50.0,3,16.0,1,6.78,lcd display
itel,5549,2.0,android,32.0,4000,No,Yes,No,No,unisoc,8.0,5.0,1,5.0,1,6.6,lcd display
poco,13999,8.0,android,256.0,5000,Yes,Yes,No,Yes,mediatek,8.0,50.0,2,5.0,1,6.74,lcd display
realme,18999,8.0,android,256.0,5000,Yes,Yes,No,Yes,mediatek,8.0,50.0,3,16.0,1,6.67,amoled display
samsung,11199,4.0,android,128.0,5000,Yes,Yes,No,No,mediatek,8.0,50.0,2,8.0,1,6.7,lcd display
vivo,9999,3.0,android,32.0,3260,No,Yes,No,No,mediatek,8.0,13.0,1,5.0,1,6.22,lcd display
oppo,22000,8.0,android,128.0,4000,Yes,Yes,Yes,No,snapdragon,8.0,48.0,4,32.0,1,6.5,amoled display
samsung,6490,2.0,android,32.0,3000,No,Yes,No,No,mediatek,4.0,8.0,1,5.0,1,5.3,lcd display
vivo,79990,12.0,android,256.0,4500,Yes,Yes,Yes,Yes,snapdragon,8.0,50.0,4,32.0,1,6.78,amoled display
motorola,24999,8.0,android,128.0,4500,Yes,Yes,Yes,Yes,snapdragon,8.0,108.0,3,32.0,1,6.7,oled display
micromax,8990,4.0,android,64.0,5000,Yes,Yes,No,No,mediatek,8.0,48.0,4,16.0,1,6.43,amoled display
moto,11590,4.0,android,64.0,5000,Yes,Yes,Yes,Yes,snapdragon,8.0,50.0,3,13.0,1,6.8,lcd display
realme,25990,12.0,android,256.0,4500,Yes,Yes,Yes,Yes,mediatek,8.0,50.0,3,16.0,1,6.7,amoled display
Other,38985,12.0,android,256.0,4700,Yes,Yes,Yes,Yes,snapdragon,8.0,50.0,2,32.0,1,6.7,amoled display
vivo,31490,8.0,android,256.0,5000,Yes,Yes,No,Yes,snapdragon,8.0,50.0,2,50.0,1,6.78,amoled display
vivo,13990,4.0,android,128.0,5000,Yes,Yes,No,No,mediatek,8.0,13.0,3,20.0,1,6.35,lcd display
xiaomi,5889,2.0,android,16.0,4000,No,Yes,No,No,snapdragon,8.0,12.0,1,5.0,1,5.45,lcd display
lg,32499,6.0,android,128.0,4000,No,Yes,Yes,No,snapdragon,8.0,12.0,2,32.0,1,6.4,oled display
realme,12999,6.0,android,128.0,4200,Yes,Yes,No,No,snapdragon,8.0,64.0,4,16.0,2,6.6,lcd display
lg,34999,6.0,android,128.0,4300,Yes,Yes,Yes,No,snapdragon,8.0,48.0,3,16.0,1,6.8,amoled display
vivo,21990,8.0,android,128.0,4100,Yes,Yes,No,No,snapdragon,8.0,48.0,3,32.0,1,6.44,amoled display
realme,6490,3.0,android,32.0,5000,No,Yes,No,No,mediatek,8.0,13.0,3,5.0,1,6.5,lcd display
oppo,14490,6.0,android,128.0,5000,No,Yes,No,Yes,mediatek,8.0,13.0,3,8.0,1,6.52,lcd display
Other,3000,2.0,android,16.0,3000,No,Yes,No,No,quad,4.0,8.0,1,2.0,1,5.0,lcd display
iqoo,14790,4.0,android,128.0,5000,Yes,Yes,No,No,snapdragon,8.0,50.0,3,16.0,1,6.44,amoled display
samsung,7499,4.0,android,64.0,5000,No,Yes,No,No,mediatek,8.0,13.0,2,5.0,1,6.5,lcd display
samsung,11649,4.0,android,64.0,5000,Yes,Yes,No,Yes,mediatek,8.0,50.0,2,5.0,1,6.5,lcd display
poco,19349,8.0,android,256.0,5000,Yes,Yes,No,Yes,snapdragon,8.0,108.0,3,16.0,1,6.67,amoled display
vivo,34899,12.0,android,256.0,4600,Yes,Yes,No,Yes,mediatek,8.0,50.0,3,50.0,1,6.78,amoled display
xiaomi,17400,12.0,android,256.0,5000,Yes,Yes,No,Yes,mediatek,8.0,108.0,3,16.0,1,6.67,amoled display
xiaomi,7430,4.0,android,128.0,5000,No,Yes,No,No,unisoc,8.0,8.0,2,5.0,1,6.71,lcd display
Other,64500,12.0,android,512.0,15600,Yes,Yes,Yes,Yes,mediatek,8.0,200.0,3,50.0,1,6.78,lcd display
xiaomi,8990,6.0,android,64.0,4000,No,Yes,No,No,snapdragon,8.0,12.0,2,20.0,1,5.99,lcd display
xiaomi,6199,2.0,android,16.0,3000,No,Yes,No,No,mediatek,4.0,13.0,1,5.0,1,5.45,lcd display
samsung,11000,3.0,android,32.0,5000,Yes,Yes,No,No,samsung,8.0,13.0,2,8.0,1,6.3,tft display
samsung,16999,6.0,android,128.0,4500,Yes,Yes,Yes,No,snapdragon,8.0,32.0,3,32.0,1,6.7,amoled display
oppo,74890,12.0,android,512.0,4260,Yes,Yes,Yes,Yes,snapdragon,8.0,48.0,3,32.0,1,6.7,oled display
samsung,8484,4.0,android,64.0,6000,Yes,Yes,No,No,samsung,8.0,48.0,4,8.0,1,6.5,lcd display
samsung,7690,3.0,android,32.0,5000,No,Yes,No,No,mediatek,8.0,13.0,3,5.0,1,6.5,lcd display
oneplus,23990,12.0,android,256.0,4500,Yes,Yes,Yes,Yes,snapdragon,8.0,64.0,3,16.0,1,6.43,amoled display
apple,52499,4.0,ios,256.0,3227,Yes,No,Yes,Yes,apple,6.0,12.0,2,12.0,1,6.1,oled display
ikall,3492,1.0,android,8.0,2200,No,Yes,No,No,spreadtrum,4.0,5.0,1,2.0,1,5.0,tft display
vivo,32989,12.0,android,256.0,4300,Yes,Yes,No,Yes,mediatek,8.0,108.0,3,50.0,2,6.56,amoled display
xiaomi,43999,12.0,android,256.0,5000,Yes,Yes,Yes,Yes,snapdragon,8.0,108.0,3,16.0,1,6.67,amoled display
iqoo,24999,8.0,android,128.0,4700,Yes,Yes,No,Yes,snapdragon,8.0,64.0,3,16.0,1,6.44,amoled display
xiaomi,30555,12.0,android,256.0,4980,Yes,Yes,No,Yes,mediatek,8.0,200.0,3,16.0,1,6.67,amoled display
samsung,134999,12.0,android,512.0,5000,Yes,Yes,Yes,Yes,snapdragon,8.0,200.0,4,12.0,1,6.8,amoled display
samsung,184999,12.0,android,1024.0,4400,Yes,Yes,Yes,Yes,snapdragon,8.0,50.0,3,10.0,2,7.6,amoled display
samsung,22999,8.0,android,256.0,5000,Yes,Yes,Yes,Yes,samsung,8.0,50.0,3,13.0,1,6.5,amoled display
poco,8999,4.0,android,64.0,5000,Yes,Yes,No,Yes,mediatek,8.0,50.0,2,5.0,1,6.74,lcd display
realme,13999,4.0,android,128.0,3765,Yes,Yes,No,No,snapdragon,8.0,48.0,2,16.0,1,6.53,amoled display
xiaomi,7890,3.0,android,32.0,4000,No,Yes,No,No,snapdragon,8.0,48.0,2,13.0,1,6.3,lcd display
samsung,11999,4.0,android,64.0,4000,Yes,Yes,Yes,No,samsung,8.0,25.0,3,16.0,1,6.4,amoled display
realme,14999,4.0,android,64.0,4000,Yes,Yes,No,No,snapdragon,8.0,64.0,4,32.0,1,6.4,amoled display
realme,10990,4.0,android,64.0,5000,No,Yes,No,No,snapdragon,8.0,12.0,4,8.0,1,6.5,lcd display
realme,15490,6.0,android,64.0,4000,Yes,Yes,Yes,No,snapdragon,8.0,64.0,4,16.0,1,6.5,amoled display
samsung,17499,8.0,android,128.0,6000,Yes,Yes,No,No,samsung,8.0,64.0,4,32.0,1,6.5,amoled display
realme,29999,8.0,android,128.0,4500,Yes,Yes,Yes,Yes,mediatek,8.0,64.0,4,32.0,1,6.55,amoled display
realme,10990,4.0,android,64.0,5000,Yes,Yes,No,No,mediatek,8.0,48.0,3,16.0,1,6.5,lcd display
tecno,15999,8.0,android,128.0,6000,Yes,Yes,No,Yes,mediatek,8.0,50.0,2,16.0,1,6.9,lcd display
tecno,9499,8.0,android,128.0,5000,Yes,Yes,Yes,No,mediatek,8.0,50.0,3,32.0,1,6.78,lcd display
realme,21225,8.0,android,128.0,5000,Yes,Yes,No,Yes,mediatek,8.0,100.0,2,16.0,1,6.7,amoled display
vivo,7999,3.0,android,32.0,5000,No,Yes,No,No,mediatek,8.0,8.0,1,5.0,1,6.51,lcd display
infinix,7999,8.0,android,128.0,5000,No,Yes,No,No,mediatek,8.0,50.0,1,8.0,1,6.6,lcd display
lava,6899,4.0,android,64.0,5000,No,Yes,No,No,unisoc,8.0,13.0,1,5.0,1,6.75,lcd display
oppo,9999,4.0,android,128.0,5100,Yes,Yes,No,No,snapdragon,8.0,8.0,1,5.0,1,6.67,lcd display
asus,55999,8.0,android,128.0,6000,Yes,Yes,Yes,Yes,snapdragon,8.0,64.0,3,24.0,1,6.59,amoled display
lg,11649,3.0,android,64.0,4000,No,Yes,No,No,mediatek,8.0,13.0,4,8.0,1,6.6,lcd display
xiaomi,18621,6.0,android,64.0,4820,Yes,Yes,No,Yes,snapdragon,8.0,108.0,4,16.0,1,6.67,lcd display
vivo,17900,8.0,android,128.0,5000,Yes,Yes,No,No,snapdragon,8.0,48.0,3,16.0,1,6.58,lcd display
samsung,4559,3.0,android,32.0,5000,Yes,Yes,No,No,snapdragon,8.0,13.0,3,5.0,1,6.5,lcd display
asus,48999,8.0,android,128.0,4000,Yes,Yes,Yes,Yes,snapdragon,8.0,64.0,2,12.0,1,5.9,amoled display
samsung,15499,6.0,android,128.0,5000,Yes,Yes,Yes,Yes,snapdragon,8.0,50.0,3,8.0,1,6.6,tft display
iqoo,49999,8.0,android,128.0,4700,Yes,Yes,Yes,Yes,snapdragon,8.0,50.0,3,16.0,1,6.78,amoled display
tecno,11999,8.0,android,128.0,6000,Yes,Yes,Yes,No,mediatek,8.0,50.0,2,8.0,1,6.78,lcd display
motorola,39999,12.0,android,256.0,4610,Yes,Yes,Yes,Yes,snapdragon,8.0,200.0,3,60.0,1,6.67,amoled display
oppo,51499,8.0,android,256.0,4300,Yes,Yes,Yes,Yes,mediatek,8.0,50.0,2,32.0,1,6.8,amoled display
tecno,6999,3.0,android,32.0,5000,No,Yes,No,No,mediatek,4.0,13.0,2,5.0,1,6.56,lcd display
oneplus,61999,16.0,android,256.0,5000,Yes,Yes,Yes,Yes,snapdragon,8.0,50.0,3,16.0,1,6.7,amoled display
samsung,29499,8.0,android,256.0,5000,Yes,Yes,Yes,Yes,mediatek,8.0,48.0,3,13.0,1,6.6,amoled display
moto,8499,4.0,android,128.0,5000,Yes,Yes,No,No,unisoc,8.0,50.0,2,8.0,1,6.5,lcd display
itel,8489,8.0,android,128.0,5000,No,Yes,No,No,unisoc,8.0,50.0,2,8.0,1,6.6,lcd display
vivo,26750,8.0,android,256.0,5000,Yes,Yes,No,Yes,snapdragon,8.0,64.0,2,50.0,1,6.78,amoled display
google,105999,12.0,android,256.0,5050,Yes,Yes,Yes,Yes,google,8.0,50.0,3,10.5,1,6.7,oled display
apple,41749,1.0,ios,16.0,1810,No,Yes,Yes,No,apple,2.0,8.0,1,1.2,1,4.7,lcd display
samsung,15900,4.0,android,32.0,3300,No,Yes,No,No,mediatek,8.0,13.0,1,13.0,1,5.7,tft display
xiaomi,7990,3.0,android,32.0,4000,No,Yes,No,No,snapdragon,8.0,12.0,2,13.0,1,6.3,lcd display
vivo,7990,2.0,android,16.0,4030,No,Yes,No,No,mediatek,4.0,8.0,1,5.0,1,6.22,lcd display
xiaomi,10499,4.0,android,64.0,5020,Yes,Yes,No,No,mediatek,8.0,13.0,4,8.0,1,6.53,lcd display
poco,10990,6.0,android,64.0,5000,Yes,Yes,No,No,mediatek,8.0,13.0,4,8.0,1,6.53,lcd display
moto,14490,6.0,android,128.0,5000,Yes,Yes,Yes,Yes,snapdragon,8.0,48.0,3,16.0,1,6.7,lcd display
moto,7990,4.0,android,64.0,6000,Yes,Yes,Yes,No,snapdragon,8.0,64.0,3,16.0,1,6.8,lcd display
moto,13999,6.0,android,128.0,5000,Yes,Yes,Yes,Yes,snapdragon,8.0,50.0,3,16.0,1,6.6,amoled display
vivo,15490,6.0,android,128.0,5000,Yes,Yes,No,No,snapdragon,8.0,50.0,3,16.0,1,6.44,amoled display
Other,27999,6.0,android,128.0,8000,No,Yes,Yes,No,mediatek,8.0,16.0,3,8.0,1,5.86,lcd display
vivo,10999,4.0,android,64.0,5000,No,Yes,No,No,mediatek,8.0,8.0,1,5.0,1,6.51,lcd display
infinix,24999,12.0,android,256.0,5000,Yes,Yes,Yes,Yes,mediatek,8.0,108.0,3,50.0,1,6.78,amoled display
oneplus,45999,18.0,android,512.0,5000,Yes,Yes,Yes,Yes,snapdragon,8.0,50.0,3,16.0,1,6.74,amoled display
xiaomi,7699,6.0,android,128.0,5000,No,Yes,No,No,mediatek,8.0,8.0,2,5.0,1,6.7,lcd display
realme,11999,6.0,android,128.0,5000,Yes,Yes,No,Yes,mediatek,8.0,50.0,2,8.0,1,6.72,lcd display
realme,16999,8.0,android,128.0,5000,Yes,Yes,No,Yes,mediatek,8.0,50.0,2,16.0,1,6.67,amoled display
infinix,18999,12.0,android,256.0,4600,Yes,Yes,Yes,Yes,mediatek,8.0,108.0,3,32.0,1,6.78,amoled display
oppo,21990,4.0,android,64.0,3400,No,Yes,No,No,mediatek,8.0,16.0,1,25.0,1,6.23,lcd display
oppo,47999,8.0,android,256.0,3730,No,Yes,No,No,snapdragon,8.0,16.0,2,25.0,1,6.4,amoled display
realme,8490,4.0,android,64.0,3500,No,Yes,No,No,snapdragon,8.0,16.0,2,16.0,1,6.3,lcd display
vivo,8990,2.0,android,32.0,4030,No,Yes,No,No,mediatek,8.0,13.0,2,8.0,1,6.22,lcd display
vivo,8990,3.0,android,32.0,5000,Yes,Yes,No,No,snapdragon,8.0,13.0,3,8.0,1,6.35,lcd display
samsung,16790,6.0,android,128.0,6000,Yes,Yes,No,No,samsung,8.0,64.0,4,32.0,1,6.4,amoled display
xiaomi,9990,4.0,android,128.0,5020,Yes,Yes,No,No,mediatek,8.0,48.0,4,13.0,1,6.53,lcd display
poco,7950,3.0,android,32.0,5000,No,Yes,No,No,mediatek,8.0,13.0,3,5.0,1,6.53,lcd display
vivo,16999,8.0,android,128.0,5000,Yes,Yes,No,No,snapdragon,8.0,48.0,3,16.0,1,6.58,lcd display
samsung,27999,8.0,android,256.0,4000,Yes,Yes,Yes,Yes,samsung,8.0,12.0,3,10.0,1,6.2,amoled display
realme,15499,4.0,android,64.0,5000,Yes,Yes,No,Yes,mediatek,8.0,48.0,2,8.0,1,6.6,lcd display
moto,6745,4.0,android,64.0,5000,No,Yes,No,No,unisoc,8.0,48.0,3,8.0,1,6.5,lcd display
xiaomi,9160,4.0,android,64.0,5000,Yes,Yes,No,No,mediatek,8.0,50.0,3,8.0,1,6.58,lcd display
realme,6990,2.0,android,32.0,5000,No,Yes,No,No,unisoc,8.0,8.0,1,5.0,1,6.5,lcd display
moto,17999,4.0,android,64.0,5000,Yes,Yes,Yes,No,snapdragon,8.0,50.0,3,16.0,1,6.6,amoled display
samsung,9980,4.0,android,64.0,5000,No,Yes,No,No,samsung,8.0,50.0,3,13.0,1,6.6,lcd display
oppo,15499,4.0,android,64.0,5000,Yes,Yes,No,No,mediatek,8.0,50.0,2,8.0,1,6.56,lcd display
nokia,7449,4.0,android,64.0,5000,No,Yes,No,No,unisoc,8.0,50.0,2,8.0,1,6.51,lcd display
realme,9999,4.0,android,64.0,5000,Yes,Yes,No,No,mediatek,8.0,64.0,2,8.0,1,6.72,lcd display
google,69999,8.0,android,256.0,4575,Yes,Yes,Yes,Yes,google,8.0,50.0,2,10.5,1,6.2,oled display
moto,8999,8.0,android,128.0,6000,Yes,Yes,No,No,mediatek,8.0,50.0,2,16.0,1,6.56,lcd display
itel,7499,4.0,android,128.0,5000,Yes,Yes,No,No,unisoc,8.0,50.0,2,8.0,1,6.6,lcd display
itel,8399,4.0,android,128.0,5000,Yes,Yes,No,Yes,mediatek,8.0,50.0,1,8.0,1,6.6,lcd display
Other,23476,12.0,android,256.0,15080,Yes,Yes,Yes,No,mediatek,8.0,64.0,2,32.0,1,6.7,lcd display
nokia,31166,0.5,other,16.0,1830,No,Yes,No,No,snapdragon,1.0,8.0,1,1.0,1,4.3,amoled display
samsung,46000,4.0,android,32.0,3000,No,Yes,Yes,No,samsung,8.0,12.0,1,5.0,1,5.1,amoled display
samsung,49990,4.0,android,64.0,3000,No,Yes,Yes,No,samsung,8.0,12.0,1,8.0,1,5.8,amoled display
lyf,4399,3.0,android,16.0,2800,No,Yes,No,No,mediatek,8.0,13.0,1,5.0,1,5.5,lcd display
oppo,44999,12.0,android,256.0,4200,Yes,Yes,Yes,Yes,snapdragon,8.0,48.0,3,32.0,1,6.7,oled display
xiaomi,5499,1.0,android,16.0,3000,No,Yes,No,No,snapdragon,4.0,8.0,1,5.0,1,5.0,lcd display
samsung,69999,12.0,android,256.0,4500,Yes,Yes,Yes,Yes,snapdragon,8.0,12.0,3,10.0,2,7.6,amoled display
realme,11180,4.0,android,64.0,4300,Yes,Yes,No,No,mediatek,8.0,48.0,4,16.0,1,6.5,lcd display
oppo,7600,2.0,android,32.0,4230,No,Yes,No,No,mediatek,8.0,13.0,2,5.0,1,6.22,lcd display
realme,7999,3.0,android,32.0,6000,Yes,Yes,No,No,mediatek,8.0,13.0,4,8.0,1,6.52,lcd display
realme,11990,4.0,android,64.0,5000,Yes,Yes,No,No,snapdragon,8.0,64.0,4,16.0,1,6.5,lcd display
oneplus,27799,12.0,android,256.0,4500,Yes,Yes,Yes,Yes,snapdragon,8.0,48.0,4,16.0,1,6.55,amoled display
asus,55999,8.0,android,128.0,6000,Yes,Yes,Yes,Yes,snapdragon,8.0,64.0,3,24.0,1,6.78,amoled display
realme,11999,6.0,android,128.0,5000,Yes,Yes,No,Yes,mediatek,8.0,48.0,3,16.0,1,6.5,lcd display
oneplus,47999,12.0,android,256.0,4500,Yes,Yes,Yes,Yes,snapdragon,8.0,48.0,4,16.0,1,6.7,amoled display
oneplus,21999,8.0,android,128.0,4500,Yes,Yes,Yes,Yes,snapdragon,8.0,64.0,3,16.0,1,6.43,amoled display
xiaomi,15490,6.0,android,128.0,5000,Yes,Yes,No,Yes,mediatek,8.0,50.0,2,16.0,1,6.6,lcd display
xiaomi,11999,4.0,android,64.0,5000,Yes,Yes,Yes,Yes,mediatek,8.0,50.0,2,8.0,1,6.58,lcd display
realme,6990,3.0,android,32.0,5000,No,Yes,No,No,unisoc,8.0,50.0,2,5.0,1,6.5,lcd display
moto,18999,8.0,android,128.0,5000,Yes,Yes,No,Yes,snapdragon,8.0,50.0,3,16.0,1,6.5,lcd display
poco,8999,6.0,android,128.0,5000,No,Yes,No,No,mediatek,8.0,50.0,2,5.0,1,6.71,lcd display
tecno,12399,4.0,android,64.0,5000,Yes,Yes,No,Yes,mediatek,8.0,50.0,2,8.0,1,6.6,lcd display
xiaomi,11499,8.0,android,256.0,5000,Yes,Yes,No,No,mediatek,8.0,50.0,3,8.0,1,6.74,lcd display
oppo,14799,6.0,android,128.0,5000,Yes,Yes,No,Yes,mediatek,8.0,13.0,2,8.0,1,6.56,lcd display
vivo,13899,6.0,android,128.0,5000,No,Yes,No,Yes,mediatek,8.0,50.0,2,8.0,1,6.56,lcd display
Other,26900,12.0,android,256.0,5000,Yes,Yes,Yes,Yes,mediatek,8.0,50.0,2,32.0,1,6.7,amoled display
iqoo,57999,16.0,android,512.0,5000,Yes,Yes,Yes,Yes,snapdragon,8.0,50.0,3,16.0,1,6.78,amoled display
realme,12499,8.0,android,128.0,5000,Yes,Yes,No,Yes,mediatek,8.0,50.0,1,8.0,1,6.67,lcd display
realme,24999,8.0,android,256.0,5000,Yes,Yes,No,Yes,mediatek,8.0,50.0,2,16.0,1,6.67,oled display
motorola,10999,4.0,android,64.0,5000,No,Yes,No,No,snapdragon,8.0,16.0,2,12.0,1,6.2,lcd display
samsung,19999,8.0,android,128.0,3700,Yes,Yes,Yes,No,snapdragon,8.0,48.0,2,48.0,2,6.7,amoled display
realme,21999,6.0,android,128.0,4310,Yes,Yes,No,Yes,mediatek,8.0,64.0,3,16.0,1,6.4,amoled display
realme,11990,6.0,android,64.0,4500,Yes,Yes,No,No,mediatek,8.0,48.0,4,16.0,1,6.5,lcd display
oneplus,31990,12.0,android,256.0,4500,Yes,Yes,Yes,Yes,snapdragon,8.0,48.0,3,16.0,1,6.55,amoled display
moto,11990,6.0,android,128.0,6000,Yes,Yes,Yes,No,snapdragon,8.0,64.0,3,16.0,1,6.8,lcd display
oneplus,24999,8.0,android,128.0,4500,Yes,Yes,Yes,Yes,mediatek,8.0,50.0,3,32.0,1,6.43,amoled display
xiaomi,10780,4.0,android,64.0,5020,Yes,Yes,No,No,snapdragon,8.0,48.0,4,16.0,1,6.67,lcd display
vivo,33990,8.0,android,256.0,4450,Yes,Yes,No,Yes,mediatek,8.0,50.0,4,32.0,1,6.56,amoled display
xiaomi,10290,4.0,android,64.0,6000,Yes,Yes,No,No,mediatek,8.0,50.0,4,8.0,1,6.5,lcd display
infinix,9799,8.0,android,128.0,5000,Yes,Yes,No,No,mediatek,8.0,50.0,3,16.0,1,6.95,lcd display
tecno,11499,4.0,android,64.0,7000,Yes,Yes,No,No,mediatek,8.0,50.0,2,8.0,1,6.9,lcd display
realme,6990,3.0,android,32.0,5000,No,Yes,No,No,unisoc,8.0,13.0,3,5.0,1,6.5,lcd display
vivo,12999,8.0,android,128.0,5000,Yes,Yes,No,No,snapdragon,8.0,50.0,3,16.0,1,6.58,lcd display
iqoo,69990,12.0,android,256.0,4700,Yes,Yes,Yes,Yes,snapdragon,8.0,50.0,3,16.0,1,6.78,amoled display
samsung,18499,8.0,android,128.0,6000,Yes,Yes,Yes,Yes,samsung,8.0,50.0,4,8.0,1,6.6,tft display
realme,15500,8.0,android,128.0,5000,Yes,Yes,No,No,snapdragon,8.0,108.0,3,16.0,1,6.4,amoled display
infinix,15990,8.0,android,128.0,4500,Yes,Yes,No,No,mediatek,8.0,108.0,3,60.0,1,6.7,amoled display
lava,8998,4.0,android,128.0,5000,No,Yes,No,Yes,mediatek,8.0,50.0,3,8.0,1,6.5,lcd display
samsung,7499,3.0,android,64.0,5000,No,Yes,No,No,mediatek,8.0,13.0,2,5.0,1,6.5,lcd display
iqoo,64999,16.0,android,256.0,5000,Yes,Yes,Yes,Yes,snapdragon,8.0,50.0,3,16.0,1,6.78,amoled display
samsung,14990,8.0,android,128.0,5000,Yes,Yes,No,Yes,samsung,8.0,50.0,3,13.0,1,6.6,lcd display
samsung,12998,6.0,android,128.0,6000,Yes,Yes,No,Yes,samsung,8.0,50.0,2,13.0,1,6.6,lcd display
nokia,6999,4.0,android,64.0,5000,No,Yes,No,No,unisoc,8.0,13.0,2,8.0,1,6.5,lcd display
itel,6801,4.0,android,128.0,7000,Yes,Yes,No,No,unisoc,8.0,13.0,2,8.0,1,6.8,lcd display
iqoo,37999,12.0,android,256.0,5000,Yes,Yes,No,Yes,snapdragon,8.0,50.0,3,16.0,1,6.78,amoled display
ikall,9300,6.0,android,128.0,5000,No,Yes,No,No,tru-mediatek,8.0,13.0,3,8.0,1,6.8,lcd display
samsung,20999,8.0,android,256.0,6000,Yes,Yes,Yes,Yes,samsung,8.0,50.0,3,13.0,1,6.5,amoled display
samsung,13800,4.0,android,64.0,3300,No,Yes,No,No,snapdragon,4.0,13.0,2,8.0,1,6.0,tft display
poco,37999,12.0,android,256.0,5000,Yes,Yes,Yes,Yes,snapdragon,8.0,50.0,2,20.0,1,6.67,amoled display
apple,110900,8.0,ios,512.0,4674,Yes,No,Yes,Yes,apple,6.0,48.0,2,12.0,1,6.7,oled display
apple,13990,0.5,ios,8.0,1420,No,Yes,No,No,apple,8.0,5.0,1,0.3,1,3.5,lcd display
samsung,8990,1.5,android,8.0,2600,No,Yes,No,No,samsung,4.0,8.0,1,5.0,1,5.0,tft display
xiaomi,7799,3.0,android,32.0,3080,No,Yes,No,No,snapdragon,8.0,12.0,2,16.0,1,5.99,lcd display
nokia,17979,3.0,android,32.0,3000,No,Yes,Yes,No,snapdragon,8.0,16.0,1,8.0,1,5.5,lcd display
realme,13490,6.0,android,64.0,4300,Yes,Yes,No,No,snapdragon,8.0,64.0,4,16.0,2,6.6,lcd display
realme,9999,4.0,android,128.0,5000,Yes,Yes,No,No,mediatek,8.0,48.0,4,16.0,1,6.5,lcd display
oneplus,21999,12.0,android,256.0,4115,Yes,Yes,Yes,Yes,snapdragon,8.0,48.0,4,32.0,2,6.44,amoled display
oppo,10489,4.0,android,64.0,4230,No,Yes,No,No,mediatek,8.0,12.0,3,8.0,1,6.5,lcd display
apple,50999,4.0,ios,128.0,2815,Yes,No,Yes,Yes,apple,6.0,12.0,2,12.0,1,6.1,oled display
realme,6490,2.0,android,32.0,5000,No,Yes,No,No,unisoc,8.0,8.0,1,5.0,1,6.5,lcd display
poco,6980,4.0,android,64.0,5000,Yes,Yes,No,No,mediatek,8.0,13.0,4,8.0,1,6.53,lcd display
tecno,8819,4.0,android,64.0,7000,Yes,Yes,No,No,mediatek,8.0,48.0,4,8.0,1,6.95,lcd display
xiaomi,23278,8.0,android,256.0,5000,Yes,Yes,No,Yes,snapdragon,8.0,108.0,3,16.0,1,6.67,amoled display
samsung,7560,4.0,android,64.0,5000,No,Yes,No,No,mediatek,8.0,50.0,2,5.0,1,6.5,lcd display
samsung,22999,8.0,android,128.0,5000,Yes,Yes,No,Yes,mediatek,8.0,108.0,4,32.0,1,6.7,amoled display
realme,23580,8.0,android,256.0,5000,Yes,Yes,Yes,Yes,mediatek,8.0,50.0,3,16.0,1,6.7,amoled display
apple,133990,6.0,ios,256.0,4323,Yes,No,Yes,Yes,apple,6.0,48.0,3,12.0,1,6.7,oled display
tecno,6899,3.0,android,64.0,5000,No,Yes,No,No,unisoc,8.0,13.0,2,8.0,1,6.56,lcd display
samsung,109999,12.0,android,512.0,4900,Yes,Yes,Yes,Yes,samsung,10.0,50.0,3,12.0,1,6.7,amoled display
asus,119999,24.0,android,1024.0,5500,Yes,Yes,Yes,Yes,snapdragon,8.0,50.0,3,32.0,1,6.78,amoled display
realme,13999,8.0,android,128.0,5000,Yes,Yes,No,Yes,mediatek,8.0,108.0,2,8.0,1,6.72,lcd display
tecno,26999,12.0,android,512.0,5000,Yes,Yes,Yes,Yes,mediatek,8.0,50.0,2,50.0,1,6.78,amoled display
asus,13999,3.0,android,16.0,3000,No,Yes,No,No,snapdragon,8.0,13.0,1,5.0,1,5.5,lcd display
samsung,33999,4.0,android,64.0,3500,Yes,Yes,Yes,No,samsung,8.0,12.0,1,8.0,1,6.2,amoled display
xiaomi,10999,3.0,android,32.0,4000,No,Yes,No,No,snapdragon,8.0,12.0,1,5.0,1,5.99,lcd display
asus,7199,2.0,android,16.0,3000,No,Yes,No,No,snapdragon,8.0,13.0,1,5.0,1,5.45,lcd display
vivo,12499,4.0,android,64.0,4030,No,Yes,No,No,snapdragon,8.0,13.0,2,20.0,1,6.22,lcd display
oppo,41990,6.0,android,128.0,4065,No,Yes,Yes,No,snapdragon,8.0,48.0,3,16.0,1,6.6,amoled display
asus,40999,8.0,android,128.0,6000,No,Yes,Yes,No,snapdragon,8.0,48.0,2,24.0,1,6.59,amoled display
oppo,8499,4.0,android,64.0,4230,No,Yes,No,No,snapdragon,8.0,13.0,2,8.0,1,6.2,lcd display
Other,15990,4.0,android,128.0,4000,No,Yes,No,No,hisilicon,8.0,16.0,3,16.0,1,6.59,lcd display
samsung,15999,6.0,android,128.0,4500,Yes,Yes,Yes,No,snapdragon,8.0,64.0,3,32.0,1,6.7,amoled display
ikall,4999,4.0,android,64.0,3000,No,Yes,No,No,quad,4.0,8.0,1,5.0,1,6.0,tft display
vivo,9990,3.0,android,32.0,5000,No,Yes,No,No,mediatek,8.0,13.0,2,8.0,1,6.51,lcd display
vivo,55999,12.0,android,256.0,4200,Yes,Yes,No,Yes,snapdragon,8.0,50.0,4,32.0,1,6.56,amoled display
xiaomi,19940,8.0,android,128.0,4820,Yes,Yes,No,Yes,snapdragon,8.0,108.0,4,16.0,1,6.67,lcd display
vivo,14994,8.0,android,128.0,5000,Yes,Yes,No,Yes,snapdragon,8.0,48.0,2,8.0,1,6.58,lcd display
poco,13690,8.0,android,128.0,5160,Yes,Yes,No,No,snapdragon,8.0,48.0,4,20.0,1,6.67,lcd display
xiaomi,7499,3.0,android,32.0,5000,No,Yes,No,No,mediatek,8.0,13.0,1,5.0,1,6.53,lcd display
samsung,13990,6.0,android,128.0,5000,Yes,Yes,Yes,Yes,mediatek,8.0,48.0,4,13.0,1,6.5,tft display
vivo,11499,4.0,android,64.0,5000,Yes,Yes,No,No,mediatek,8.0,13.0,2,8.0,1,6.51,lcd display
Other,4999,3.0,android,16.0,2600,No,Yes,No,No,spreadtrum,4.0,8.0,1,5.0,1,5.5,lcd display
samsung,8470,4.0,android,64.0,5000,Yes,Yes,No,No,samsung,8.0,50.0,3,5.0,1,6.5,lcd display
xiaomi,17990,8.0,android,128.0,5000,Yes,Yes,No,Yes,snapdragon,8.0,108.0,3,16.0,1,6.67,amoled display
vivo,49990,12.0,android,256.0,4500,Yes,Yes,Yes,Yes,mediatek,8.0,50.0,3,32.0,1,6.78,amoled display
iqoo,31999,12.0,android,256.0,4700,Yes,Yes,No,Yes,snapdragon,8.0,64.0,3,16.0,1,6.62,amoled display
xiaomi,14399,8.0,android,256.0,5080,Yes,Yes,No,Yes,mediatek,8.0,64.0,3,16.0,1,6.6,lcd display
apple,69900,6.0,ios,512.0,3279,Yes,No,Yes,Yes,apple,6.0,12.0,2,12.0,1,6.1,oled display
samsung,16249,8.0,android,128.0,5000,Yes,Yes,No,Yes,snapdragon,8.0,50.0,4,8.0,1,6.6,lcd display
iqoo,33495,12.0,android,256.0,5000,Yes,Yes,No,Yes,mediatek,8.0,64.0,3,16.0,1,6.78,amoled display
lava,6899,4.0,android,64.0,5000,No,Yes,No,No,mediatek,8.0,13.0,3,5.0,1,6.5,lcd display
vivo,12699,4.0,android,128.0,5000,Yes,Yes,No,No,mediatek,8.0,50.0,2,8.0,1,6.55,lcd display
iqoo,19999,8.0,android,128.0,4500,Yes,Yes,No,Yes,snapdragon,8.0,64.0,2,16.0,1,6.38,amoled display
moto,6749,8.0,android,128.0,5000,No,Yes,No,No,unisoc,8.0,13.0,1,5.0,1,6.5,lcd display
poco,8999,6.0,android,128.0,5000,No,Yes,No,No,mediatek,8.0,8.0,2,5.0,1,6.52,lcd display
gionee,9499,4.0,android,64.0,3130,No,Yes,No,No,mediatek,8.0,13.0,1,8.0,1,5.5,lcd display
xiaomi,14999,8.0,android,256.0,5000,Yes,Yes,No,Yes,mediatek,8.0,50.0,2,5.0,1,6.74,lcd display
ikall,9241,6.0,android,128.0,6000,No,Yes,No,No,tru-mediatek,8.0,21.0,3,8.0,1,6.8,lcd display
Other,58277,12.0,android,512.0,5280,Yes,Yes,Yes,Yes,mediatek,8.0,50.0,4,50.0,1,6.78,lcd display
samsung,11999,6.0,android,128.0,5000,Yes,Yes,No,No,snapdragon,8.0,50.0,3,13.0,1,6.7,lcd display
vivo,15499,6.0,android,128.0,5000,No,Yes,No,Yes,mediatek,8.0,50.0,2,8.0,1,6.56,lcd display
apple,157900,8.0,ios,512.0,4685,Yes,No,Yes,Yes,apple,6.0,48.0,3,12.0,1,6.9,oled display
tecno,54999,8.0,android,256.0,4720,Yes,Yes,Yes,Yes,mediatek,8.0,50.0,2,32.0,1,6.9,amoled display
oppo,36999,12.0,android,256.0,5000,Yes,Yes,Yes,Yes,mediatek,8.0,50.0,3,50.0,1,6.7,amoled display
Other,58788,16.0,android,256.0,10200,Yes,Yes,Yes,Yes,mediatek,8.0,100.0,2,32.0,1,6.58,lcd display
intex,3912,1.0,android,8.0,1800,No,Yes,No,No,mediatek,4.0,5.0,1,2.0,1,4.5,lcd display
lyf,3149,1.0,android,8.0,2000,No,Yes,No,No,mediatek,4.0,8.0,1,5.0,1,5.0,lcd display
sony,49990,4.0,android,64.0,3230,No,Yes,Yes,No,snapdragon,8.0,19.0,1,13.0,1,5.5,lcd display
xiaomi,5450,2.0,android,16.0,3080,No,Yes,No,No,snapdragon,4.0,13.0,1,5.0,1,5.5,lcd display
lenovo,7799,4.0,android,64.0,3760,No,Yes,No,No,snapdragon,8.0,16.0,2,8.0,1,5.99,lcd display
samsung,9999,3.0,android,32.0,3000,No,Yes,No,No,samsung,8.0,13.0,1,8.0,1,5.6,amoled display
vivo,12490,4.0,android,32.0,3260,No,Yes,No,No,snapdragon,8.0,16.0,2,16.0,1,6.3,lcd display
google,17999,4.0,android,64.0,3430,No,Yes,Yes,No,snapdragon,8.0,12.2,1,8.0,2,6.3,oled display
oppo,14999,4.0,android,128.0,4020,Yes,Yes,No,No,mediatek,8.0,48.0,2,16.0,1,6.5,tft display
realme,19490,8.0,android,128.0,4000,Yes,Yes,No,No,snapdragon,8.0,64.0,4,16.0,1,6.4,amoled display
realme,20999,8.0,android,128.0,4000,Yes,Yes,Yes,No,snapdragon,8.0,64.0,4,16.0,1,6.5,amoled display
realme,7990,2.0,android,32.0,5000,No,Yes,No,No,mediatek,8.0,13.0,2,5.0,1,6.52,lcd display
vivo,11490,3.0,android,64.0,5000,Yes,Yes,No,No,snapdragon,8.0,13.0,3,8.0,1,6.51,lcd display
oppo,9700,4.0,android,128.0,5000,Yes,Yes,No,No,snapdragon,8.0,12.0,4,16.0,1,6.5,lcd display
tecno,10999,6.0,android,128.0,5000,Yes,Yes,No,No,mediatek,8.0,64.0,3,16.0,1,6.8,lcd display
oneplus,33999,12.0,android,256.0,4500,Yes,Yes,Yes,Yes,snapdragon,8.0,48.0,4,16.0,1,6.55,amoled display
tecno,7190,2.0,android,32.0,6000,No,Yes,No,No,mediatek,8.0,16.0,1,8.0,1,6.52,lcd display
vivo,10699,3.0,android,32.0,5000,No,Yes,No,No,snapdragon,8.0,13.0,2,8.0,1,6.51,lcd display
motorola,17990,8.0,android,128.0,5000,Yes,Yes,Yes,Yes,mediatek,8.0,108.0,3,32.0,1,6.7,oled display
infinix,10999,4.0,android,64.0,5000,Yes,Yes,No,No,mediatek,8.0,50.0,2,8.0,1,6.78,lcd display
vivo,10990,4.0,android,128.0,5000,Yes,Yes,No,No,snapdragon,8.0,50.0,3,8.0,1,6.58,lcd display
xiaomi,19949,8.0,android,128.0,5160,Yes,Yes,No,Yes,mediatek,8.0,108.0,3,16.0,1,6.67,amoled display
tecno,9099,8.0,android,128.0,6000,Yes,Yes,Yes,No,mediatek,8.0,50.0,2,8.0,1,6.82,lcd display
realme,24990,12.0,android,256.0,5000,Yes,Yes,Yes,Yes,snapdragon,8.0,50.0,3,16.0,1,6.62,amoled display
vivo,17990,8.0,android,128.0,4700,Yes,Yes,No,Yes,snapdragon,8.0,64.0,3,16.0,1,6.44,amoled display
tecno,14999,6.0,android,128.0,5000,Yes,Yes,No,No,mediatek,8.0,64.0,2,16.0,1,6.8,lcd display
oneplus,33999,12.0,android,256.0,4500,Yes,Yes,Yes,Yes,mediatek,8.0,50.0,3,32.0,1,6.43,amoled display
Other,34990,12.0,android,256.0,4500,Yes,Yes,Yes,Yes,snapdragon,8.0,50.0,2,16.0,1,6.55,oled display
apple,173039,6.0,ios,1024.0,3200,Yes,No,Yes,Yes,apple,6.0,48.0,3,12.0,1,6.1,oled display
infinix,14990,8.0,android,128.0,5000,Yes,Yes,No,Yes,mediatek,8.0,50.0,3,16.0,1,6.78,lcd display
moto,9499,4.0,android,64.0,5000,No,Yes,No,No,mediatek,8.0,50.0,3,8.0,1,6.5,lcd display
realme,8950,4.0,android,64.0,5000,No,Yes,No,No,unisoc,8.0,50.0,2,5.0,1,6.5,lcd display
realme,14590,8.0,android,128.0,5000,Yes,Yes,No,No,mediatek,8.0,64.0,2,8.0,1,6.72,lcd display
realme,23999,8.0,android,256.0,5000,Yes,Yes,No,Yes,mediatek,8.0,100.0,2,16.0,1,6.7,amoled display
ikall,9499,6.0,android,128.0,6000,No,Yes,No,No,quad,4.0,13.0,3,8.0,1,6.8,lcd display
itel,8799,6.0,android,128.0,5000,Yes,Yes,No,Yes,mediatek,8.0,50.0,2,8.0,1,6.6,lcd display
nokia,10499,0.5,other,8.0,1300,No,No,Yes,No,snapdragon,8.0,5.0,1,0.3,1,3.8,tft display
poco,10999,8.0,android,256.0,5000,Yes,Yes,No,No,mediatek,8.0,50.0,2,8.0,1,6.74,lcd display
Other,42542,12.0,android,256.0,9800,Yes,Yes,Yes,No,mediatek,8.0,64.0,3,20.0,1,6.78,lcd display
poco,10999,6.0,android,128.0,5000,Yes,Yes,No,Yes,mediatek,8.0,50.0,2,5.0,1,6.74,lcd display
lava,6999,4.0,android,64.0,5000,Yes,Yes,No,No,unisoc,8.0,13.0,1,5.0,1,6.5,lcd display
vivo,37999,12.0,android,256.0,5000,Yes,Yes,No,Yes,snapdragon,8.0,50.0,2,50.0,1,6.78,amoled display
xiaomi,9350,2.0,android,16.0,3050,No,No,Yes,No,snapdragon,4.0,13.0,1,2.0,1,5.0,lcd display
honor,8499,2.0,android,16.0,4000,No,Yes,No,No,mediatek,8.0,13.0,1,5.0,1,5.0,lcd display
lyf,4290,3.0,android,32.0,2500,No,Yes,No,No,snapdragon,8.0,13.0,1,13.0,1,5.0,lcd display
samsung,9799,2.0,android,16.0,2600,No,Yes,No,No,spreadtrum,4.0,8.0,1,5.0,1,5.0,amoled display
sony,29990,4.0,android,64.0,2900,No,Yes,Yes,No,snapdragon,4.0,19.0,1,13.0,1,5.2,lcd display
sony,22990,4.0,android,64.0,2700,No,No,Yes,No,mediatek,8.0,23.0,1,16.0,1,6.0,lcd display
xiaomi,37999,6.0,android,128.0,3400,No,Yes,No,No,snapdragon,8.0,12.0,1,5.0,1,5.99,lcd display
htc,56990,6.0,android,128.0,3930,No,Yes,Yes,No,snapdragon,8.0,12.0,1,8.0,1,6.0,lcd display
vivo,23990,4.0,android,64.0,3260,No,Yes,No,No,snapdragon,8.0,16.0,2,24.0,1,6.3,lcd display
xiaomi,6990,3.0,android,32.0,4000,No,Yes,No,No,snapdragon,8.0,12.0,2,5.0,1,5.84,lcd display
motorola,7990,4.0,android,64.0,3000,No,Yes,Yes,No,snapdragon,8.0,13.0,2,8.0,1,5.9,lcd display
Other,13950,4.0,android,64.0,4000,No,Yes,No,No,snapdragon,8.0,13.0,2,16.0,1,5.99,lcd display
xiaomi,6464,2.0,android,32.0,3000,No,Yes,No,No,mediatek,4.0,13.0,1,5.0,1,5.45,lcd display
oppo,9999,4.0,android,64.0,3600,No,Yes,No,No,snapdragon,8.0,16.0,2,25.0,1,6.4,amoled display
apple,42999,3.0,ios,128.0,2942,No,No,Yes,No,apple,6.0,12.0,1,7.0,1,6.1,lcd display
Other,38999,8.0,android,128.0,5000,Yes,Yes,No,No,snapdragon,8.0,48.0,1,16.0,1,6.65,amoled display
google,16999,4.0,android,64.0,3000,Yes,Yes,Yes,No,snapdragon,8.0,12.2,1,8.0,1,5.6,oled display
oneplus,27999,8.0,android,256.0,4000,Yes,Yes,Yes,No,snapdragon,8.0,48.0,3,16.0,1,6.67,amoled display
xiaomi,6830,2.0,android,32.0,4000,No,Yes,No,No,snapdragon,8.0,12.0,1,5.0,1,5.45,lcd display
realme,17990,8.0,android,128.0,4200,Yes,Yes,No,No,snapdragon,8.0,64.0,4,16.0,2,6.6,lcd display
moto,6990,4.0,android,64.0,5000,No,Yes,No,No,snapdragon,8.0,48.0,2,8.0,1,6.5,lcd display
micromax,7490,4.0,android,64.0,5000,Yes,Yes,No,No,mediatek,8.0,48.0,4,16.0,1,6.67,lcd display
infinix,5990,2.0,android,32.0,5000,No,Yes,No,No,mediatek,4.0,8.0,1,5.0,1,6.1,lcd display
infinix,10990,4.0,android,64.0,6000,No,Yes,No,No,mediatek,8.0,48.0,2,8.0,1,6.82,lcd display
tecno,7500,6.0,android,64.0,5000,No,Yes,No,No,mediatek,8.0,48.0,2,8.0,1,6.6,lcd display
realme,32999,12.0,android,256.0,4500,Yes,Yes,Yes,Yes,mediatek,8.0,64.0,3,16.0,1,6.43,amoled display
realme,7990,3.0,android,32.0,5000,No,Yes,No,No,unisoc,8.0,13.0,3,5.0,1,6.5,lcd display
infinix,12499,4.0,android,64.0,5000,Yes,Yes,No,No,mediatek,8.0,50.0,2,16.0,1,6.7,amoled display
poco,5930,3.0,android,32.0,5000,No,Yes,No,No,mediatek,8.0,13.0,3,5.0,1,6.53,lcd display
xiaomi,16099,8.0,android,128.0,4250,Yes,Yes,Yes,Yes,snapdragon,8.0,64.0,3,20.0,1,6.55,amoled display
poco,7090,4.0,android,64.0,5000,No,Yes,No,No,mediatek,8.0,13.0,3,5.0,1,6.53,lcd display
samsung,48859,8.0,android,512.0,4500,Yes,Yes,Yes,No,snapdragon,8.0,48.0,3,32.0,1,6.7,amoled display
Other,2599,0.5,android,4.0,1800,No,Yes,No,No,spreadtrum,4.0,5.0,1,2.0,1,4.0,tft display
samsung,19990,8.0,android,128.0,5000,Yes,Yes,Yes,No,mediatek,8.0,64.0,4,20.0,1,6.4,amoled display
samsung,22464,8.0,android,256.0,4500,Yes,Yes,Yes,Yes,samsung,8.0,12.0,3,32.0,1,6.4,amoled display
realme,14999,6.0,android,128.0,5000,Yes,Yes,No,No,snapdragon,8.0,50.0,3,16.0,1,6.6,lcd display
realme,17994,8.0,android,128.0,5000,Yes,Yes,No,Yes,snapdragon,8.0,64.0,3,16.0,1,6.6,lcd display
Other,75490,8.0,android,256.0,6200,No,Yes,Yes,Yes,snapdragon,8.0,48.0,3,16.0,1,6.53,lcd display
samsung,21999,8.0,android,128.0,5000,Yes,Yes,Yes,Yes,samsung,8.0,48.0,4,13.0,1,6.4,amoled display
infinix,7999,4.0,android,64.0,5000,Yes,Yes,No,No,mediatek,8.0,50.0,2,8.0,1,6.7,amoled display
realme,18990,8.0,android,128.0,5000,Yes,Yes,No,Yes,mediatek,8.0,48.0,3,16.0,1,6.4,amoled display
realme,21999,12.0,android,256.0,4500,Yes,Yes,Yes,Yes,mediatek,8.0,50.0,3,16.0,1,6.7,amoled display
iqoo,17999,6.0,android,128.0,5000,Yes,Yes,No,Yes,snapdragon,8.0,50.0,2,8.0,1,6.58,lcd display
xiaomi,7990,3.0,android,32.0,5000,No,Yes,No,No,mediatek,4.0,8.0,2,5.0,1,6.52,lcd display
xiaomi,14999,6.0,android,128.0,5000,Yes,Yes,No,Yes,snapdragon,8.0,48.0,3,13.0,1,6.67,amoled display
xiaomi,18799,8.0,android,256.0,5000,Yes,Yes,No,Yes,mediatek,8.0,50.0,3,16.0,1,6.67,amoled display
Other,20574,4.0,android,64.0,8000,No,Yes,No,No,mediatek,8.0,13.0,3,5.0,1,5.5,lcd display
oneplus,28998,12.0,android,256.0,5000,Yes,Yes,Yes,Yes,snapdragon,8.0,50.0,3,16.0,1,6.7,amoled display
realme,9299,4.0,android,128.0,5000,Yes,Yes,No,No,unisoc,8.0,108.0,1,8.0,1,6.74,lcd display
poco,10979,6.0,android,128.0,5000,Yes,Yes,No,Yes,snapdragon,8.0,50.0,2,8.0,1,6.79,lcd display
apple,135900,8.0,ios,512.0,4441,Yes,No,Yes,Yes,apple,6.0,48.0,3,12.0,1,6.7,oled display
apple,139900,8.0,ios,1024.0,3274,Yes,No,Yes,Yes,apple,6.0,48.0,3,12.0,1,6.1,oled display
lava,11999,8.0,android,128.0,5000,Yes,Yes,No,Yes,mediatek,8.0,50.0,1,8.0,1,6.78,lcd display
vivo,21300,4.0,android,64.0,3225,No,Yes,No,No,snapdragon,8.0,16.0,1,24.0,1,5.99,lcd display
realme,12495,6.0,android,128.0,5000,Yes,Yes,No,Yes,mediatek,8.0,50.0,2,8.0,1,6.72,lcd display
vivo,15999,8.0,android,128.0,5000,No,Yes,No,Yes,mediatek,8.0,50.0,2,8.0,1,6.56,lcd display
realme,23899,8.0,android,256.0,5000,Yes,Yes,No,Yes,snapdragon,8.0,50.0,3,16.0,1,6.7,amoled display
realme,30199,12.0,android,256.0,5000,Yes,Yes,No,Yes,snapdragon,8.0,50.0,3,32.0,1,6.7,amoled display
itel,7299,8.0,android,128.0,5000,Yes,Yes,No,No,unisoc,8.0,50.0,2,8.0,1,6.6,lcd display
xiaomi,8190,4.0,android,128.0,5000,No,Yes,No,No,mediatek,8.0,8.0,2,5.0,1,6.7,lcd display
vivo,20999,8.0,android,128.0,5000,Yes,Yes,No,Yes,snapdragon,8.0,50.0,2,16.0,1,6.67,amoled display
vivo,9499,4.0,android,128.0,5000,Yes,Yes,No,No,mediatek,8.0,50.0,2,8.0,1,6.56,lcd display
samsung,200999,12.0,android,1024.0,4400,Yes,Yes,Yes,Yes,snapdragon,8.0,50.0,3,10.0,2,7.6,amoled display
xiaomi,48999,12.0,android,512.0,4700,Yes,Yes,Yes,Yes,snapdragon,8.0,50.0,3,32.0,2,6.55,amoled display
apple,162900,8.0,ios,1024.0,3582,Yes,No,Yes,Yes,apple,6.0,48.0,3,12.0,1,6.3,oled display
tecno,10499,4.0,android,128.0,5000,Yes,Yes,Yes,Yes,mediatek,8.0,48.0,1,8.0,1,6.67,lcd display
htc,21090,1.5,android,8.0,2600,No,Yes,No,No,snapdragon,8.0,13.0,1,5.0,1,5.5,lcd display
vivo,6500,0.5,android,4.0,1900,No,Yes,No,No,mediatek,4.0,5.0,1,2.0,1,4.5,lcd display
Other,10999,2.0,android,16.0,2500,No,Yes,No,No,snapdragon,8.0,13.0,1,5.0,1,5.5,lcd display
Other,39999,3.0,android,32.0,3000,No,Yes,Yes,No,hisilicon,8.0,12.0,2,8.0,1,5.2,lcd display
samsung,4790,1.0,other,8.0,1500,No,Yes,No,No,spreadtrum,4.0,5.0,1,0.3,1,4.0,tft display
lyf,4399,3.0,android,16.0,2300,No,Yes,No,No,mediatek,8.0,13.0,1,5.0,1,5.0,lcd display
coolpad,7999,3.0,android,32.0,2500,No,Yes,No,No,snapdragon,8.0,13.0,1,5.0,1,5.5,lcd display
moto,7999,4.0,android,64.0,3000,Yes,Yes,Yes,No,snapdragon,8.0,13.0,2,8.0,1,5.5,lcd display
xiaomi,11990,4.0,android,64.0,3080,No,Yes,No,No,snapdragon,8.0,12.0,2,5.0,1,5.5,lcd display
google,14999,4.0,android,64.0,2915,No,Yes,Yes,No,snapdragon,8.0,12.2,1,8.0,2,5.5,oled display
gionee,6499,4.0,android,32.0,3100,No,Yes,No,No,snapdragon,4.0,13.0,1,16.0,1,5.2,lcd display
honor,16999,4.0,android,64.0,3750,No,Yes,No,No,hisilicon,8.0,16.0,2,16.0,1,6.3,lcd display
lg,45305,6.0,android,128.0,3300,No,Yes,Yes,No,snapdragon,8.0,12.0,3,8.0,2,6.4,oled display
nokia,23990,4.0,android,64.0,3500,Yes,Yes,Yes,No,snapdragon,8.0,12.0,2,20.0,1,6.18,lcd display
samsung,7990,2.0,android,32.0,3400,No,Yes,No,No,samsung,8.0,13.0,1,5.0,1,6.2,tft display
samsung,15990,6.0,android,64.0,4000,Yes,Yes,No,No,samsung,8.0,25.0,3,25.0,1,6.4,amoled display
oppo,16846,6.0,android,64.0,3765,Yes,Yes,No,No,snapdragon,8.0,16.0,2,16.0,1,6.5,amoled display
motorola,9690,4.0,android,128.0,3500,No,Yes,Yes,No,samsung,8.0,12.0,3,12.0,1,6.3,lcd display
realme,8999,3.0,android,32.0,4230,No,Yes,No,No,mediatek,8.0,13.0,2,13.0,1,6.22,lcd display
xiaomi,24999,8.0,android,256.0,4000,Yes,Yes,No,No,snapdragon,8.0,48.0,3,20.0,1,6.39,amoled display
samsung,10998,3.0,android,32.0,4000,No,Yes,No,No,mediatek,8.0,13.0,2,8.0,1,6.2,lcd display
apple,131900,4.0,ios,256.0,3969,Yes,No,Yes,No,apple,6.0,12.0,3,12.0,1,6.5,oled display
apple,140300,4.0,ios,512.0,3046,Yes,No,Yes,No,apple,6.0,12.0,3,12.0,1,5.8,oled display
moto,7499,4.0,android,64.0,5000,Yes,Yes,Yes,No,snapdragon,8.0,48.0,3,8.0,1,6.5,lcd display
vivo,24990,8.0,android,128.0,4500,Yes,Yes,No,No,snapdragon,8.0,48.0,3,32.0,1,6.38,amoled display
realme,29990,8.0,android,128.0,4200,Yes,Yes,Yes,Yes,snapdragon,8.0,64.0,4,32.0,2,6.44,amoled display
xiaomi,15999,4.0,android,128.0,5020,Yes,Yes,No,No,snapdragon,8.0,48.0,4,16.0,1,6.67,lcd display
tecno,6999,2.0,android,32.0,5000,No,Yes,No,No,mediatek,4.0,13.0,2,8.0,1,6.52,tft display
infinix,13990,8.0,android,128.0,4500,Yes,Yes,No,No,mediatek,8.0,48.0,3,16.0,2,6.85,lcd display
apple,44490,4.0,ios,128.0,2227,Yes,No,Yes,Yes,apple,6.0,12.0,2,12.0,1,5.4,oled display
infinix,8790,4.0,android,64.0,6000,No,Yes,No,No,mediatek,8.0,13.0,2,8.0,1,6.82,lcd display
Other,3999,2.0,android,32.0,3000,No,Yes,No,No,quad,4.0,8.0,1,5.0,1,6.26,lcd display
samsung,26499,8.0,android,256.0,4500,Yes,Yes,Yes,No,samsung,8.0,12.0,3,32.0,1,6.5,amoled display
infinix,16490,8.0,android,256.0,5000,Yes,Yes,No,No,mediatek,8.0,64.0,4,16.0,1,6.95,lcd display
realme,7990,3.0,android,32.0,6000,Yes,Yes,No,No,mediatek,8.0,13.0,2,8.0,1,6.5,lcd display
oppo,11990,4.0,android,128.0,5000,Yes,Yes,No,No,mediatek,8.0,13.0,3,16.0,1,6.51,lcd display
oppo,15990,6.0,android,128.0,5000,Yes,Yes,No,No,mediatek,8.0,13.0,3,16.0,1,6.51,lcd display
asus,55999,8.0,android,128.0,6000,Yes,Yes,Yes,Yes,snapdragon,8.0,64.0,3,24.0,1,6.78,amoled display
realme,27999,12.0,android,256.0,4500,Yes,Yes,Yes,Yes,snapdragon,8.0,64.0,3,16.0,1,6.43,amoled display
samsung,32499,8.0,android,128.0,4500,Yes,Yes,Yes,Yes,snapdragon,8.0,64.0,4,32.0,1,6.5,amoled display
realme,17799,8.0,android,128.0,5000,Yes,Yes,No,Yes,mediatek,8.0,64.0,3,16.0,1,6.5,lcd display
samsung,6999,2.0,android,32.0,5000,No,Yes,No,No,unisoc,8.0,8.0,1,5.0,1,6.5,lcd display
infinix,11999,4.0,android,64.0,5000,Yes,Yes,No,No,mediatek,8.0,50.0,2,16.0,1,6.7,amoled display
moto,10999,4.0,android,64.0,5000,Yes,Yes,No,No,mediatek,8.0,50.0,4,16.0,1,6.5,lcd display
samsung,8000,4.0,android,64.0,5000,No,Yes,No,No,unisoc,8.0,48.0,2,5.0,1,6.5,lcd display
iqoo,16749,6.0,android,128.0,5000,Yes,Yes,No,Yes,snapdragon,8.0,50.0,3,16.0,1,6.58,lcd display
samsung,19439,8.0,android,256.0,5000,Yes,Yes,Yes,Yes,snapdragon,8.0,108.0,4,32.0,1,6.7,amoled display
realme,22990,8.0,android,128.0,5000,Yes,Yes,Yes,Yes,snapdragon,8.0,64.0,3,16.0,1,6.62,amoled display
realme,25999,8.0,android,256.0,5000,Yes,Yes,Yes,Yes,snapdragon,8.0,64.0,3,16.0,1,6.62,amoled display
ikall,6499,4.0,android,64.0,5000,No,Yes,No,No,quad,4.0,20.0,1,13.0,1,6.53,lcd display
realme,19850,8.0,android,128.0,5000,Yes,Yes,No,Yes,snapdragon,8.0,108.0,2,16.0,1,6.72,lcd display
samsung,154999,12.0,android,1024.0,5000,Yes,Yes,Yes,Yes,snapdragon,8.0,200.0,4,12.0,1,6.8,amoled display
nokia,5999,2.0,android,64.0,5000,No,Yes,No,No,unisoc,8.0,13.0,2,8.0,1,6.5,lcd display
vivo,38990,12.0,android,256.0,4600,Yes,Yes,No,Yes,mediatek,8.0,50.0,3,50.0,1,6.78,amoled display
samsung,14990,6.0,android,128.0,6000,Yes,Yes,No,Yes,samsung,8.0,50.0,3,13.0,1,6.6,lcd display
Other,8199,4.0,android,64.0,5000,No,Yes,No,No,unisoc,8.0,16.0,3,8.0,1,6.82,lcd display
tecno,19999,8.0,android,256.0,5000,Yes,Yes,Yes,Yes,mediatek,8.0,64.0,3,32.0,1,6.67,amoled display
realme,26999,12.0,android,256.0,5000,Yes,Yes,No,Yes,mediatek,8.0,100.0,2,16.0,1,6.7,amoled display
samsung,19000,8.0,android,128.0,6000,Yes,Yes,Yes,Yes,samsung,8.0,50.0,3,13.0,1,6.5,amoled display
samsung,63800,8.0,android,512.0,3700,Yes,Yes,Yes,Yes,snapdragon,8.0,12.0,2,10.0,1,6.7,amoled display
xiaomi,12299,6.0,android,128.0,5000,Yes,Yes,No,Yes,snapdragon,8.0,50.0,2,8.0,1,6.79,lcd display
samsung,21999,8.0,android,128.0,6000,Yes,Yes,Yes,Yes,samsung,8.0,50.0,3,13.0,1,6.5,amoled display
xiaomi,20939,12.0,android,256.0,5000,Yes,Yes,No,Yes,mediatek,8.0,50.0,3,16.0,1,6.67,amoled display
tecno,15999,8.0,android,256.0,5000,Yes,Yes,Yes,Yes,mediatek,8.0,50.0,2,16.0,1,6.78,lcd display
apple,113999,8.0,ios,256.0,3274,Yes,No,Yes,Yes,apple,6.0,48.0,3,12.0,1,6.1,oled display
lava,10498,4.0,android,64.0,5000,Yes,Yes,No,Yes,mediatek,8.0,50.0,2,8.0,1,6.56,lcd display
realme,25999,8.0,android,256.0,5000,Yes,Yes,No,Yes,snapdragon,8.0,50.0,3,32.0,1,6.7,amoled display
realme,12996,6.0,android,128.0,5000,Yes,Yes,No,Yes,mediatek,8.0,50.0,2,8.0,1,6.72,lcd display
realme,10886,6.0,android,128.0,5000,Yes,Yes,No,Yes,mediatek,8.0,50.0,1,8.0,1,6.67,lcd display
apple,18490,1.0,ios,8.0,1510,No,Yes,No,No,apple,2.0,8.0,1,1.2,1,4.0,lcd display
htc,17541,2.0,android,16.0,2600,No,Yes,No,No,mediatek,8.0,13.0,1,8.0,1,5.5,tft display
sony,58600,3.0,android,32.0,3430,No,Yes,Yes,No,snapdragon,8.0,23.0,1,5.0,1,5.5,lcd display
Other,14999,4.0,android,32.0,4000,No,Yes,No,No,mediatek,8.0,13.0,1,5.0,1,5.5,lcd display
apple,74400,2.0,ios,256.0,1960,No,Yes,Yes,No,apple,4.0,12.0,1,7.0,1,4.7,lcd display
lava,4999,0.5,android,8.0,1750,No,Yes,No,No,spreadtrum,4.0,5.0,1,0.3,1,4.5,tft display
vivo,5490,3.0,android,16.0,2730,No,Yes,No,No,snapdragon,4.0,13.0,1,5.0,1,5.2,tft display
moto,9999,3.0,android,32.0,5000,No,Yes,No,No,mediatek,4.0,13.0,1,5.0,1,5.5,lcd display
xiaomi,8990,3.0,android,32.0,4100,No,Yes,No,No,snapdragon,8.0,13.0,1,5.0,1,5.0,lcd display
intex,6990,3.0,android,32.0,4020,No,Yes,No,No,mediatek,4.0,13.0,1,5.0,1,5.2,lcd display
samsung,20000,4.0,android,64.0,3300,No,Yes,No,No,samsung,8.0,24.0,3,24.0,1,6.0,amoled display
xiaomi,7490,3.0,android,32.0,3120,No,Yes,No,No,snapdragon,4.0,13.0,1,5.0,1,5.0,lcd display
lyf,2799,1.0,android,8.0,2800,No,Yes,No,No,snapdragon,4.0,5.0,1,2.0,1,4.5,tft display
xiaomi,6299,3.0,android,32.0,3000,No,Yes,No,No,snapdragon,4.0,13.0,1,5.0,1,5.0,lcd display
panasonic,6089,2.0,android,16.0,4000,No,Yes,No,No,mediatek,4.0,8.0,1,8.0,1,5.45,lcd display
asus,9990,4.0,android,64.0,5000,Yes,Yes,No,No,snapdragon,8.0,13.0,2,8.0,1,5.99,lcd display
xiaomi,6800,3.0,android,32.0,3000,No,Yes,No,No,mediatek,8.0,12.0,2,5.0,1,5.45,lcd display
moto,12999,4.0,android,64.0,3000,No,Yes,No,No,snapdragon,8.0,12.0,2,16.0,1,5.7,lcd display
samsung,9999,4.0,android,64.0,3000,No,Yes,No,No,samsung,8.0,13.0,1,8.0,1,5.6,amoled display
nokia,12999,4.0,android,64.0,3060,No,Yes,No,No,snapdragon,8.0,16.0,2,16.0,1,5.8,lcd display
realme,7290,3.0,android,32.0,4230,No,Yes,No,No,snapdragon,8.0,13.0,2,8.0,1,6.2,lcd display
vivo,16990,4.0,android,64.0,3260,No,Yes,No,No,mediatek,8.0,13.0,2,8.0,1,6.22,lcd display
realme,7990,2.0,android,16.0,4230,No,Yes,No,No,snapdragon,8.0,13.0,2,5.0,1,6.2,lcd display
vivo,15990,4.0,android,32.0,4030,No,Yes,No,No,mediatek,8.0,13.0,2,8.0,1,6.22,lcd display
micromax,14999,3.0,android,32.0,4000,No,Yes,No,No,mediatek,8.0,13.0,2,16.0,1,6.19,lcd display
nokia,11500,6.0,android,64.0,3060,No,Yes,No,No,mediatek,8.0,13.0,2,8.0,1,5.86,lcd display
lenovo,39999,8.0,android,128.0,4000,Yes,Yes,No,No,snapdragon,8.0,48.0,4,32.0,1,6.39,amoled display
honor,29990,6.0,android,128.0,3750,No,Yes,No,No,hisilicon,8.0,48.0,4,32.0,1,6.26,lcd display
oppo,7999,2.0,android,32.0,4000,No,Yes,No,No,mediatek,8.0,8.0,1,5.0,1,6.1,lcd display
xiaomi,9490,6.0,android,64.0,4000,No,Yes,No,No,snapdragon,8.0,48.0,2,13.0,1,6.3,lcd display
samsung,97839,12.0,android,512.0,4300,Yes,Yes,Yes,No,samsung,8.0,12.0,3,10.0,1,6.8,amoled display
xiaomi,7880,2.0,android,32.0,5000,Yes,Yes,No,No,snapdragon,8.0,12.0,1,8.0,1,6.22,lcd display
infinix,10999,4.0,android,64.0,4000,No,Yes,No,No,mediatek,8.0,16.0,3,32.0,1,6.6,lcd display
samsung,7499,3.0,android,32.0,4000,No,Yes,No,No,snapdragon,8.0,13.0,2,5.0,1,5.71,lcd display
xiaomi,41990,8.0,android,256.0,4780,Yes,Yes,Yes,Yes,snapdragon,8.0,108.0,4,20.0,1,6.67,amoled display
realme,34999,12.0,android,256.0,4200,Yes,Yes,No,No,snapdragon,8.0,64.0,4,32.0,2,6.6,lcd display
oppo,14099,4.0,android,128.0,4000,Yes,Yes,No,No,mediatek,8.0,48.0,4,16.0,1,6.4,amoled display
moto,7477,4.0,android,64.0,5000,Yes,Yes,Yes,No,snapdragon,8.0,48.0,3,8.0,1,6.5,lcd display
samsung,14499,6.0,android,128.0,6000,Yes,Yes,No,No,samsung,8.0,64.0,3,32.0,1,6.4,amoled display
samsung,6999,2.0,android,32.0,5000,No,Yes,No,No,mediatek,4.0,13.0,2,5.0,1,6.5,lcd display
xiaomi,19499,8.0,android,128.0,5000,Yes,Yes,Yes,Yes,snapdragon,8.0,64.0,3,20.0,1,6.67,lcd display
vivo,14690,6.0,android,128.0,5000,No,Yes,No,No,mediatek,8.0,13.0,4,8.0,1,6.47,lcd display
vivo,18994,8.0,android,128.0,4000,Yes,Yes,No,No,snapdragon,8.0,64.0,3,44.0,1,6.44,amoled display
realme,7790,2.0,android,32.0,5000,No,Yes,No,No,mediatek,8.0,8.0,1,5.0,1,6.5,lcd display
moto,6410,4.0,android,64.0,5000,No,Yes,No,No,mediatek,8.0,13.0,2,5.0,1,6.5,lcd display
xiaomi,24499,8.0,android,128.0,5020,Yes,Yes,No,No,snapdragon,8.0,108.0,4,16.0,1,6.67,amoled display
samsung,10899,6.0,android,128.0,6000,Yes,Yes,No,No,samsung,8.0,48.0,4,8.0,1,6.5,lcd display
realme,9999,4.0,android,64.0,6000,Yes,Yes,No,No,mediatek,8.0,13.0,3,8.0,1,6.5,lcd display
poco,12999,6.0,android,128.0,5000,Yes,Yes,No,Yes,mediatek,8.0,48.0,3,8.0,1,6.5,lcd display
tecno,7399,4.0,android,64.0,5000,Yes,Yes,No,No,mediatek,8.0,50.0,2,8.0,1,6.6,lcd display
realme,12190,6.0,android,128.0,5000,Yes,Yes,No,No,mediatek,8.0,50.0,3,16.0,1,6.6,lcd display
apple,67999,4.0,ios,512.0,3227,Yes,No,Yes,Yes,apple,6.0,12.0,2,12.0,1,6.1,oled display
apple,157900,6.0,ios,1024.0,4352,Yes,No,Yes,Yes,apple,6.0,12.0,3,12.0,1,6.7,oled display
ikall,4499,3.0,android,16.0,3000,No,Yes,No,No,quad,4.0,8.0,1,5.0,1,5.45,lcd display
iqoo,21999,12.0,android,256.0,5000,Yes,Yes,No,Yes,snapdragon,8.0,64.0,3,16.0,1,6.67,lcd display
samsung,21999,8.0,android,128.0,5000,Yes,Yes,No,Yes,mediatek,8.0,64.0,3,8.0,1,6.6,tft display
xiaomi,17900,6.0,android,128.0,5020,Yes,Yes,No,No,snapdragon,8.0,48.0,4,16.0,1,6.67,lcd display
iqoo,40990,8.0,android,256.0,4440,Yes,Yes,No,No,snapdragon,8.0,48.0,4,16.0,1,6.44,amoled display
vivo,19999,6.0,android,64.0,3315,No,Yes,No,No,mediatek,8.0,16.0,2,25.0,1,6.3,lcd display
Other,18999,4.0,android,32.0,5580,No,Yes,Yes,No,mediatek,8.0,16.0,1,8.0,1,5.2,lcd display
Other,6300,3.0,android,16.0,3000,No,Yes,No,No,mediatek,8.0,13.2,1,5.0,1,5.5,lcd display
vivo,9490,2.0,android,32.0,5000,No,Yes,No,No,mediatek,8.0,13.0,1,5.0,1,6.51,lcd display
xiaomi,19490,8.0,android,128.0,4500,Yes,Yes,No,Yes,mediatek,8.0,108.0,3,16.0,1,6.67,amoled display
oneplus,34999,12.0,android,256.0,4500,Yes,Yes,Yes,Yes,snapdragon,8.0,50.0,3,16.0,1,6.62,amoled display
xiaomi,41999,8.0,android,256.0,5000,Yes,Yes,Yes,Yes,snapdragon,8.0,108.0,3,16.0,1,6.67,amoled display
tecno,6799,4.0,android,64.0,5000,No,Yes,No,No,mediatek,8.0,13.0,2,8.0,1,6.6,lcd display
tecno,6999,3.0,android,64.0,5000,No,Yes,Yes,No,unisoc,8.0,13.0,2,8.0,1,6.6,lcd display
xiaomi,11399,6.0,android,128.0,5000,Yes,Yes,No,No,mediatek,8.0,108.0,4,16.0,1,6.43,amoled display
samsung,57499,8.0,android,256.0,3700,Yes,Yes,Yes,Yes,snapdragon,8.0,50.0,3,10.0,1,6.1,amoled display
realme,22999,8.0,android,128.0,4500,Yes,Yes,No,Yes,mediatek,8.0,50.0,3,16.0,1,6.4,amoled display
xiaomi,20500,8.0,android,128.0,5000,Yes,Yes,No,No,mediatek,8.0,108.0,4,16.0,1,6.67,amoled display
xiaomi,9890,6.0,android,128.0,6000,Yes,Yes,No,No,snapdragon,8.0,50.0,2,5.0,1,6.7,lcd display
poco,15890,8.0,android,128.0,5000,Yes,Yes,No,Yes,snapdragon,8.0,64.0,3,16.0,1,6.67,amoled display
poco,13950,6.0,android,128.0,5000,Yes,Yes,No,Yes,snapdragon,8.0,64.0,3,16.0,1,6.67,amoled display
samsung,11999,6.0,android,128.0,5000,Yes,Yes,No,No,samsung,8.0,50.0,4,8.0,1,6.6,lcd display
tecno,7699,8.0,android,128.0,5000,Yes,Yes,No,No,mediatek,8.0,16.0,2,8.0,1,6.6,lcd display
oneplus,42999,12.0,android,256.0,5000,Yes,Yes,Yes,Yes,mediatek,8.0,50.0,3,16.0,1,6.7,amoled display
oneplus,17999,8.0,android,128.0,5000,Yes,Yes,No,Yes,snapdragon,8.0,64.0,3,16.0,1,6.59,lcd display
nokia,10169,4.0,android,64.0,5050,No,Yes,No,No,unisoc,8.0,13.0,2,5.0,1,6.5,lcd display
samsung,99998,12.0,android,1024.0,4400,Yes,Yes,Yes,Yes,snapdragon,8.0,50.0,3,10.0,2,7.6,amoled display
samsung,97999,8.0,android,256.0,3700,Yes,Yes,Yes,Yes,snapdragon,8.0,12.0,2,10.0,1,6.7,amoled display
apple,61900,6.0,ios,256.0,3279,Yes,No,Yes,Yes,apple,6.0,12.0,2,12.0,1,6.1,oled display
tecno,9499,4.0,android,128.0,6000,Yes,Yes,No,Yes,mediatek,8.0,50.0,2,8.0,1,6.8,lcd display
vivo,15999,4.0,android,64.0,5000,No,Yes,No,No,mediatek,8.0,13.0,2,5.0,1,6.51,lcd display
samsung,104999,8.0,android,512.0,4700,Yes,Yes,Yes,Yes,snapdragon,8.0,50.0,3,12.0,1,6.6,amoled display
lava,9299,6.0,android,128.0,5000,No,Yes,No,Yes,mediatek,8.0,50.0,3,8.0,1,6.5,lcd display
ikall,7314,4.0,android,64.0,5000,No,Yes,No,No,quad,4.0,20.0,1,13.0,1,6.5,lcd display
xiaomi,12499,6.0,android,128.0,5000,Yes,Yes,No,No,snapdragon,8.0,50.0,3,13.0,1,6.67,amoled display
vivo,12692,4.0,android,128.0,5000,No,Yes,No,No,mediatek,8.0,13.0,2,5.0,1,6.51,lcd display
realme,19999,8.0,android,256.0,5000,Yes,Yes,No,Yes,mediatek,8.0,64.0,2,16.0,1,6.43,amoled display
apple,129900,8.0,ios,512.0,3274,Yes,No,Yes,Yes,apple,6.0,48.0,3,12.0,1,6.1,oled display
realme,11999,6.0,android,128.0,5000,Yes,Yes,No,No,unisoc,8.0,108.0,1,8.0,1,6.74,lcd display
vivo,12274,4.0,android,128.0,5000,Yes,Yes,No,No,mediatek,8.0,50.0,2,8.0,1,6.56,lcd display
vivo,34990,12.0,android,256.0,4600,Yes,Yes,No,Yes,snapdragon,8.0,50.0,3,50.0,1,6.78,amoled display
oppo,10499,4.0,android,128.0,5000,No,Yes,No,No,mediatek,8.0,8.0,2,5.0,1,6.56,lcd display
tecno,7399,4.0,android,128.0,5000,No,Yes,No,No,unisoc,8.0,13.0,2,8.0,1,6.56,lcd display
moto,7999,8.0,android,128.0,5000,Yes,Yes,No,No,unisoc,8.0,16.0,1,5.0,1,6.56,lcd display
realme,8975,4.0,android,128.0,5000,No,Yes,No,No,unisoc,8.0,32.0,1,5.0,1,6.78,lcd display
itel,6499,4.0,android,64.0,5000,No,Yes,No,No,unisoc,8.0,8.0,1,5.0,1,6.6,lcd display
apple,142900,8.0,ios,512.0,3582,Yes,No,Yes,Yes,apple,6.0,48.0,3,12.0,1,6.3,oled display
itel,5399,2.0,android,32.0,4000,No,Yes,No,No,unisoc,8.0,5.0,1,5.0,1,6.56,lcd display
lava,7499,4.0,android,128.0,5000,No,Yes,No,No,unisoc,8.0,50.0,1,8.0,1,6.56,lcd display
Other,20240,2.0,other,8.0,2180,No,No,Yes,No,snapdragon,8.0,5.0,1,2.0,1,3.1,lcd display
panasonic,3990,0.5,android,4.0,1300,No,Yes,No,No,mediatek,8.0,3.2,1,0.3,1,4.0,tft display
samsung,19350,3.0,android,32.0,3200,No,No,Yes,No,samsung,8.0,13.0,1,2.0,1,5.7,amoled display
htc,18950,2.0,android,16.0,2600,No,Yes,No,No,snapdragon,8.0,13.0,1,8.0,1,5.5,lcd display
apple,58996,1.0,ios,128.0,1810,No,Yes,Yes,No,apple,2.0,8.0,1,1.2,1,4.7,lcd display
lenovo,13914,2.0,android,32.0,2300,No,Yes,No,No,mediatek,8.0,13.0,1,5.0,1,5.0,lcd display
vivo,4903,0.5,android,4.0,1700,No,Yes,No,No,mediatek,4.0,5.0,1,2.0,1,4.0,lcd display
Other,4500,2.0,android,16.0,2230,No,Yes,No,No,snapdragon,8.0,8.0,1,2.0,1,5.0,lcd display
lenovo,11999,3.0,android,16.0,3300,No,Yes,Yes,No,mediatek,8.0,13.0,1,5.0,1,5.5,lcd display
panasonic,8999,3.0,android,32.0,2350,No,Yes,No,No,mediatek,8.0,13.0,1,5.0,1,5.0,lcd display
lyf,3889,2.0,android,16.0,2250,No,Yes,No,No,snapdragon,4.0,8.0,1,5.0,1,5.0,lcd display
coolpad,11999,4.0,android,32.0,4010,No,Yes,No,No,snapdragon,8.0,13.0,1,8.0,1,5.5,lcd display
honor,8999,2.0,android,16.0,3000,No,Yes,No,No,hisilicon,8.0,13.0,1,8.0,1,5.2,lcd display
coolpad,7999,2.0,android,16.0,3050,No,Yes,No,No,mediatek,4.0,8.0,1,8.0,1,5.5,lcd display
lenovo,30000,4.0,android,64.0,4050,No,Yes,No,No,snapdragon,8.0,16.0,1,8.0,1,6.4,lcd display
gionee,8449,4.0,android,64.0,4010,No,Yes,No,No,mediatek,8.0,13.0,1,16.0,1,5.5,lcd display
Other,19689,3.0,android,32.0,3505,No,Yes,Yes,No,snapdragon,8.0,12.0,1,8.0,1,4.5,lcd display
google,27500,4.0,android,64.0,3520,No,Yes,Yes,No,snapdragon,8.0,12.2,1,8.0,1,6.0,amoled display
lava,4929,1.0,android,16.0,2500,No,Yes,No,No,mediatek,4.0,5.0,1,5.0,1,5.0,lcd display
karbonn,2859,1.0,android,8.0,1500,No,Yes,No,No,quad,4.0,3.2,1,2.0,1,4.0,tft display
oppo,11499,4.0,android,32.0,3200,No,Yes,No,No,mediatek,8.0,16.0,1,20.0,1,6.0,lcd display
honor,8499,3.0,android,32.0,3000,No,Yes,No,No,hisilicon,8.0,13.0,2,13.0,2,5.65,lcd display
nokia,7490,3.0,android,32.0,3000,No,Yes,No,No,mediatek,8.0,16.0,1,8.0,1,5.5,lcd display
vivo,47989,8.0,android,128.0,4000,No,Yes,No,No,snapdragon,8.0,12.0,2,8.0,1,6.59,amoled display
vivo,7900,2.0,android,16.0,3360,No,Yes,No,No,snapdragon,4.0,8.0,1,5.0,1,6.0,lcd display
poco,17990,8.0,android,256.0,4000,No,Yes,No,No,snapdragon,8.0,12.0,2,20.0,1,6.18,lcd display
apple,91900,3.0,ios,256.0,2942,No,No,Yes,No,apple,6.0,12.0,1,7.0,1,6.1,lcd display
oneplus,21999,8.0,android,128.0,3700,No,Yes,Yes,No,snapdragon,8.0,16.0,2,16.0,1,6.41,amoled display
asus,15999,3.0,android,32.0,5000,No,Yes,No,No,snapdragon,8.0,12.0,2,13.0,1,6.26,lcd display
moto,7490,4.0,android,64.0,5000,No,Yes,No,No,snapdragon,8.0,12.0,1,8.0,1,6.2,lcd display
vivo,13000,3.0,android,64.0,4030,No,Yes,No,No,mediatek,8.0,13.0,2,8.0,1,6.22,lcd display
nokia,56299,6.0,android,128.0,3320,No,Yes,Yes,No,snapdragon,8.0,12.0,5,20.0,1,5.99,amoled display
google,14999,4.0,android,64.0,3700,No,Yes,Yes,No,snapdragon,8.0,12.2,1,8.0,1,6.0,oled display
vivo,7490,2.0,android,32.0,4030,No,Yes,No,No,mediatek,8.0,13.0,1,5.0,1,6.22,lcd display
oppo,34990,8.0,android,128.0,3765,No,Yes,Yes,No,snapdragon,8.0,48.0,2,16.0,1,6.4,amoled display
xiaomi,8398,3.0,android,32.0,4000,No,Yes,No,No,snapdragon,8.0,12.0,2,32.0,1,6.26,lcd display
asus,35999,6.0,android,64.0,5000,No,Yes,Yes,No,snapdragon,8.0,48.0,2,48.0,2,6.4,lcd display
oppo,11499,4.0,android,64.0,4230,No,Yes,No,No,snapdragon,8.0,13.0,2,8.0,1,6.2,lcd display
realme,9490,6.0,android,64.0,4045,No,Yes,No,No,snapdragon,8.0,16.0,2,25.0,1,6.3,lcd display
oneplus,22000,8.0,android,256.0,3700,No,Yes,Yes,No,snapdragon,8.0,48.0,2,16.0,1,6.41,amoled display
xiaomi,8500,4.0,android,64.0,4000,No,Yes,No,No,snapdragon,8.0,48.0,2,13.0,1,6.3,lcd display
asus,38999,6.0,android,128.0,5000,No,Yes,Yes,No,snapdragon,8.0,48.0,2,48.0,2,6.4,lcd display
samsung,12900,3.0,android,32.0,4000,Yes,Yes,No,No,snapdragon,8.0,13.0,3,8.0,1,6.5,tft display
apple,48900,4.0,ios,128.0,3110,Yes,No,Yes,No,apple,6.0,12.0,2,12.0,1,6.1,lcd display
apple,76095,4.0,ios,256.0,3110,Yes,No,Yes,No,apple,6.0,12.0,2,12.0,1,6.1,lcd display
samsung,12999,6.0,android,128.0,6000,Yes,Yes,No,No,samsung,8.0,48.0,3,16.0,1,6.4,amoled display
oneplus,44990,12.0,android,256.0,4085,Yes,Yes,Yes,No,snapdragon,8.0,48.0,3,16.0,1,6.67,amoled display
xiaomi,9999,6.0,android,128.0,4000,Yes,Yes,No,No,snapdragon,8.0,48.0,4,13.0,1,6.3,lcd display
xiaomi,7490,2.0,android,32.0,5000,Yes,Yes,No,No,snapdragon,8.0,13.0,2,8.0,1,6.22,lcd display
samsung,15999,8.0,android,128.0,6000,Yes,Yes,No,No,samsung,8.0,64.0,4,32.0,1,6.4,amoled display
realme,9999,6.0,android,64.0,4300,Yes,Yes,No,No,mediatek,8.0,48.0,4,16.0,1,6.5,lcd display
xiaomi,13999,4.0,android,128.0,5020,Yes,Yes,No,No,mediatek,8.0,13.0,4,8.0,1,6.53,lcd display
gionee,6490,2.0,android,32.0,5000,No,Yes,No,No,unisoc,8.0,13.0,2,5.0,1,6.1,lcd display
realme,18590,8.0,android,128.0,4500,Yes,Yes,No,No,snapdragon,8.0,64.0,4,32.0,1,6.4,amoled display
tecno,7999,3.0,android,64.0,6000,No,Yes,No,No,mediatek,4.0,13.0,2,8.0,1,7.0,lcd display
poco,14990,8.0,android,128.0,6000,Yes,Yes,No,No,snapdragon,8.0,64.0,4,20.0,1,6.67,lcd display
vivo,27990,8.0,android,256.0,4000,Yes,Yes,No,No,snapdragon,8.0,64.0,3,44.0,1,6.44,amoled display
oppo,18990,6.0,android,256.0,4000,No,Yes,No,No,mediatek,8.0,48.0,4,16.0,1,6.5,amoled display
realme,31999,8.0,android,256.0,4200,Yes,Yes,No,No,snapdragon,8.0,64.0,4,32.0,2,6.6,lcd display
tecno,6490,4.0,android,64.0,5000,No,Yes,No,No,mediatek,8.0,13.0,2,8.0,1,6.52,tft display
poco,15999,8.0,android,256.0,4500,Yes,Yes,No,No,snapdragon,8.0,64.0,4,20.0,2,6.67,lcd display
moto,10999,4.0,android,64.0,5000,Yes,Yes,Yes,No,snapdragon,8.0,64.0,4,13.0,1,6.5,lcd display
gionee,9999,3.0,android,32.0,6000,No,Yes,No,No,unisoc,8.0,13.0,2,8.0,1,6.52,lcd display
realme,7999,4.0,android,64.0,6000,Yes,Yes,No,No,mediatek,8.0,13.0,3,8.0,1,6.5,lcd display
lava,6999,2.0,android,32.0,6000,No,Yes,No,No,mediatek,4.0,13.0,2,8.0,1,7.0,lcd display
iqoo,20999,8.0,android,128.0,4400,Yes,Yes,No,Yes,snapdragon,8.0,64.0,3,16.0,1,6.58,lcd display
oneplus,20980,12.0,android,256.0,4500,Yes,Yes,Yes,Yes,mediatek,8.0,50.0,3,32.0,1,6.43,amoled display
apple,119900,6.0,ios,512.0,4352,Yes,No,Yes,Yes,apple,6.0,12.0,3,12.0,1,6.7,oled display
xiaomi,8599,4.0,android,64.0,5000,No,Yes,No,No,mediatek,8.0,13.0,2,5.0,1,6.53,lcd display
oppo,46980,12.0,android,256.0,4500,Yes,Yes,Yes,Yes,mediatek,8.0,64.0,4,32.0,1,6.55,amoled display
xiaomi,7990,4.0,android,64.0,5000,No,Yes,No,No,mediatek,8.0,13.0,1,5.0,1,6.53,lcd display
realme,29990,12.0,android,256.0,4200,Yes,Yes,Yes,Yes,snapdragon,8.0,64.0,4,32.0,2,6.44,amoled display
Other,2799,1.0,android,8.0,2300,No,Yes,No,No,spreadtrum,4.0,5.0,1,2.0,1,4.0,tft display
htc,11810,2.0,android,16.0,2000,No,Yes,No,No,mediatek,8.0,13.0,1,5.0,1,5.0,lcd display
realme,26999,12.0,android,256.0,5000,Yes,Yes,Yes,Yes,snapdragon,8.0,64.0,3,16.0,1,6.62,amoled display
realme,7990,4.0,android,64.0,5000,Yes,Yes,No,No,unisoc,8.0,50.0,3,8.0,1,6.5,lcd display
oneplus,29992,12.0,android,256.0,4500,Yes,Yes,Yes,Yes,mediatek,8.0,50.0,3,32.0,1,6.43,amoled display
vivo,9799,3.0,android,32.0,5000,No,Yes,No,No,mediatek,8.0,13.0,2,8.0,1,6.51,lcd display
lava,5497,3.0,android,32.0,5000,No,Yes,No,No,mediatek,8.0,8.0,2,5.0,1,6.51,lcd display
tecno,7990,4.0,android,64.0,5000,No,Yes,No,No,mediatek,8.0,16.0,2,8.0,1,6.52,lcd display
tecno,6262,2.0,android,32.0,5000,No,Yes,No,No,mediatek,4.0,8.0,1,5.0,1,6.52,lcd display
xiaomi,12999,8.0,android,128.0,5000,Yes,Yes,No,No,mediatek,8.0,64.0,4,13.0,1,6.43,amoled display
vivo,8790,3.0,android,64.0,5000,Yes,Yes,No,No,snapdragon,8.0,13.0,2,8.0,1,6.51,lcd display
nokia,6824,4.0,android,64.0,5050,Yes,Yes,Yes,No,unisoc,8.0,50.0,3,8.0,1,6.5,lcd display
oppo,15999,6.0,android,128.0,5000,Yes,Yes,No,No,snapdragon,8.0,13.0,2,8.0,1,6.56,lcd display
oppo,8499,4.0,android,64.0,4230,No,Yes,No,No,mediatek,8.0,13.0,1,5.0,1,6.52,lcd display
iqoo,16499,8.0,android,128.0,5000,Yes,Yes,No,No,snapdragon,8.0,50.0,3,16.0,1,6.44,amoled display
moto,9999,4.0,android,64.0,5000,Yes,Yes,Yes,No,snapdragon,8.0,50.0,3,16.0,1,6.4,amoled display
samsung,16999,4.0,android,128.0,6000,Yes,Yes,No,No,samsung,8.0,50.0,3,8.0,1,6.6,lcd display
samsung,15999,6.0,android,128.0,5000,Yes,Yes,No,Yes,mediatek,8.0,50.0,2,5.0,1,6.5,lcd display
ikall,5666,4.0,android,64.0,4000,No,Yes,No,No,quad,4.0,16.0,1,13.0,1,6.26,lcd display
oppo,13989,4.0,android,64.0,5000,Yes,Yes,No,No,mediatek,8.0,13.0,2,8.0,1,6.56,lcd display
apple,78900,6.0,ios,512.0,4325,Yes,No,Yes,Yes,apple,6.0,12.0,2,12.0,1,6.7,oled display
apple,70900,6.0,ios,256.0,4325,Yes,No,Yes,Yes,apple,6.0,12.0,2,12.0,1,6.7,oled display
ikall,6499,4.0,android,64.0,4000,No,Yes,No,No,tru-mediatek,8.0,16.0,1,13.0,1,6.26,lcd display
Other,15399,8.0,android,256.0,3500,No,Yes,No,No,mediatek,8.0,48.0,2,24.0,1,6.53,amoled display
Other,15599,4.0,android,32.0,4000,No,Yes,Yes,No,mediatek,4.0,13.0,2,5.0,1,5.5,lcd display
ikall,4999,3.0,android,32.0,4000,No,Yes,No,No,quad,4.0,8.0,1,5.0,1,6.0,lcd display
realme,13850,8.0,android,128.0,5000,Yes,Yes,No,No,mediatek,8.0,50.0,2,16.0,1,6.4,amoled display
poco,23999,8.0,android,256.0,5000,Yes,Yes,No,Yes,snapdragon,8.0,48.0,3,13.0,1,6.67,amoled display
vivo,12999,6.0,android,128.0,5000,Yes,Yes,No,Yes,mediatek,8.0,50.0,2,8.0,1,6.58,lcd display
infinix,6199,2.0,android,64.0,5000,No,Yes,No,No,unisoc,8.0,8.0,2,5.0,1,6.6,lcd display
realme,27999,12.0,android,256.0,5000,Yes,Yes,No,Yes,mediatek,8.0,100.0,2,16.0,1,6.7,amoled display
xiaomi,9420,6.0,android,128.0,5000,Yes,Yes,No,No,mediatek,8.0,50.0,3,8.0,1,6.79,lcd display
nokia,9899,6.0,android,128.0,5000,No,Yes,No,No,unisoc,8.0,50.0,2,8.0,1,6.51,lcd display
sony,13990,0.5,android,8.0,1320,No,Yes,No,No,st-ericsson,8.0,5.0,1,0.3,1,3.5,tft display
xiaomi,8499,6.0,android,128.0,5000,Yes,Yes,No,No,mediatek,8.0,50.0,3,8.0,1,6.74,lcd display
itel,6799,4.0,android,256.0,5000,No,Yes,No,No,unisoc,8.0,13.0,1,8.0,1,6.6,lcd display
vivo,67999,16.0,android,512.0,5000,Yes,Yes,Yes,Yes,mediatek,8.0,50.0,3,32.0,1,6.78,amoled display
samsung,89999,8.0,android,512.0,4000,Yes,Yes,Yes,Yes,samsung,10.0,50.0,3,12.0,1,6.2,amoled display
tecno,11499,8.0,android,256.0,5000,Yes,Yes,No,No,mediatek,8.0,50.0,2,32.0,1,6.6,lcd display
lava,6699,4.0,android,128.0,5000,Yes,Yes,No,No,unisoc,8.0,13.0,1,5.0,1,6.5,lcd display
itel,6999,4.0,android,128.0,6000,Yes,Yes,No,No,unisoc,8.0,50.0,2,8.0,1,6.56,lcd display
realme,24999,12.0,android,256.0,5000,Yes,Yes,No,Yes,snapdragon,8.0,50.0,3,16.0,1,6.7,amoled display
tecno,21999,12.0,android,256.0,6000,Yes,Yes,No,Yes,mediatek,8.0,108.0,3,32.0,1,6.78,amoled display
Other,54699,12.0,android,512.0,10800,Yes,Yes,Yes,Yes,mediatek,8.0,200.0,3,32.0,1,6.58,lcd display
lava,15999,6.0,android,128.0,5000,Yes,Yes,No,Yes,mediatek,8.0,64.0,2,16.0,1,6.67,amoled display
vivo,16999,8.0,android,128.0,5000,No,Yes,No,Yes,mediatek,8.0,50.0,2,8.0,1,6.56,lcd display
Other,11500,4.0,android,128.0,5150,No,Yes,No,No,mediatek,8.0,16.0,3,8.0,1,6.53,lcd display
Other,23369,6.0,android,256.0,5150,No,No,Yes,Yes,unisoc,8.0,50.0,1,8.0,1,6.56,lcd display
itel,6499,4.0,android,64.0,5000,No,Yes,No,No,unisoc,8.0,8.0,1,5.0,1,6.6,lcd display
gionee,17099,2.0,android,16.0,2500,No,No,Yes,No,snapdragon,4.0,16.0,1,8.0,1,5.5,lcd display
sony,12999,1.0,android,8.0,3000,No,No,Yes,No,snapdragon,8.0,13.0,1,1.1,1,6.0,lcd display
xolo,4450,0.5,android,4.0,1400,No,Yes,No,No,mediatek,8.0,3.0,1,0.3,1,4.0,lcd display
apple,45500,1.0,ios,16.0,2915,No,Yes,Yes,No,apple,2.0,8.0,1,1.2,1,5.5,lcd display
htc,26498,3.0,android,32.0,2800,No,No,Yes,No,mediatek,8.0,20.0,1,4.0,1,5.5,tft display
micromax,7163,2.0,android,16.0,2400,No,Yes,No,No,mediatek,8.0,13.0,1,5.0,1,5.0,lcd display
Other,6999,2.0,android,16.0,2230,No,Yes,No,No,snapdragon,8.0,8.0,1,5.0,1,5.0,lcd display
micromax,6099,1.0,android,8.0,2800,No,Yes,No,No,mediatek,8.0,8.0,1,5.0,1,5.0,lcd display
lenovo,9999,2.0,android,16.0,2900,No,Yes,No,No,mediatek,8.0,13.0,1,5.0,1,5.5,lcd display
lava,5599,1.0,android,8.0,2000,No,Yes,No,No,mediatek,8.0,8.0,1,5.0,1,4.5,lcd display
Other,5759,1.0,android,8.0,2200,No,Yes,No,No,mediatek,8.0,8.0,1,5.0,1,5.0,lcd display
google,39990,3.0,android,32.0,3450,No,Yes,Yes,No,snapdragon,8.0,12.3,1,8.0,1,5.7,amoled display
samsung,10990,1.5,android,8.0,3000,No,Yes,No,No,snapdragon,4.0,13.0,1,5.0,1,5.5,tft display
oppo,9900,1.0,android,16.0,2420,No,Yes,No,No,snapdragon,4.0,8.0,1,5.0,1,5.0,tft display
micromax,5899,1.0,android,8.0,3000,No,Yes,No,No,spreadtrum,8.0,5.0,1,2.0,1,5.0,lcd display
xiaomi,7999,3.0,android,32.0,4050,No,Yes,No,No,snapdragon,6.0,16.0,1,5.0,1,5.5,lcd display
Other,3999,3.0,android,16.0,4000,No,Yes,No,No,mediatek,8.0,13.0,1,8.0,1,6.0,lcd display
lenovo,10999,4.0,android,64.0,3500,No,Yes,No,No,snapdragon,4.0,13.0,1,8.0,1,5.0,lcd display
xiaomi,10649,3.0,android,32.0,4100,No,Yes,No,No,snapdragon,8.0,13.0,1,5.0,1,5.5,lcd display
lyf,3589,2.0,android,16.0,2920,No,Yes,No,No,snapdragon,4.0,13.0,1,5.0,1,5.0,lcd display
lg,60000,4.0,android,64.0,3200,No,Yes,Yes,No,snapdragon,4.0,16.0,2,5.0,1,5.7,lcd display
lenovo,7999,3.0,android,16.0,2750,No,Yes,No,No,snapdragon,8.0,13.0,1,5.0,1,5.0,lcd display
apple,34900,2.0,ios,128.0,1960,No,Yes,Yes,No,apple,4.0,12.0,1,7.0,1,4.7,lcd display
micromax,4499,1.0,android,8.0,2000,No,Yes,No,No,mediatek,4.0,5.0,1,2.0,1,5.0,lcd display
intex,4899,1.0,android,8.0,2800,No,Yes,No,No,mediatek,4.0,5.0,1,2.0,1,5.0,tft display
lyf,10099,3.0,android,32.0,3000,No,Yes,No,No,snapdragon,8.0,16.0,1,5.0,1,5.2,lcd display
lenovo,16999,3.0,android,32.0,5100,No,Yes,Yes,No,snapdragon,8.0,13.0,1,5.0,1,5.5,amoled display
htc,62990,4.0,android,64.0,3000,No,Yes,Yes,No,snapdragon,4.0,12.0,1,16.0,1,5.7,lcd display
micromax,3999,1.0,android,8.0,2000,No,Yes,No,No,snapdragon,4.0,5.0,1,2.0,1,5.0,lcd display
lenovo,8999,4.0,android,32.0,4000,No,Yes,No,No,snapdragon,8.0,13.0,1,8.0,1,5.0,lcd display
asus,18999,3.0,android,32.0,4100,No,Yes,No,No,snapdragon,8.0,16.0,1,8.0,1,5.5,lcd display
nokia,11500,2.0,android,16.0,3000,No,Yes,Yes,No,snapdragon,8.0,13.0,1,8.0,1,5.2,lcd display
oppo,30990,4.0,android,64.0,4000,No,Yes,No,No,snapdragon,8.0,16.0,1,16.0,2,6.0,lcd display
google,15500,4.0,android,64.0,2700,No,Yes,Yes,No,snapdragon,8.0,12.2,1,8.0,1,5.0,amoled display
lava,6599,4.0,android,32.0,3020,No,Yes,No,No,mediatek,8.0,13.0,1,8.0,1,5.5,lcd display
panasonic,8499,3.0,android,16.0,5000,No,Yes,No,No,mediatek,4.0,13.0,1,5.0,1,5.5,lcd display
lenovo,8499,4.0,android,64.0,4000,No,Yes,No,No,mediatek,10.0,13.0,2,13.0,1,5.5,lcd display
micromax,5590,3.0,android,32.0,2900,No,Yes,No,No,snapdragon,4.0,13.0,1,16.0,1,5.7,lcd display
vivo,13990,3.0,android,32.0,3000,No,Yes,No,No,mediatek,8.0,13.0,1,16.0,1,5.5,lcd display
gionee,7999,4.0,android,64.0,5000,No,Yes,No,No,snapdragon,8.0,13.0,1,8.0,1,6.0,lcd display
Other,6180,4.0,android,64.0,3930,No,Yes,No,No,snapdragon,8.0,16.0,1,8.0,1,5.5,lcd display
Other,8199,3.0,android,32.0,4850,No,Yes,No,No,mediatek,8.0,13.0,2,5.0,1,5.5,lcd display
gionee,6999,4.0,android,64.0,3600,No,Yes,No,No,mediatek,8.0,16.0,2,16.0,2,5.99,amoled display
oppo,12500,3.0,android,32.0,3180,No,Yes,No,No,mediatek,8.0,13.0,1,8.0,1,5.7,tft display
nokia,3939,1.0,android,8.0,2150,No,Yes,No,No,mediatek,4.0,5.0,1,2.0,1,4.5,lcd display
nokia,25800,4.0,android,64.0,3800,No,Yes,Yes,No,snapdragon,8.0,12.0,2,16.0,1,6.0,lcd display
xiaomi,9990,3.0,android,32.0,3300,No,Yes,No,No,snapdragon,8.0,12.0,1,5.0,1,5.7,lcd display
oppo,17990,6.0,android,128.0,3400,No,Yes,No,No,mediatek,8.0,16.0,1,25.0,1,6.23,lcd display
honor,8990,3.0,android,32.0,3000,No,Yes,No,No,snapdragon,8.0,13.0,2,8.0,1,5.7,lcd display
samsung,43619,4.0,android,128.0,3000,No,Yes,Yes,No,samsung,8.0,12.0,1,8.0,1,5.8,amoled display
samsung,16990,6.0,android,64.0,3700,No,Yes,Yes,No,snapdragon,8.0,16.0,2,24.0,1,6.3,amoled display
nokia,6800,1.0,android,8.0,4000,No,Yes,No,No,snapdragon,4.0,8.0,1,5.0,1,5.5,lcd display
Other,4999,3.0,android,32.0,3000,No,Yes,No,No,snapdragon,8.0,13.0,1,13.0,2,5.5,lcd display
honor,5999,2.0,android,16.0,3020,No,Yes,No,No,mediatek,4.0,13.0,1,5.0,1,5.45,lcd display
xiaomi,13499,4.0,android,64.0,3080,No,Yes,No,No,snapdragon,8.0,12.0,2,16.0,1,5.99,lcd display
oppo,7990,3.0,android,32.0,4230,No,Yes,No,No,snapdragon,8.0,13.0,2,8.0,1,6.2,lcd display
lg,55000,6.0,android,128.0,3000,No,Yes,Yes,No,snapdragon,8.0,16.0,2,8.0,1,6.1,lcd display
honor,11989,4.0,android,64.0,3750,No,Yes,No,No,hisilicon,8.0,20.0,2,16.0,1,6.5,lcd display
honor,25999,6.0,android,64.0,3750,No,Yes,No,No,hisilicon,8.0,16.0,2,16.0,1,6.3,lcd display
xiaomi,10585,4.0,android,64.0,4000,No,Yes,No,No,snapdragon,8.0,12.0,2,5.0,1,5.84,lcd display
vivo,16159,6.0,android,64.0,3260,No,Yes,No,No,snapdragon,8.0,13.0,2,16.0,1,6.3,lcd display
oppo,15635,4.0,android,64.0,4230,No,Yes,No,No,snapdragon,8.0,13.0,2,16.0,1,6.2,lcd display
apple,103900,4.0,ios,256.0,2658,No,No,Yes,No,apple,6.0,12.0,2,7.0,1,5.8,oled display
honor,8999,4.0,android,64.0,4000,No,Yes,No,No,snapdragon,8.0,13.0,2,8.0,1,6.26,lcd display
samsung,8290,2.0,android,16.0,3400,No,Yes,No,No,samsung,8.0,13.0,2,5.0,1,6.22,tft display
nokia,8499,3.0,android,32.0,3060,No,Yes,No,No,mediatek,8.0,13.0,2,8.0,1,5.86,lcd display
coolpad,3236,1.0,android,16.0,2000,No,Yes,No,No,spreadtrum,4.0,5.0,1,2.0,1,5.0,lcd display
oppo,10499,3.0,android,64.0,4230,No,Yes,No,No,snapdragon,8.0,13.0,2,16.0,1,6.2,lcd display
honor,12999,6.0,android,64.0,3400,No,Yes,No,No,hisilicon,8.0,13.0,2,24.0,1,6.21,lcd display
samsung,11919,3.0,android,32.0,3400,No,Yes,No,No,samsung,8.0,13.0,2,5.0,1,6.22,tft display
realme,9490,3.0,android,32.0,4230,No,Yes,No,No,mediatek,8.0,13.0,2,13.0,1,6.2,lcd display
nokia,7999,3.0,android,32.0,4000,No,Yes,No,No,snapdragon,4.0,13.0,1,5.0,1,6.26,tft display
realme,10990,6.0,android,128.0,4045,No,Yes,No,No,snapdragon,8.0,16.0,2,25.0,1,6.3,lcd display
Other,25990,6.0,android,128.0,3340,No,Yes,No,No,hisilicon,8.0,24.0,3,32.0,1,6.15,lcd display
motorola,9990,4.0,android,128.0,3500,Yes,Yes,Yes,No,samsung,8.0,48.0,2,25.0,1,6.3,lcd display
oppo,29987,6.0,android,128.0,4000,Yes,Yes,No,No,mediatek,8.0,48.0,2,16.0,1,6.5,tft display
vivo,9990,3.0,android,32.0,4030,No,Yes,No,No,snapdragon,8.0,13.0,2,8.0,1,6.22,lcd display
honor,7999,4.0,android,128.0,3400,No,Yes,No,No,hisilicon,8.0,24.0,3,32.0,1,6.21,lcd display
vivo,10999,3.0,android,64.0,5000,No,Yes,No,No,mediatek,8.0,13.0,3,8.0,1,6.35,lcd display
realme,6990,2.0,android,32.0,4000,No,Yes,No,No,mediatek,8.0,13.0,2,5.0,1,6.1,lcd display
htc,12999,3.0,android,32.0,3300,No,Yes,No,No,mediatek,8.0,12.0,3,8.0,1,6.22,lcd display
Other,39999,8.0,android,128.0,5000,Yes,Yes,No,No,snapdragon,8.0,48.0,1,16.0,1,6.65,amoled display
realme,13990,8.0,android,128.0,4035,Yes,Yes,No,No,snapdragon,8.0,48.0,4,16.0,1,6.3,lcd display
xiaomi,11999,6.0,android,128.0,4030,Yes,Yes,No,No,snapdragon,8.0,48.0,3,32.0,1,6.08,amoled display
moto,6999,4.0,android,64.0,4000,Yes,Yes,No,No,snapdragon,8.0,48.0,3,25.0,1,6.3,lcd display
motorola,7999,4.0,android,64.0,4000,Yes,Yes,No,No,mediatek,8.0,13.0,3,8.0,1,6.2,lcd display
apple,121300,4.0,ios,256.0,3046,Yes,No,Yes,No,apple,6.0,12.0,3,12.0,1,5.8,oled display
micromax,7999,3.0,android,32.0,3950,No,Yes,No,No,unisoc,8.0,13.0,2,5.0,1,6.08,lcd display
realme,8999,4.0,android,64.0,5000,No,Yes,No,No,snapdragon,8.0,48.0,4,13.0,1,6.5,lcd display
infinix,9999,4.0,android,64.0,4000,No,Yes,No,No,mediatek,8.0,16.0,2,16.0,1,6.6,lcd display
lg,7999,3.0,android,32.0,3450,No,Yes,No,No,unisoc,8.0,8.0,1,8.0,1,5.71,lcd display
oneplus,53999,12.0,android,256.0,4510,Yes,Yes,Yes,Yes,snapdragon,8.0,48.0,4,16.0,1,6.78,amoled display
motorola,69999,6.0,android,128.0,2510,Yes,Yes,Yes,No,snapdragon,8.0,16.0,1,5.0,1,6.2,amoled display
infinix,8490,4.0,android,64.0,5000,No,Yes,No,No,mediatek,8.0,48.0,3,8.0,1,6.6,lcd display
poco,12990,6.0,android,128.0,5000,Yes,Yes,No,No,snapdragon,8.0,48.0,4,16.0,1,6.67,lcd display
oppo,20990,8.0,android,128.0,5000,Yes,Yes,No,No,snapdragon,8.0,12.0,4,16.0,1,6.5,lcd display
realme,7990,4.0,android,64.0,6000,Yes,Yes,No,No,mediatek,8.0,13.0,4,8.0,1,6.52,lcd display
xiaomi,7079,3.0,android,32.0,5000,No,Yes,No,No,mediatek,8.0,13.0,1,5.0,1,6.53,lcd display
apple,74900,4.0,ios,256.0,2227,Yes,No,Yes,Yes,apple,6.0,12.0,2,12.0,1,5.4,oled display
itel,4999,2.0,android,32.0,3000,No,Yes,No,No,quad,4.0,5.0,1,5.0,1,6.1,lcd display
infinix,9999,4.0,android,64.0,5200,No,Yes,No,No,mediatek,8.0,16.0,3,8.0,1,6.78,lcd display
nokia,9999,4.0,android,64.0,4000,No,Yes,No,No,snapdragon,8.0,48.0,4,16.0,1,6.39,lcd display
samsung,12649,4.0,android,128.0,5000,Yes,Yes,No,No,mediatek,8.0,48.0,4,8.0,1,6.5,lcd display
xiaomi,21999,6.0,android,64.0,5020,Yes,Yes,No,No,snapdragon,8.0,108.0,4,16.0,1,6.67,amoled display
lg,8209,6.0,android,128.0,5000,No,Yes,No,No,mediatek,8.0,48.0,4,8.0,1,6.5,lcd display
Other,4988,2.0,android,16.0,3000,No,Yes,No,No,quad,4.0,5.0,1,5.0,1,5.99,lcd display
realme,9999,4.0,android,64.0,6000,Yes,Yes,No,No,mediatek,8.0,13.0,2,8.0,1,6.5,lcd display
moto,9999,4.0,android,64.0,6000,No,Yes,No,No,snapdragon,8.0,48.0,4,8.0,1,6.5,lcd display
asus,85999,18.0,android,512.0,6000,Yes,Yes,Yes,Yes,snapdragon,8.0,64.0,3,24.0,1,6.78,amoled display
Other,4290,2.0,android,32.0,3000,No,Yes,No,No,snapdragon,4.0,8.0,1,5.0,1,5.5,lcd display
realme,14990,6.0,android,128.0,5000,Yes,Yes,No,No,mediatek,8.0,64.0,4,16.0,1,6.4,amoled display
vivo,34990,12.0,android,256.0,4300,Yes,Yes,No,Yes,snapdragon,8.0,48.0,3,32.0,1,6.56,amoled display
samsung,7499,3.0,android,32.0,5000,Yes,Yes,No,No,snapdragon,8.0,13.0,3,5.0,1,6.5,lcd display
samsung,10499,4.0,android,128.0,6000,Yes,Yes,No,No,samsung,8.0,48.0,4,8.0,1,6.5,lcd display
realme,13499,8.0,android,128.0,5000,Yes,Yes,No,Yes,mediatek,8.0,48.0,3,16.0,1,6.5,lcd display
xiaomi,19499,8.0,android,128.0,4520,Yes,Yes,No,Yes,snapdragon,8.0,48.0,3,20.0,1,6.67,amoled display
oppo,13990,8.0,android,128.0,5000,No,Yes,No,Yes,mediatek,8.0,13.0,3,8.0,1,6.52,lcd display
samsung,18990,8.0,android,128.0,5000,Yes,Yes,Yes,Yes,snapdragon,8.0,48.0,4,20.0,1,6.6,amoled display
samsung,19999,6.0,android,128.0,5000,Yes,Yes,No,Yes,mediatek,8.0,64.0,3,8.0,1,6.6,tft display
vivo,9190,3.0,android,32.0,4030,No,Yes,No,No,mediatek,8.0,13.0,1,5.0,1,6.22,lcd display
infinix,9999,4.0,android,64.0,5200,No,Yes,No,No,mediatek,8.0,13.0,2,8.0,1,6.6,lcd display
micromax,5790,4.0,android,64.0,5000,No,Yes,No,No,unisoc,8.0,13.0,2,5.0,1,6.52,lcd display
samsung,11399,4.0,android,64.0,6000,Yes,Yes,No,No,samsung,8.0,48.0,3,20.0,1,6.4,amoled display
poco,9490,4.0,android,64.0,6000,Yes,Yes,No,No,snapdragon,8.0,48.0,3,8.0,1,6.53,lcd display
xiaomi,12499,6.0,android,128.0,5000,Yes,Yes,No,Yes,mediatek,8.0,48.0,3,8.0,1,6.5,lcd display
samsung,11999,6.0,android,128.0,5000,Yes,Yes,No,No,samsung,8.0,48.0,4,8.0,1,6.5,lcd display
samsung,84999,8.0,android,256.0,3300,Yes,Yes,Yes,Yes,snapdragon,8.0,12.0,2,10.0,1,6.7,amoled display
realme,22490,8.0,android,128.0,4300,Yes,Yes,Yes,Yes,snapdragon,8.0,64.0,3,32.0,1,6.43,amoled display
realme,8390,4.0,android,64.0,5000,No,Yes,No,No,unisoc,8.0,13.0,3,5.0,1,6.5,lcd display
vivo,11990,3.0,android,64.0,5000,No,Yes,No,No,snapdragon,8.0,13.0,2,8.0,1,6.51,lcd display
oppo,7999,3.0,android,32.0,4230,No,Yes,No,No,mediatek,8.0,13.0,1,5.0,1,6.52,lcd display
realme,7490,4.0,android,64.0,5000,No,Yes,No,No,unisoc,8.0,8.0,1,5.0,1,6.5,lcd display
xiaomi,7167,3.0,android,32.0,5000,No,Yes,No,No,mediatek,8.0,13.0,1,5.0,1,6.53,lcd display
oppo,11990,6.0,android,128.0,5000,Yes,Yes,No,No,mediatek,8.0,50.0,3,16.0,1,6.51,lcd display
Other,3699,1.0,android,8.0,3000,No,Yes,No,No,quad,4.0,8.0,1,5.0,1,5.0,lcd display
Other,2799,1.0,android,8.0,2500,No,Yes,No,No,quad,4.0,8.0,1,5.0,1,5.0,tft display
Other,4500,1.0,android,16.0,2000,No,Yes,No,No,quad,4.0,5.0,1,1.3,1,4.0,tft display
Other,4500,1.0,android,8.0,2500,No,Yes,No,No,quad,4.0,5.0,1,2.0,1,5.0,tft display
moto,8499,2.0,android,16.0,3500,No,Yes,No,No,mediatek,4.0,8.0,1,5.0,1,5.0,lcd display
htc,7999,2.0,android,16.0,2800,No,Yes,No,No,mediatek,8.0,13.0,1,5.0,1,5.5,lcd display
xiaomi,18490,8.0,android,128.0,5000,Yes,Yes,No,Yes,mediatek,8.0,50.0,2,16.0,1,6.6,lcd display
infinix,9999,4.0,android,64.0,6000,Yes,Yes,No,No,mediatek,8.0,50.0,2,8.0,1,6.82,lcd display
ikall,6499,3.0,android,32.0,4000,No,Yes,No,No,quad,4.0,13.0,1,8.0,1,6.26,lcd display
xiaomi,11840,8.0,android,128.0,6000,Yes,Yes,No,No,snapdragon,8.0,50.0,2,5.0,1,6.71,lcd display
vivo,12799,6.0,android,128.0,5000,Yes,Yes,No,Yes,snapdragon,8.0,50.0,3,16.0,1,6.58,lcd display
samsung,109999,12.0,android,512.0,5000,Yes,Yes,Yes,Yes,snapdragon,8.0,108.0,4,40.0,1,6.8,amoled display
apple,44900,4.0,ios,128.0,2018,Yes,Yes,Yes,Yes,apple,6.0,12.0,1,7.0,1,4.7,lcd display
realme,18999,8.0,android,128.0,5000,Yes,Yes,No,Yes,snapdragon,8.0,48.0,3,16.0,1,6.6,lcd display
moto,7490,4.0,android,64.0,5000,No,Yes,No,No,mediatek,8.0,50.0,2,8.0,1,6.5,lcd display
samsung,134999,12.0,android,1024.0,5000,Yes,Yes,Yes,Yes,snapdragon,8.0,108.0,4,40.0,1,6.8,amoled display
samsung,16499,8.0,android,128.0,5000,Yes,Yes,No,No,snapdragon,8.0,50.0,4,8.0,1,6.6,lcd display
infinix,7490,3.0,android,64.0,5000,No,Yes,No,No,mediatek,4.0,8.0,2,5.0,1,6.82,lcd display
ikall,4999,4.0,android,32.0,4000,No,Yes,No,No,quad,4.0,8.0,1,5.0,1,5.45,lcd display
Other,4480,2.0,android,16.0,2800,No,Yes,No,No,quad,4.0,5.0,1,5.0,1,5.99,lcd display
Other,4659,2.0,android,16.0,2800,No,Yes,No,No,quad,4.0,5.0,1,5.0,1,5.72,lcd display
Other,4699,2.0,android,16.0,2800,No,Yes,No,No,quad,4.0,5.0,1,5.0,1,5.99,lcd display
moto,13999,6.0,android,128.0,5000,Yes,Yes,Yes,No,snapdragon,8.0,50.0,3,16.0,1,6.6,amoled display
iqoo,13499,6.0,android,128.0,5000,Yes,Yes,No,No,snapdragon,8.0,50.0,3,16.0,1,6.44,amoled display
iqoo,19999,12.0,android,256.0,4700,Yes,Yes,No,Yes,snapdragon,8.0,64.0,3,16.0,1,6.44,amoled display
vivo,8899,3.0,android,64.0,5000,No,Yes,No,No,mediatek,8.0,13.0,2,8.0,1,6.51,lcd display
motorola,26999,8.0,android,128.0,4020,Yes,Yes,Yes,Yes,snapdragon,8.0,50.0,3,32.0,1,6.5,amoled display
infinix,11990,8.0,android,256.0,5000,Yes,Yes,No,No,mediatek,8.0,108.0,2,16.0,1,6.7,amoled display
iqoo,54999,12.0,android,256.0,4700,Yes,Yes,Yes,Yes,snapdragon,8.0,50.0,3,16.0,1,6.78,amoled display
infinix,12999,8.0,android,128.0,5000,Yes,Yes,No,No,unisoc,8.0,50.0,2,8.0,1,6.6,lcd display
xiaomi,7300,2.0,android,32.0,5000,No,Yes,No,No,mediatek,4.0,8.0,2,5.0,1,6.52,lcd display
poco,4999,2.0,android,32.0,5000,No,Yes,No,No,mediatek,4.0,8.0,2,5.0,1,6.52,lcd display
moto,8439,4.0,android,64.0,5000,No,Yes,No,No,mediatek,8.0,16.0,2,8.0,1,6.5,lcd display
apple,122990,6.0,ios,256.0,3200,Yes,No,Yes,Yes,apple,6.0,48.0,3,12.0,1,6.1,oled display
realme,7499,4.0,android,64.0,5000,No,Yes,No,No,unisoc,8.0,8.0,1,5.0,1,6.5,lcd display
xiaomi,9999,6.0,android,128.0,6000,Yes,Yes,No,No,mediatek,8.0,50.0,4,8.0,1,6.5,lcd display
ikall,5999,4.0,android,32.0,5000,No,Yes,No,No,quad,4.0,20.0,1,13.0,1,6.5,lcd display
oppo,45999,12.0,android,256.0,4500,Yes,Yes,Yes,Yes,mediatek,8.0,50.0,3,32.0,1,6.7,amoled display
Other,45999,8.0,android,128.0,8000,Yes,Yes,Yes,Yes,mediatek,8.0,48.0,4,16.0,1,6.67,lcd display
moto,8490,4.0,android,64.0,5000,No,Yes,No,No,unisoc,8.0,13.0,1,5.0,1,6.5,lcd display
vivo,23999,8.0,android,256.0,4600,Yes,Yes,No,Yes,mediatek,8.0,50.0,3,50.0,1,6.78,amoled display
itel,5599,2.0,android,32.0,5000,No,Yes,No,No,unisoc,4.0,8.0,1,5.0,1,6.6,lcd display
iqoo,19999,8.0,android,128.0,4500,Yes,Yes,No,Yes,mediatek,8.0,64.0,2,16.0,1,6.38,amoled display
xiaomi,18999,8.0,android,256.0,5000,Yes,Yes,No,Yes,snapdragon,8.0,48.0,3,13.0,1,6.67,amoled display
vivo,17990,8.0,android,128.0,4500,Yes,Yes,No,Yes,snapdragon,8.0,64.0,2,16.0,1,6.38,amoled display
vivo,14999,8.0,android,128.0,5000,Yes,Yes,No,Yes,mediatek,8.0,50.0,2,8.0,1,6.58,lcd display
vivo,23999,8.0,android,256.0,4500,Yes,Yes,No,Yes,snapdragon,8.0,64.0,3,16.0,1,6.38,amoled display
infinix,7999,4.0,android,64.0,5000,No,Yes,No,No,mediatek,8.0,50.0,2,5.0,1,6.6,lcd display
tecno,7699,4.0,android,64.0,5000,No,Yes,No,No,mediatek,4.0,13.0,2,5.0,1,6.56,lcd display
samsung,10999,4.0,android,128.0,5000,No,Yes,No,No,samsung,8.0,50.0,3,13.0,1,6.6,lcd display
nokia,9799,4.0,android,128.0,5000,No,Yes,No,No,unisoc,8.0,50.0,2,8.0,1,6.51,lcd display
realme,21250,8.0,android,256.0,5000,Yes,Yes,No,Yes,mediatek,8.0,108.0,2,16.0,1,6.72,lcd display
xiaomi,8499,4.0,android,128.0,5000,No,Yes,No,No,mediatek,8.0,8.0,2,5.0,1,6.52,lcd display
realme,14499,6.0,android,128.0,5000,Yes,Yes,No,Yes,mediatek,8.0,50.0,2,8.0,1,6.72,lcd display
apple,154900,8.0,ios,1024.0,4441,Yes,No,Yes,Yes,apple,6.0,48.0,3,12.0,1,6.7,oled display
apple,93900,6.0,ios,512.0,4383,Yes,No,Yes,Yes,apple,6.0,48.0,2,12.0,1,6.7,oled display
ikall,7599,4.0,android,64.0,5000,No,Yes,No,No,tru-mediatek,8.0,13.0,1,8.0,1,6.53,lcd display
tecno,15999,8.0,android,256.0,5000,Yes,Yes,No,No,mediatek,8.0,64.0,3,32.0,1,6.67,amoled display
lava,9299,6.0,android,128.0,5000,Yes,Yes,No,Yes,mediatek,8.0,50.0,2,8.0,1,6.56,lcd display
samsung,10999,4.0,android,128.0,5000,Yes,Yes,No,No,snapdragon,8.0,50.0,3,13.0,1,6.7,lcd display
samsung,7550,1.0,android,8.0,2050,No,Yes,No,No,spreadtrum,4.0,5.0,1,2.0,1,4.5,amoled display
Other,35951,8.0,android,256.0,10000,No,Yes,Yes,No,mediatek,8.0,48.0,3,16.0,1,6.58,lcd display
lava,8498,8.0,android,128.0,5000,Yes,Yes,No,No,unisoc,8.0,50.0,1,8.0,1,6.5,lcd display
samsung,121999,12.0,android,512.0,4000,Yes,Yes,Yes,Yes,snapdragon,8.0,50.0,2,10.0,1,6.7,amoled display
tecno,14799,8.0,android,256.0,5000,Yes,Yes,Yes,No,mediatek,8.0,50.0,3,32.0,1,6.78,lcd display
Other,38899,4.0,android,256.0,6500,Yes,Yes,Yes,Yes,mediatek,8.0,48.0,3,8.0,1,6.6,lcd display
Other,28299,8.0,android,256.0,5150,No,Yes,Yes,No,unisoc,8.0,50.0,1,8.0,1,6.56,lcd display
sony,5490,1.0,android,4.0,1750,No,No,Yes,No,snapdragon,8.0,5.0,1,0.3,1,4.0,tft display
sony,11990,1.0,android,4.0,2390,No,Yes,No,No,mediatek,8.0,8.0,1,0.3,1,5.0,tft display
xolo,5999,0.5,android,4.0,1400,No,Yes,No,No,mediatek,8.0,5.0,1,0.3,1,4.0,lcd display
sony,23490,2.0,android,16.0,2300,No,No,Yes,No,snapdragon,8.0,20.7,1,2.0,1,4.3,lcd display
gionee,11649,1.0,android,16.0,2000,No,Yes,No,No,mediatek,8.0,8.0,1,5.0,1,4.8,amoled display
panasonic,6889,0.5,android,4.0,2000,No,Yes,No,No,mediatek,8.0,8.0,1,0.3,1,5.0,lcd display
xolo,8000,1.0,android,4.0,2000,No,Yes,No,No,broadcom,8.0,5.0,1,0.3,1,4.5,lcd display
lava,7599,1.0,android,8.0,2100,No,Yes,No,No,broadcom,4.0,8.0,1,5.0,1,5.0,lcd display
honor,9999,2.0,android,8.0,3000,No,Yes,No,No,snapdragon,8.0,13.0,1,5.0,1,5.5,lcd display
lenovo,23822,3.0,android,32.0,2900,No,Yes,No,No,snapdragon,8.0,16.0,1,8.0,1,5.0,lcd display
lg,9999,1.0,android,8.0,2100,No,Yes,No,No,snapdragon,8.0,8.0,1,1.0,1,4.7,lcd display
htc,11961,1.0,android,8.0,2000,No,Yes,No,No,mediatek,8.0,13.0,1,5.0,1,5.0,lcd display
xiaomi,24999,3.0,android,32.0,3000,No,Yes,Yes,No,snapdragon,4.0,16.0,1,4.0,1,5.15,lcd display
asus,9799,2.0,android,16.0,2070,No,Yes,No,No,snapdragon,8.0,13.0,1,5.0,1,5.0,lcd display
panasonic,6550,1.0,android,8.0,1980,No,Yes,No,No,mediatek,8.0,8.0,1,5.0,1,4.7,lcd display
xolo,10999,2.0,android,16.0,3200,No,Yes,No,No,snapdragon,8.0,13.0,2,5.0,1,5.5,lcd display
asus,7499,2.0,android,16.0,5000,No,Yes,No,No,snapdragon,4.0,13.0,1,5.0,1,5.5,lcd display
xiaomi,6999,2.0,android,16.0,2200,No,Yes,No,No,snapdragon,8.0,8.0,1,2.0,1,4.7,lcd display
Other,3537,0.5,android,8.0,2000,No,Yes,No,No,quad,4.0,8.0,1,0.3,1,5.0,lcd display
lenovo,7499,3.0,android,64.0,4100,No,Yes,No,No,snapdragon,8.0,13.0,1,8.0,1,5.5,lcd display
asus,10499,2.0,android,8.0,2070,No,Yes,No,No,snapdragon,8.0,13.0,1,5.0,1,5.0,lcd display
google,31290,2.0,android,32.0,2700,No,Yes,Yes,No,snapdragon,6.0,12.3,1,5.0,1,5.2,lcd display
lava,3550,0.25,android,0.5,1400,No,Yes,No,No,spreadtrum,1.0,2.0,1,0.3,1,4.0,tft display
lyf,5799,2.0,android,16.0,2600,No,Yes,No,No,snapdragon,8.0,13.0,1,5.0,1,5.0,lcd display
oppo,27990,4.0,android,64.0,2850,No,Yes,No,No,mediatek,8.0,13.0,1,16.0,1,5.5,amoled display
Other,6690,2.0,android,8.0,2300,No,Yes,No,No,spreadtrum,8.0,8.0,1,5.0,1,4.5,lcd display
lenovo,8499,2.0,android,16.0,2750,No,Yes,No,No,snapdragon,8.0,13.0,1,5.0,1,5.0,lcd display
Other,10499,3.0,android,32.0,4100,No,Yes,No,No,mediatek,8.0,13.0,1,5.0,1,5.5,lcd display
micromax,5500,1.0,android,8.0,1750,No,Yes,No,No,mediatek,4.0,5.0,1,5.0,1,4.5,lcd display
lyf,3090,1.0,android,8.0,4000,No,Yes,No,No,snapdragon,4.0,8.0,1,2.0,1,5.0,lcd display
panasonic,3499,1.0,android,8.0,5000,No,Yes,No,No,mediatek,4.0,8.0,1,5.0,1,5.0,lcd display
panasonic,3999,2.0,android,16.0,2000,No,Yes,No,No,mediatek,8.0,8.0,1,2.0,1,5.0,lcd display
gionee,10999,3.0,android,16.0,2400,No,Yes,No,No,mediatek,4.0,13.0,1,5.0,1,5.0,lcd display
htc,10599,2.0,android,16.0,2200,No,Yes,No,No,snapdragon,4.0,13.0,1,5.0,1,5.0,lcd display
lava,4999,2.0,android,8.0,2800,No,Yes,No,No,mediatek,4.0,8.0,1,5.0,1,5.5,lcd display
panasonic,2999,0.5,android,8.0,2400,No,Yes,No,No,mediatek,8.0,2.0,1,0.3,1,4.0,tft display
lyf,4999,2.0,android,16.0,2850,No,Yes,No,No,mediatek,4.0,8.0,1,2.0,1,6.0,lcd display
lyf,4738,2.0,android,16.0,2920,No,Yes,No,No,snapdragon,4.0,8.0,1,2.0,1,5.5,lcd display
coolpad,6490,3.0,android,16.0,2500,No,Yes,No,No,mediatek,4.0,8.0,1,8.0,1,5.5,lcd display
gionee,6879,3.0,android,32.0,3150,No,Yes,No,No,mediatek,8.0,13.0,1,8.0,1,5.5,lcd display
lyf,4599,3.0,android,16.0,2100,No,Yes,No,No,mediatek,4.0,13.0,1,5.0,1,5.0,lcd display
samsung,25900,3.0,android,32.0,3600,No,Yes,Yes,No,samsung,8.0,16.0,1,16.0,1,5.7,amoled display
apple,42900,3.0,ios,128.0,2900,No,Yes,Yes,No,apple,4.0,12.0,2,7.0,1,5.5,lcd display
lenovo,15499,3.0,android,32.0,3500,No,Yes,No,No,snapdragon,4.0,13.0,1,8.0,1,5.0,lcd display
samsung,19150,3.0,android,32.0,3300,No,Yes,No,No,samsung,8.0,13.0,1,8.0,1,5.5,tft display
intex,3899,1.0,android,8.0,4350,No,Yes,No,No,mediatek,4.0,5.0,1,2.0,1,5.0,lcd display
lava,9199,2.0,android,32.0,2800,No,Yes,No,No,mediatek,4.0,8.0,1,5.0,1,5.5,lcd display
nokia,15465,3.0,android,32.0,3000,No,Yes,Yes,No,snapdragon,8.0,16.0,1,8.0,1,5.5,lcd display
honor,13999,4.0,android,64.0,3340,No,Yes,No,No,hisilicon,8.0,12.0,2,8.0,1,5.5,lcd display
honor,11099,4.0,android,64.0,3000,No,Yes,No,No,hisilicon,8.0,12.0,1,8.0,1,5.2,lcd display
xiaomi,14990,4.0,android,64.0,5300,No,Yes,No,No,snapdragon,8.0,12.0,1,5.0,1,6.4,lcd display
apple,26999,1.0,ios,32.0,1810,No,Yes,Yes,No,apple,2.0,8.0,1,1.2,1,4.7,lcd display
oppo,14490,4.0,android,64.0,3200,No,Yes,No,No,mediatek,8.0,13.0,1,16.0,2,5.5,lcd display
vivo,9990,2.0,android,16.0,2500,No,Yes,No,No,snapdragon,4.0,8.0,1,5.0,1,5.0,lcd display
xiaomi,8499,2.0,android,16.0,3300,No,Yes,No,No,snapdragon,8.0,12.0,1,5.0,1,5.7,lcd display
moto,4999,2.0,android,16.0,4000,No,Yes,No,No,mediatek,4.0,8.0,1,2.0,1,5.0,lcd display
samsung,6999,3.0,android,64.0,3300,No,Yes,No,No,samsung,8.0,13.0,1,8.0,1,5.5,tft display
karbonn,6197,1.0,android,16.0,4000,No,Yes,No,No,quad,4.0,5.0,1,5.0,1,5.0,lcd display
sony,44990,4.0,android,64.0,2700,No,Yes,Yes,No,snapdragon,8.0,19.0,1,13.0,1,5.2,lcd display
intex,6649,2.0,android,16.0,2450,No,Yes,No,No,spreadtrum,4.0,8.0,1,5.0,1,5.0,lcd display
lg,50000,4.0,android,64.0,3000,No,Yes,Yes,No,snapdragon,8.0,16.0,2,8.0,1,6.1,lcd display
samsung,17990,4.0,android,32.0,3300,No,Yes,No,No,mediatek,8.0,13.0,1,13.0,1,5.7,lcd display
lenovo,8999,3.0,android,32.0,4000,No,Yes,No,No,mediatek,8.0,13.0,2,8.0,1,5.2,lcd display
sony,19990,4.0,android,32.0,3430,No,Yes,Yes,No,mediatek,8.0,23.0,1,8.0,1,5.5,lcd display
Other,6800,2.0,android,16.0,3000,No,Yes,No,No,mediatek,4.0,8.0,1,8.0,1,5.2,lcd display
apple,80374,3.0,ios,256.0,2675,No,Yes,Yes,No,apple,6.0,12.0,2,7.0,1,5.5,lcd display
panasonic,13990,3.0,android,32.0,5000,No,Yes,No,No,mediatek,8.0,13.0,1,13.0,1,5.5,lcd display
panasonic,6450,3.0,android,32.0,4000,No,Yes,No,No,mediatek,4.0,13.0,2,5.0,1,5.0,lcd display
honor,12999,4.0,android,64.0,3340,No,Yes,No,No,hisilicon,8.0,16.0,2,13.0,2,5.9,lcd display
panasonic,8990,2.0,android,16.0,2000,No,Yes,No,No,mediatek,4.0,8.0,1,5.0,1,5.0,lcd display
moto,7999,6.0,android,64.0,3200,No,Yes,No,No,snapdragon,8.0,12.0,2,16.0,1,5.93,lcd display
karbonn,7490,2.0,android,16.0,4000,No,Yes,No,No,mediatek,4.0,13.0,1,8.0,1,5.0,lcd display
oppo,24990,6.0,android,64.0,3200,No,Yes,No,No,mediatek,8.0,16.0,1,20.0,1,6.0,lcd display
coolpad,7998,3.0,android,32.0,2500,No,Yes,No,No,mediatek,4.0,13.0,1,8.0,1,5.0,lcd display
oppo,22990,6.0,android,64.0,4000,No,Yes,No,No,snapdragon,8.0,16.0,1,16.0,2,6.0,lcd display
gionee,6999,4.0,android,32.0,3030,No,Yes,No,No,snapdragon,8.0,13.0,2,16.0,1,5.7,lcd display
honor,12499,4.0,android,32.0,3340,No,Yes,No,No,hisilicon,8.0,16.0,2,8.0,1,5.93,lcd display
Other,5980,2.0,android,16.0,4000,No,Yes,No,No,mediatek,4.0,13.0,2,8.0,1,5.7,lcd display
samsung,11200,3.0,android,16.0,3300,No,Yes,No,No,samsung,8.0,13.0,1,8.0,1,5.5,tft display
panasonic,5999,2.0,android,16.0,2200,No,Yes,No,No,mediatek,4.0,8.0,1,5.0,1,5.0,lcd display
xiaomi,11490,4.0,android,64.0,4000,No,Yes,No,No,snapdragon,8.0,12.0,1,5.0,1,5.99,lcd display
Other,10299,2.0,android,16.0,4100,No,Yes,No,No,mediatek,8.0,13.0,1,5.0,1,5.5,lcd display
samsung,75419,6.0,android,256.0,3500,No,Yes,Yes,No,samsung,8.0,12.0,2,8.0,1,6.2,amoled display
vivo,13990,6.0,android,128.0,3200,No,Yes,No,No,snapdragon,8.0,12.0,2,12.0,1,6.28,amoled display
panasonic,4999,3.0,android,32.0,3250,No,Yes,No,No,mediatek,4.0,13.0,1,8.0,1,5.7,lcd display
micromax,6499,2.0,android,16.0,3000,No,Yes,No,No,mediatek,4.0,8.0,1,5.0,1,5.7,lcd display
vivo,14359,4.0,android,32.0,3260,No,Yes,No,No,mediatek,8.0,13.0,1,8.0,1,6.22,lcd display
Other,4999,3.0,android,32.0,3000,No,Yes,No,No,quad,4.0,16.0,1,8.0,1,5.0,lcd display
lg,20000,3.0,android,32.0,3300,No,Yes,Yes,No,mediatek,8.0,16.0,1,8.0,1,6.2,lcd display
asus,43999,8.0,android,256.0,3300,No,Yes,Yes,No,snapdragon,8.0,12.0,2,8.0,1,6.2,lcd display
intex,3399,1.0,android,8.0,2000,No,Yes,No,No,mediatek,4.0,5.0,1,2.0,1,4.95,lcd display
intex,7299,2.0,android,16.0,4000,No,Yes,No,No,mediatek,4.0,8.0,1,8.0,1,5.0,lcd display
honor,9990,3.0,android,32.0,3000,No,Yes,No,No,hisilicon,8.0,13.0,2,16.0,1,5.84,lcd display
Other,5199,2.0,android,16.0,3050,No,Yes,No,No,mediatek,4.0,13.0,1,8.0,1,5.5,lcd display
asus,11999,6.0,android,64.0,5000,Yes,Yes,No,No,snapdragon,8.0,16.0,2,16.0,1,5.99,lcd display
infinix,6999,2.0,android,16.0,3050,No,Yes,No,No,mediatek,4.0,13.0,1,8.0,1,5.45,lcd display
Other,7999,2.0,android,16.0,4000,No,Yes,No,No,mediatek,4.0,13.0,1,5.0,1,5.45,lcd display
realme,15800,8.0,android,128.0,3500,No,Yes,No,No,snapdragon,8.0,16.0,2,16.0,1,6.3,lcd display
honor,12999,4.0,android,32.0,4000,No,Yes,No,No,snapdragon,8.0,13.0,2,8.0,1,6.26,lcd display
Other,3450,1.0,android,8.0,2700,No,Yes,No,No,mediatek,4.0,5.0,1,5.0,1,5.34,tft display
nokia,4999,3.0,android,32.0,3500,No,Yes,No,No,mediatek,8.0,13.0,2,8.0,1,6.0,lcd display
Other,6450,3.0,android,16.0,2700,No,Yes,No,No,mediatek,4.0,8.0,1,8.0,1,5.0,lcd display
lenovo,7290,3.0,android,32.0,3000,No,Yes,No,No,mediatek,8.0,13.0,2,13.0,2,5.7,lcd display
oppo,8490,2.0,android,16.0,3180,No,Yes,No,No,mediatek,8.0,13.0,1,8.0,1,5.7,tft display
asus,8999,3.0,android,32.0,4000,No,Yes,No,No,snapdragon,8.0,13.0,1,8.0,1,5.45,lcd display
panasonic,12990,4.0,android,64.0,4000,No,Yes,No,No,mediatek,8.0,13.0,2,8.0,1,6.19,lcd display
apple,134900,4.0,ios,512.0,2658,No,No,Yes,No,apple,6.0,12.0,2,7.0,1,5.8,oled display
oppo,22419,6.0,android,128.0,3500,Yes,Yes,No,No,mediatek,8.0,16.0,2,25.0,1,6.3,lcd display
honor,19999,6.0,android,64.0,3750,No,Yes,No,No,hisilicon,8.0,20.0,2,16.0,1,6.5,lcd display
honor,13990,4.0,android,64.0,3400,No,Yes,No,No,hisilicon,8.0,13.0,2,24.0,1,6.21,lcd display
karbonn,5990,3.0,android,32.0,3000,No,Yes,No,No,quad,4.0,8.0,2,8.0,1,5.45,lcd display
asus,17999,4.0,android,64.0,5000,No,Yes,No,No,snapdragon,8.0,12.0,2,13.0,1,6.26,lcd display
nokia,26980,6.0,android,128.0,3500,Yes,Yes,Yes,No,snapdragon,8.0,12.0,2,20.0,1,6.18,lcd display
samsung,34999,8.0,android,512.0,3400,Yes,Yes,Yes,No,samsung,8.0,12.0,3,10.0,1,6.1,amoled display
xiaomi,10999,6.0,android,128.0,4000,No,Yes,No,No,snapdragon,8.0,48.0,2,13.0,1,6.3,lcd display
lava,4500,1.0,android,8.0,2250,No,Yes,No,No,quad,4.0,2.0,1,2.0,1,4.0,lcd display
xiaomi,8999,2.0,android,32.0,4000,No,Yes,No,No,snapdragon,8.0,12.0,2,8.0,1,6.26,lcd display
honor,9999,3.0,android,32.0,3400,No,Yes,No,No,hisilicon,8.0,13.0,2,24.0,1,6.21,lcd display
karbonn,3899,1.0,android,8.0,2300,No,Yes,No,No,quad,4.0,5.0,1,5.0,1,5.3,tft display
samsung,5900,1.0,android,16.0,2600,No,Yes,No,No,samsung,8.0,5.0,1,5.0,1,5.0,lcd display
infinix,9999,4.0,android,64.0,4000,No,Yes,No,No,mediatek,8.0,13.0,2,13.0,2,6.19,lcd display
xolo,13999,4.0,android,64.0,3260,No,Yes,No,No,mediatek,8.0,13.0,2,16.0,1,6.22,lcd display
vivo,29990,8.0,android,128.0,3700,No,Yes,No,No,snapdragon,8.0,48.0,3,32.0,1,6.39,amoled display
oneplus,29999,12.0,android,256.0,4000,Yes,Yes,Yes,No,snapdragon,8.0,48.0,3,16.0,1,6.67,amoled display
Other,4395,2.0,android,16.0,3000,No,Yes,No,No,spreadtrum,4.0,8.0,1,5.0,1,5.0,lcd display
samsung,7999,2.0,android,32.0,4000,No,Yes,No,No,mediatek,8.0,13.0,2,8.0,1,6.2,lcd display
micromax,4990,2.0,android,16.0,2200,No,Yes,No,No,unisoc,8.0,5.0,1,5.0,1,5.45,lcd display
lg,8990,3.0,android,32.0,4000,No,Yes,No,No,mediatek,8.0,12.0,3,16.0,1,6.26,lcd display
vivo,20990,6.0,android,128.0,5000,Yes,Yes,No,No,snapdragon,8.0,16.0,3,32.0,1,6.53,lcd display
lg,9289,4.0,android,64.0,4050,No,Yes,No,No,snapdragon,8.0,13.0,3,16.0,1,6.21,lcd display
xiaomi,17490,6.0,android,128.0,4000,Yes,Yes,No,No,snapdragon,8.0,48.0,3,20.0,1,6.39,amoled display
nokia,17999,4.0,android,64.0,3500,No,Yes,No,No,snapdragon,8.0,48.0,3,20.0,1,6.39,lcd display
xiaomi,10490,4.0,android,64.0,5000,Yes,Yes,No,No,snapdragon,8.0,12.0,2,8.0,1,6.22,lcd display
realme,11990,6.0,android,64.0,4035,Yes,Yes,No,No,snapdragon,8.0,48.0,4,16.0,1,6.3,lcd display
lenovo,9999,3.0,android,32.0,4000,Yes,Yes,No,No,mediatek,8.0,13.0,2,5.0,1,6.08,lcd display
lenovo,16999,4.0,android,64.0,4050,No,Yes,No,No,snapdragon,8.0,16.0,3,16.0,1,6.39,lcd display
lava,9999,3.0,android,32.0,3500,No,Yes,No,No,mediatek,8.0,13.0,2,8.0,1,6.22,lcd display
apple,99900,4.0,ios,512.0,3969,Yes,No,Yes,No,apple,6.0,12.0,3,12.0,1,6.5,oled display
oneplus,38500,8.0,android,256.0,3800,Yes,Yes,Yes,No,snapdragon,8.0,48.0,3,16.0,1,6.55,amoled display
samsung,11000,3.0,android,32.0,5000,Yes,Yes,No,No,samsung,8.0,13.0,3,16.0,1,6.4,amoled display
xiaomi,7750,3.0,android,32.0,5000,Yes,Yes,No,No,snapdragon,8.0,12.0,1,8.0,1,6.22,lcd display
xiaomi,11999,6.0,android,128.0,4500,Yes,Yes,No,No,mediatek,8.0,64.0,4,20.0,1,6.53,lcd display
karbonn,4449,2.0,android,16.0,3000,No,Yes,No,No,quad,4.0,8.0,2,5.0,1,6.1,lcd display
samsung,39990,8.0,android,128.0,4500,Yes,Yes,Yes,No,samsung,8.0,12.0,3,32.0,1,6.7,amoled display
lava,5499,1.0,android,16.0,4120,Yes,Yes,No,No,unisoc,4.0,8.0,1,5.0,1,6.1,tft display
infinix,10990,4.0,android,64.0,4000,No,Yes,No,No,mediatek,8.0,48.0,2,16.0,1,6.53,lcd display
realme,8990,4.0,android,64.0,5000,No,Yes,No,No,mediatek,8.0,12.0,2,5.0,1,6.5,lcd display
moto,6681,4.0,android,64.0,5000,No,Yes,No,No,mediatek,8.0,16.0,3,8.0,1,6.5,lcd display
infinix,8490,4.0,android,64.0,5000,No,Yes,No,No,mediatek,8.0,13.0,3,8.0,1,6.6,lcd display
iqoo,46990,12.0,android,256.0,4440,Yes,Yes,No,Yes,snapdragon,8.0,48.0,4,16.0,1,6.44,amoled display
infinix,10990,4.0,android,64.0,5000,Yes,Yes,No,No,mediatek,8.0,48.0,3,16.0,1,6.95,lcd display
oppo,13999,6.0,android,128.0,5000,Yes,Yes,No,No,snapdragon,8.0,12.0,4,16.0,1,6.5,lcd display
oneplus,32990,12.0,android,256.0,4300,Yes,Yes,Yes,Yes,snapdragon,8.0,48.0,3,16.0,1,6.55,amoled display
itel,4790,2.0,android,32.0,4000,No,Yes,No,No,unisoc,8.0,8.0,2,5.0,1,6.08,lcd display
apple,40990,3.0,ios,128.0,1821,No,Yes,Yes,No,apple,6.0,12.0,1,7.0,1,4.7,lcd display
apple,54900,3.0,ios,256.0,1821,No,Yes,Yes,No,apple,6.0,12.0,1,7.0,1,4.7,lcd display
honor,7499,3.0,android,64.0,5000,No,Yes,No,No,mediatek,8.0,13.0,3,8.0,1,6.3,lcd display
vivo,27999,8.0,android,256.0,4500,Yes,Yes,No,No,snapdragon,8.0,48.0,4,32.0,2,6.44,amoled display
samsung,9290,4.0,android,64.0,5000,Yes,Yes,No,No,snapdragon,8.0,13.0,3,8.0,1,6.4,lcd display
tecno,9949,4.0,android,64.0,6000,Yes,Yes,No,No,mediatek,8.0,16.0,3,16.0,1,7.0,lcd display
samsung,9999,6.0,android,64.0,5000,Yes,Yes,No,No,samsung,8.0,48.0,4,13.0,1,6.5,lcd display
realme,10999,4.0,android,64.0,5000,No,Yes,No,No,mediatek,8.0,12.0,3,5.0,1,6.5,lcd display
tecno,8899,4.0,android,64.0,5000,No,Yes,No,No,mediatek,8.0,16.0,3,8.0,1,6.6,lcd display
asus,65999,12.0,android,256.0,6000,Yes,Yes,Yes,Yes,snapdragon,8.0,64.0,3,24.0,1,6.59,amoled display
tecno,6999,2.0,android,32.0,6000,No,Yes,No,No,mediatek,4.0,13.0,2,8.0,1,7.0,lcd display
lava,4999,3.0,android,32.0,3950,No,Yes,No,No,tru-mediatek,8.0,13.0,2,13.0,1,6.08,lcd display
nokia,5499,2.0,android,16.0,3040,No,Yes,No,No,unisoc,8.0,8.0,1,5.0,1,5.99,lcd display
vivo,8899,2.0,android,32.0,4030,No,Yes,No,No,mediatek,8.0,13.0,1,5.0,1,6.22,lcd display
nokia,8999,4.0,android,64.0,4000,No,Yes,No,No,snapdragon,8.0,13.0,3,8.0,1,6.39,lcd display
oppo,11000,6.0,android,128.0,5000,Yes,Yes,No,No,snapdragon,8.0,13.0,3,16.0,1,6.5,lcd display
xiaomi,10190,4.0,android,128.0,5000,No,Yes,No,No,mediatek,8.0,13.0,2,5.0,1,6.53,lcd display
Other,4399,2.0,android,16.0,3000,No,Yes,No,No,mediatek,8.0,8.0,1,5.0,1,6.26,lcd display
realme,15490,8.0,android,128.0,5000,Yes,Yes,No,No,mediatek,8.0,64.0,4,16.0,1,6.5,lcd display
tecno,19999,8.0,android,128.0,4500,Yes,Yes,No,No,mediatek,8.0,64.0,4,48.0,2,6.85,lcd display
xiaomi,16999,6.0,android,128.0,5020,Yes,Yes,No,No,snapdragon,8.0,64.0,4,32.0,1,6.67,lcd display
ikall,3999,2.0,android,16.0,4000,No,Yes,No,No,quad,4.0,8.0,1,5.0,1,5.45,tft display
oneplus,22689,6.0,android,64.0,4115,Yes,Yes,Yes,Yes,snapdragon,8.0,48.0,4,32.0,2,6.44,amoled display
vivo,16999,6.0,android,64.0,5000,Yes,Yes,No,No,snapdragon,8.0,13.0,3,8.0,1,6.51,lcd display
realme,8990,4.0,android,64.0,5000,No,Yes,No,No,snapdragon,8.0,12.0,3,8.0,1,6.5,lcd display
ikall,5934,4.0,android,32.0,4000,No,Yes,No,No,quad,4.0,13.0,1,8.0,1,7.12,lcd display
asus,57999,12.0,android,128.0,6000,Yes,Yes,Yes,Yes,snapdragon,8.0,64.0,3,24.0,1,6.59,amoled display
samsung,11999,6.0,android,128.0,5000,Yes,Yes,No,No,samsung,8.0,48.0,4,13.0,1,6.5,lcd display
apple,54899,4.0,ios,256.0,2815,Yes,No,Yes,Yes,apple,6.0,12.0,2,12.0,1,6.1,oled display
apple,119900,6.0,ios,256.0,2815,Yes,No,Yes,Yes,apple,6.0,12.0,3,12.0,1,6.1,oled display
apple,149900,6.0,ios,512.0,3687,Yes,No,Yes,Yes,apple,6.0,12.0,3,12.0,1,6.7,oled display
gionee,4999,2.0,android,32.0,3000,No,Yes,No,No,unisoc,8.0,8.0,1,5.0,1,5.45,lcd display
lenovo,6399,2.0,android,32.0,4000,No,Yes,No,No,unisoc,8.0,13.0,2,5.0,1,6.09,lcd display
realme,9490,4.0,android,64.0,6000,Yes,Yes,No,No,snapdragon,8.0,13.0,4,8.0,1,6.5,lcd display
micromax,9999,4.0,android,64.0,5000,No,Yes,No,No,mediatek,8.0,13.0,2,8.0,1,6.52,lcd display
oppo,10990,2.0,android,32.0,4230,No,Yes,No,No,mediatek,8.0,13.0,3,5.0,1,6.52,lcd display
xiaomi,11999,4.0,android,128.0,6000,Yes,Yes,No,No,snapdragon,8.0,48.0,4,8.0,1,6.53,lcd display
lava,7199,4.0,android,64.0,5000,No,Yes,No,No,mediatek,8.0,13.0,3,16.0,1,6.51,lcd display
vivo,13790,4.0,android,64.0,5000,Yes,Yes,No,No,mediatek,8.0,13.0,3,8.0,1,6.51,lcd display
poco,10990,6.0,android,128.0,6000,Yes,Yes,No,No,snapdragon,8.0,48.0,3,8.0,1,6.53,lcd display
oppo,10434,4.0,android,128.0,4230,No,Yes,No,No,mediatek,8.0,13.0,3,8.0,1,6.52,lcd display
xiaomi,12394,6.0,android,128.0,6000,Yes,Yes,No,No,snapdragon,8.0,48.0,4,8.0,1,6.53,lcd display
lg,18000,4.0,android,128.0,5000,No,Yes,No,No,mediatek,8.0,48.0,4,8.0,1,6.5,lcd display
lg,10989,4.0,android,64.0,5000,No,Yes,No,No,mediatek,8.0,48.0,4,8.0,1,6.5,lcd display
realme,16990,8.0,android,128.0,5000,Yes,Yes,No,Yes,mediatek,8.0,48.0,3,16.0,1,6.5,lcd display
xiaomi,19999,6.0,android,128.0,5020,Yes,Yes,No,No,snapdragon,8.0,64.0,4,16.0,1,6.67,amoled display
Other,4499,3.0,android,32.0,3200,No,Yes,No,No,tru-mediatek,8.0,8.0,1,0.3,1,6.0,lcd display
samsung,20909,6.0,android,128.0,5000,Yes,Yes,Yes,Yes,snapdragon,8.0,48.0,4,20.0,1,6.6,amoled display
realme,14990,8.0,android,128.0,5000,Yes,Yes,No,No,mediatek,8.0,64.0,4,16.0,1,6.4,amoled display
realme,17490,8.0,android,128.0,4500,Yes,Yes,No,No,snapdragon,8.0,108.0,4,16.0,1,6.4,amoled display
tecno,6599,3.0,android,64.0,6000,No,Yes,No,No,mediatek,8.0,16.0,1,8.0,1,6.52,lcd display
xiaomi,39999,8.0,android,256.0,4520,Yes,Yes,No,Yes,snapdragon,8.0,108.0,3,20.0,1,6.67,amoled display
realme,12990,4.0,android,64.0,5000,Yes,Yes,No,Yes,mediatek,8.0,48.0,3,16.0,1,6.5,lcd display
itel,3399,1.0,android,8.0,2400,No,Yes,No,No,unisoc,4.0,2.0,1,0.3,1,5.0,tft display
realme,8990,4.0,android,128.0,6000,Yes,Yes,No,No,mediatek,8.0,13.0,3,8.0,1,6.5,lcd display
tecno,6999,2.0,android,32.0,5000,No,Yes,No,No,mediatek,4.0,13.0,2,8.0,1,6.52,tft display
samsung,10490,6.0,android,128.0,6000,Yes,Yes,No,No,mediatek,8.0,48.0,4,13.0,1,6.4,amoled display
infinix,7290,2.0,android,32.0,5000,No,Yes,No,No,mediatek,4.0,8.0,1,8.0,1,6.52,lcd display
tecno,13499,6.0,android,128.0,7000,Yes,Yes,No,No,mediatek,8.0,48.0,4,8.0,1,6.95,lcd display
samsung,99999,12.0,android,512.0,4400,Yes,Yes,Yes,Yes,snapdragon,8.0,12.0,3,10.0,2,7.6,amoled display
realme,25999,8.0,android,256.0,4300,Yes,Yes,Yes,Yes,snapdragon,8.0,64.0,3,32.0,1,6.43,amoled display
samsung,21999,8.0,android,128.0,5000,Yes,Yes,Yes,Yes,mediatek,8.0,48.0,4,13.0,1,6.5,tft display
apple,64900,4.0,ios,256.0,2406,Yes,No,Yes,Yes,apple,6.0,12.0,2,12.0,1,5.4,oled display
apple,125900,6.0,ios,512.0,3095,Yes,No,Yes,Yes,apple,6.0,12.0,3,12.0,1,6.1,oled display
xiaomi,6999,2.0,android,32.0,5000,No,Yes,No,No,mediatek,8.0,13.0,1,5.0,1,6.53,lcd display
xiaomi,13899,6.0,android,128.0,5020,Yes,Yes,No,No,snapdragon,8.0,48.0,4,16.0,1,6.67,lcd display
xiaomi,9799,4.0,android,128.0,5020,Yes,Yes,No,No,snapdragon,8.0,48.0,4,16.0,1,6.67,lcd display
samsung,13990,4.0,android,128.0,6000,Yes,Yes,No,No,samsung,8.0,48.0,3,16.0,1,6.4,amoled display
realme,12990,6.0,android,128.0,4300,Yes,Yes,No,No,mediatek,8.0,64.0,4,16.0,1,6.5,lcd display
realme,11999,4.0,android,128.0,5000,No,Yes,No,No,snapdragon,8.0,12.0,4,8.0,1,6.5,lcd display
oppo,25490,8.0,android,256.0,4025,Yes,Yes,No,No,mediatek,8.0,64.0,4,44.0,2,6.4,amoled display
Other,4499,2.0,android,16.0,3000,No,Yes,No,No,quad,4.0,5.0,1,5.0,1,6.0,lcd display
ikall,5799,4.0,android,64.0,3000,No,Yes,No,No,quad,4.0,8.0,1,5.0,1,5.99,tft display
ikall,5399,4.0,android,32.0,3000,No,Yes,No,No,quad,4.0,8.0,1,5.0,1,5.99,tft display
itel,5500,2.0,android,32.0,2400,No,Yes,No,No,tru-mediatek,8.0,8.0,2,5.0,1,5.45,lcd display
ikall,4199,2.0,android,16.0,2500,No,Yes,No,No,quad,4.0,5.0,1,2.0,1,5.45,lcd display
itel,5099,2.0,android,16.0,2400,No,Yes,No,No,tru-mediatek,8.0,8.0,2,5.0,1,5.45,lcd display
Other,8490,3.0,android,32.0,3000,No,Yes,No,No,quad,4.0,13.0,1,13.0,1,6.2,lcd display
tecno,9349,4.0,android,64.0,3750,No,Yes,No,No,mediatek,8.0,13.0,2,16.0,1,6.2,lcd display
Other,12999,4.0,android,64.0,3300,No,Yes,No,No,mediatek,8.0,13.0,2,8.0,1,5.85,lcd display
Other,3199,1.0,android,8.0,2600,No,Yes,No,No,quad,4.0,8.0,2,5.0,1,5.0,lcd display
itel,3890,1.0,android,8.0,1700,No,Yes,No,No,quad,4.0,2.0,1,0.3,1,4.0,tft display
itel,5399,1.0,android,16.0,2700,No,Yes,No,No,mediatek,8.0,8.0,1,5.0,1,5.0,tft display
Other,26999,6.0,android,64.0,5580,No,Yes,Yes,No,mediatek,8.0,21.0,1,8.0,1,5.2,lcd display
Other,3600,1.0,android,16.0,2000,No,Yes,No,No,spreadtrum,4.0,8.0,1,2.0,1,5.0,lcd display
Other,25999,4.0,android,64.0,3505,No,Yes,Yes,No,snapdragon,8.0,12.0,1,8.0,1,4.5,lcd display
Other,4399,0.5,android,8.0,2000,No,Yes,No,No,quad,4.0,5.0,1,2.0,1,4.5,tft display
sony,11990,2.0,android,16.0,2300,No,No,Yes,No,mediatek,8.0,13.0,1,8.0,1,5.0,lcd display
Other,2500,1.0,android,8.0,1700,No,Yes,No,No,mediatek,4.0,5.0,1,2.0,1,4.5,lcd display
sony,10490,1.0,android,8.0,2500,No,No,Yes,No,snapdragon,8.0,8.0,1,5.0,1,5.5,lcd display
xolo,5999,0.5,android,4.0,1500,No,Yes,No,No,mediatek,8.0,5.0,1,0.3,1,4.0,lcd display
vivo,14999,6.0,android,64.0,5000,Yes,Yes,No,No,snapdragon,8.0,13.0,3,8.0,1,6.51,lcd display
nokia,8990,4.0,android,64.0,6000,No,Yes,No,No,unisoc,8.0,13.0,2,5.0,1,6.82,lcd display
realme,8399,4.0,android,64.0,5000,Yes,Yes,No,No,unisoc,8.0,50.0,3,8.0,1,6.6,lcd display
moto,11290,6.0,android,128.0,5000,No,Yes,No,No,mediatek,8.0,50.0,3,13.0,1,6.4,amoled display
Other,6499,2.0,android,16.0,3500,No,Yes,No,No,quad,4.0,8.0,1,8.0,1,6.53,lcd display
tecno,7999,2.0,android,32.0,5000,No,Yes,Yes,No,quad,4.0,13.0,2,8.0,1,6.52,lcd display
Other,5699,3.0,android,32.0,5000,No,Yes,No,No,quad,4.0,13.0,1,8.0,1,6.3,lcd display
vivo,27994,12.0,android,256.0,4200,Yes,Yes,No,Yes,mediatek,8.0,64.0,3,50.0,2,6.44,amoled display
infinix,6899,4.0,android,64.0,5000,No,Yes,No,No,unisoc,8.0,13.0,2,8.0,1,6.7,lcd display
infinix,14499,6.0,android,128.0,5000,Yes,Yes,No,No,mediatek,8.0,50.0,2,16.0,1,6.7,amoled display
tecno,8999,4.0,android,64.0,5000,Yes,Yes,No,No,mediatek,8.0,50.0,2,8.0,1,6.6,lcd display
xiaomi,12999,8.0,android,128.0,5000,Yes,Yes,No,No,mediatek,8.0,108.0,4,16.0,1,6.43,amoled display
poco,13999,6.0,android,128.0,5000,Yes,Yes,No,Yes,mediatek,8.0,50.0,2,16.0,1,6.6,lcd display
realme,24499,8.0,android,256.0,4500,Yes,Yes,No,Yes,mediatek,8.0,50.0,3,16.0,1,6.4,amoled display
oneplus,16999,8.0,android,128.0,4500,Yes,Yes,Yes,Yes,mediatek,8.0,64.0,3,16.0,1,6.43,amoled display
iqoo,33899,12.0,android,256.0,4500,Yes,Yes,Yes,Yes,snapdragon,8.0,48.0,3,16.0,1,6.62,amoled display
poco,12490,6.0,android,128.0,5000,Yes,Yes,No,No,mediatek,8.0,64.0,3,16.0,1,6.43,amoled display
oppo,15990,8.0,android,128.0,5000,Yes,Yes,No,No,snapdragon,8.0,50.0,3,16.0,1,6.59,lcd display
nokia,4409,2.0,android,32.0,3000,No,Yes,No,No,unisoc,8.0,5.0,1,5.0,1,5.45,lcd display
tecno,7686,4.0,android,64.0,5000,No,Yes,Yes,No,unisoc,8.0,13.0,2,8.0,1,6.6,lcd display
Other,4790,2.0,android,16.0,2800,No,Yes,No,No,quad,4.0,5.0,1,5.0,1,5.9,lcd display
Other,5199,2.0,android,32.0,3000,No,Yes,No,No,quad,4.0,8.0,1,5.0,1,6.26,tft display
realme,9990,4.0,android,128.0,5000,Yes,Yes,No,No,unisoc,8.0,50.0,3,8.0,1,6.6,lcd display
oneplus,43999,12.0,android,256.0,4500,Yes,Yes,Yes,Yes,mediatek,8.0,50.0,3,16.0,1,6.7,amoled display
vivo,17990,8.0,android,128.0,5000,Yes,Yes,No,No,snapdragon,8.0,50.0,3,16.0,1,6.44,amoled display
infinix,11999,4.0,android,64.0,6000,No,Yes,No,No,unisoc,8.0,13.0,2,8.0,1,6.82,lcd display
vivo,7999,3.0,android,32.0,5000,No,Yes,No,No,mediatek,8.0,13.0,2,8.0,1,6.51,lcd display
moto,14999,8.0,android,128.0,5000,Yes,Yes,Yes,Yes,snapdragon,8.0,50.0,3,16.0,1,6.6,amoled display
realme,6890,3.0,android,32.0,5000,No,Yes,No,No,unisoc,8.0,8.0,1,5.0,1,6.5,lcd display
realme,7148,3.0,android,32.0,5000,No,Yes,No,No,unisoc,8.0,8.0,1,5.0,1,6.5,lcd display
lava,6599,3.0,android,32.0,5000,No,Yes,No,No,mediatek,8.0,8.0,1,5.0,1,6.51,lcd display
vivo,14301,4.0,android,128.0,5000,Yes,Yes,No,No,snapdragon,8.0,50.0,2,8.0,1,6.58,lcd display
xiaomi,9999,6.0,android,128.0,5000,No,Yes,No,No,mediatek,8.0,13.0,1,5.0,1,6.53,lcd display
infinix,10999,6.0,android,64.0,5000,Yes,Yes,No,No,unisoc,8.0,50.0,2,8.0,1,6.6,lcd display
oneplus,41990,12.0,android,256.0,4800,Yes,Yes,Yes,Yes,snapdragon,8.0,50.0,3,16.0,1,6.7,amoled display
ikall,6699,4.0,android,64.0,5000,No,Yes,No,No,quad,4.0,20.0,1,13.0,1,6.53,lcd display
oneplus,55999,16.0,android,256.0,4800,Yes,Yes,Yes,Yes,snapdragon,8.0,50.0,3,16.0,1,6.7,amoled display
samsung,63990,8.0,android,256.0,3700,Yes,Yes,Yes,Yes,snapdragon,8.0,12.0,2,10.0,1,6.7,amoled display
samsung,164999,12.0,android,512.0,4400,Yes,Yes,Yes,Yes,snapdragon,8.0,50.0,3,10.0,2,7.6,amoled display
oppo,11499,4.0,android,128.0,5000,Yes,Yes,No,No,mediatek,8.0,50.0,2,8.0,1,6.56,lcd display
nokia,6980,3.0,android,32.0,5050,No,Yes,No,No,unisoc,8.0,13.0,3,5.0,1,6.7,lcd display
poco,14499,6.0,android,128.0,5000,Yes,Yes,No,No,mediatek,8.0,50.0,3,8.0,1,6.58,lcd display
xiaomi,12498,6.0,android,128.0,5000,Yes,Yes,No,No,mediatek,8.0,50.0,3,8.0,1,6.58,lcd display
realme,7290,4.0,android,64.0,5000,No,Yes,No,No,unisoc,8.0,8.0,1,5.0,1,6.5,lcd display
infinix,7720,4.0,android,64.0,6000,Yes,Yes,No,No,mediatek,8.0,13.0,2,8.0,1,6.82,lcd display
vivo,9583,3.0,android,64.0,5000,No,Yes,No,No,mediatek,8.0,13.0,2,5.0,1,6.51,lcd display
Other,13305,4.0,android,64.0,4000,No,Yes,Yes,No,mediatek,8.0,13.0,2,5.0,1,5.5,lcd display
nokia,8499,4.0,android,64.0,5050,No,Yes,No,No,unisoc,8.0,13.0,3,5.0,1,6.7,lcd display
tecno,7299,3.0,android,64.0,5000,No,Yes,No,No,mediatek,4.0,12.0,2,5.0,1,6.56,lcd display
moto,14999,8.0,android,128.0,5000,Yes,Yes,No,No,snapdragon,8.0,50.0,3,16.0,1,6.5,lcd display
realme,11000,6.0,android,64.0,5000,Yes,Yes,No,No,mediatek,8.0,64.0,2,8.0,1,6.72,lcd display
moto,8999,4.0,android,128.0,5000,No,Yes,No,No,mediatek,8.0,50.0,3,8.0,1,6.5,lcd display
tecno,7999,3.0,android,64.0,5000,No,Yes,No,No,mediatek,4.0,13.0,2,5.0,1,6.56,lcd display
lava,12499,6.0,android,128.0,5000,No,Yes,No,Yes,mediatek,8.0,50.0,3,8.0,1,6.5,lcd display
itel,6390,4.0,android,64.0,6000,Yes,Yes,No,No,unisoc,8.0,13.0,2,5.0,1,6.6,lcd display
Other,16499,4.0,android,64.0,6300,No,Yes,Yes,No,mediatek,8.0,20.0,2,5.0,1,5.93,lcd display
xiaomi,9999,4.0,android,128.0,5000,No,Yes,No,No,mediatek,8.0,50.0,2,5.0,1,6.71,lcd display
itel,6300,4.0,android,64.0,5000,No,Yes,No,No,unisoc,8.0,8.0,2,5.0,1,6.6,lcd display
itel,6590,4.0,android,128.0,5000,No,Yes,No,No,unisoc,8.0,8.0,2,5.0,1,6.6,lcd display
infinix,13499,8.0,android,128.0,6000,Yes,Yes,Yes,Yes,mediatek,8.0,50.0,1,8.0,1,6.78,lcd display
ikall,7314,4.0,android,64.0,5000,No,Yes,No,No,quad,4.0,13.0,1,8.0,1,6.5,lcd display
ikall,8623,6.0,android,128.0,5000,No,Yes,No,No,quad,4.0,13.0,1,8.0,1,6.5,lcd display
lava,6399,3.0,android,64.0,5000,No,Yes,No,No,unisoc,8.0,13.0,2,5.0,1,6.5,lcd display
realme,11559,8.0,android,128.0,5000,Yes,Yes,No,Yes,mediatek,8.0,64.0,2,8.0,1,6.72,lcd display
ikall,9299,6.0,android,128.0,6000,No,Yes,No,No,tru-mediatek,8.0,21.0,3,8.0,1,6.8,lcd display
realme,10999,8.0,android,128.0,5000,Yes,Yes,No,No,unisoc,8.0,50.0,1,8.0,1,6.74,lcd display
oppo,9999,3.0,android,16.0,3010,No,Yes,No,No,mediatek,8.0,13.0,1,5.0,1,5.2,lcd display
gionee,5999,6.0,android,64.0,4000,No,Yes,Yes,No,mediatek,8.0,16.0,2,8.0,1,6.0,amoled display
sony,19299,0.5,android,1.0,1500,No,Yes,No,No,snapdragon,8.0,5.0,1,0.3,1,3.7,lcd display
lava,9499,8.0,android,128.0,5000,Yes,Yes,No,No,unisoc,8.0,50.0,1,8.0,1,6.5,lcd display
samsung,12999,4.0,android,128.0,5000,Yes,Yes,No,Yes,samsung,8.0,50.0,3,13.0,1,6.6,lcd display
Other,16299,4.0,android,64.0,6300,No,No,Yes,No,unisoc,8.0,13.0,3,8.0,1,5.5,other display
Other,59750,12.0,android,512.0,8800,Yes,Yes,Yes,Yes,mediatek,8.0,50.0,2,50.0,1,6.78,lcd display
realme,8999,4.0,android,128.0,5000,Yes,Yes,No,No,unisoc,8.0,50.0,1,8.0,1,6.74,lcd display
tecno,16999,8.0,android,256.0,5000,Yes,Yes,Yes,Yes,mediatek,8.0,108.0,2,8.0,1,6.78,lcd display
apple,97900,8.0,ios,512.0,3561,Yes,No,Yes,Yes,apple,6.0,48.0,2,12.0,1,6.1,oled display
nokia,5289,1.0,android,4.0,1800,No,Yes,No,No,snapdragon,2.0,5.0,1,0.3,1,4.3,lcd display
Other,16972,2.0,other,16.0,1800,No,No,Yes,No,snapdragon,8.0,8.0,1,2.0,1,4.2,lcd display
sony,7499,1.0,android,8.0,1750,No,No,Yes,No,snapdragon,2.0,8.0,1,0.3,1,4.3,tft display
sony,19431,2.0,android,8.0,2330,No,No,Yes,No,snapdragon,4.0,13.0,1,0.3,1,4.5,tft display
xolo,14832,1.0,android,4.0,2000,No,Yes,No,No,nvidia,8.0,8.0,1,2.0,1,4.7,lcd display
panasonic,8000,1.0,android,4.0,2500,No,Yes,No,No,mediatek,8.0,8.0,1,1.3,1,5.0,lcd display
sony,6290,1.0,android,4.0,1750,No,No,Yes,No,snapdragon,8.0,5.0,1,0.3,1,4.0,tft display
xolo,5690,0.5,android,4.0,2000,No,Yes,No,No,mediatek,8.0,5.0,1,0.3,1,4.5,tft display
Other,16500,2.0,android,8.0,2000,No,Yes,No,No,huawei,8.0,8.0,1,5.0,1,4.7,lcd display
sony,18891,2.0,android,16.0,3000,No,No,Yes,No,snapdragon,8.0,20.7,1,2.0,1,5.0,tft display
sony,22500,3.0,android,16.0,3200,No,No,Yes,No,snapdragon,8.0,20.7,1,2.2,1,5.2,lcd display
panasonic,7990,1.0,android,4.0,1700,No,Yes,No,No,broadcom,8.0,8.0,1,2.0,1,4.5,lcd display
intex,4999,0.5,android,4.0,1850,No,Yes,No,No,spreadtrum,8.0,3.2,1,0.3,1,4.5,tft display
karbonn,3450,0.5,android,0.5,1400,No,Yes,No,No,spreadtrum,8.0,5.0,1,0.3,1,4.0,lcd display
apple,34000,1.0,ios,32.0,1510,No,Yes,No,No,apple,2.0,8.0,1,1.2,1,4.0,lcd display
xolo,5659,0.5,android,4.0,1900,No,Yes,No,No,mediatek,8.0,5.0,1,0.3,1,4.5,lcd display
xolo,11999,1.0,android,4.0,2400,No,Yes,No,No,mediatek,8.0,8.0,1,2.0,1,4.5,lcd display
lenovo,6900,1.0,android,4.0,2250,No,Yes,No,No,mediatek,8.0,5.0,1,0.3,1,5.5,lcd display
xolo,7620,1.0,android,4.0,2000,No,No,Yes,No,broadcom,8.0,5.0,1,0.3,1,5.0,lcd display
karbonn,5999,1.0,android,4.0,1800,No,Yes,No,No,mediatek,8.0,8.0,1,0.3,1,5.0,lcd display
Other,3999,0.5,android,4.0,1800,No,Yes,No,No,mediatek,8.0,8.0,1,1.3,1,5.0,tft display
xolo,15399,2.0,android,16.0,4000,No,Yes,No,No,mediatek,8.0,13.0,1,5.0,1,5.7,lcd display
lg,25000,3.0,android,16.0,3200,No,No,Yes,No,snapdragon,8.0,13.0,1,2.1,1,5.9,lcd display
gionee,12999,1.0,android,16.0,3200,No,Yes,No,No,mediatek,8.0,13.0,1,5.0,1,5.7,lcd display
nokia,6389,0.75,android,4.0,2000,No,Yes,No,No,snapdragon,2.0,5.0,1,2.0,1,5.0,lcd display
sony,9999,1.0,android,8.0,2300,No,No,Yes,No,snapdragon,8.0,8.0,1,0.3,1,4.8,tft display
gionee,7691,1.0,android,4.0,4200,No,Yes,No,No,mediatek,4.0,8.0,1,2.0,1,5.0,tft display
lg,7017,1.0,android,4.0,2100,No,Yes,No,No,snapdragon,8.0,5.0,1,0.3,1,4.5,lcd display
motorola,14999,2.0,android,16.0,2300,No,No,Yes,No,snapdragon,8.0,13.0,1,2.0,1,5.2,amoled display
xolo,10999,1.0,android,8.0,2250,No,Yes,No,No,mediatek,8.0,8.0,1,2.0,1,5.0,lcd display
lenovo,6219,1.0,android,8.0,3000,No,Yes,No,No,mediatek,8.0,8.0,1,0.3,1,4.7,lcd display
lava,8000,1.0,android,4.0,2000,No,Yes,No,No,mediatek,4.0,8.0,1,0.3,1,4.7,lcd display
lenovo,12799,1.0,android,8.0,3000,No,Yes,No,No,mediatek,8.0,8.0,1,1.6,1,6.0,lcd display
karbonn,9900,0.5,android,4.0,1600,No,Yes,No,No,mediatek,8.0,8.0,1,0.3,1,5.0,lcd display
htc,6299,0.5,android,4.0,1300,No,Yes,No,No,mediatek,8.0,5.0,1,0.3,1,4.0,tft display
oppo,17499,1.0,android,16.0,2410,No,Yes,No,No,mediatek,8.0,8.0,1,5.0,1,5.0,lcd display
karbonn,13500,2.0,android,16.0,2000,No,Yes,No,No,mediatek,8.0,16.0,1,8.0,1,5.0,lcd display
sony,10999,1.0,android,8.0,2500,No,No,Yes,No,snapdragon,8.0,8.0,1,1.1,1,5.3,lcd display
xolo,5000,0.5,android,4.0,1400,No,Yes,No,No,mediatek,8.0,5.0,1,0.3,1,4.0,lcd display
lg,7850,1.0,android,4.0,2540,No,Yes,No,No,snapdragon,8.0,5.0,1,0.3,1,5.0,lcd display
karbonn,2790,0.25,android,2.0,1100,No,Yes,No,No,mediatek,8.0,2.0,1,0.3,1,3.5,lcd display
htc,11204,1.0,android,4.0,2000,No,Yes,No,No,mediatek,8.0,8.0,1,2.0,1,5.0,lcd display
Other,25999,2.0,android,8.0,3000,No,Yes,No,No,mediatek,8.0,13.0,1,5.0,1,5.5,lcd display
htc,7499,1.0,android,4.0,1950,No,Yes,No,No,snapdragon,4.0,5.0,1,2.0,1,5.0,other display
sony,26100,3.0,android,16.0,3100,No,No,Yes,No,snapdragon,4.0,20.7,1,2.2,1,5.2,lcd display
asus,8595,2.0,android,8.0,2110,No,Yes,No,No,intel,2.0,8.0,1,2.0,1,5.0,lcd display
xiaomi,14766,3.0,android,16.0,3080,No,Yes,No,No,snapdragon,4.0,13.0,1,8.0,1,5.0,lcd display
xiaomi,5999,1.0,android,8.0,2000,No,Yes,No,No,snapdragon,8.0,8.0,1,1.6,1,4.7,lcd display
asus,7499,1.0,android,8.0,1750,No,Yes,No,No,intel,8.0,8.0,1,0.3,1,4.5,lcd display
lenovo,7979,1.0,android,16.0,2150,No,Yes,No,No,mediatek,8.0,13.0,1,5.0,1,5.0,tft display
panasonic,12491,1.0,android,16.0,2800,No,Yes,No,No,mediatek,8.0,8.0,1,2.0,1,6.0,lcd display
xolo,3779,0.5,android,4.0,1400,No,Yes,No,No,mediatek,8.0,5.0,1,0.3,1,4.0,lcd display
xolo,6999,2.0,android,16.0,1920,No,Yes,No,No,mediatek,8.0,8.0,1,2.0,1,5.0,lcd display
lg,5269,0.5,android,4.0,1700,No,Yes,No,No,snapdragon,8.0,5.0,1,0.3,1,4.3,tft display
xolo,8999,2.0,android,32.0,2300,No,Yes,No,No,mediatek,8.0,13.0,1,5.0,1,5.0,lcd display
lenovo,29999,3.0,android,32.0,4000,No,No,Yes,No,snapdragon,8.0,16.0,1,5.0,1,6.0,lcd display
lg,12974,1.0,android,8.0,3000,No,Yes,No,No,mediatek,8.0,13.0,1,1.3,1,5.5,lcd display
xolo,6269,1.0,android,8.0,1800,No,Yes,No,No,mediatek,8.0,8.0,1,0.3,1,4.5,lcd display
sony,24291,2.0,android,16.0,2600,No,No,Yes,No,snapdragon,8.0,20.7,1,2.2,1,4.6,lcd display
karbonn,4489,1.0,android,4.0,1700,No,Yes,No,No,mediatek,8.0,5.0,1,2.0,1,4.5,lcd display
sony,5499,1.0,android,4.0,2330,No,Yes,No,No,snapdragon,8.0,5.0,1,0.3,1,4.5,lcd display
htc,14999,1.0,android,8.0,2600,No,Yes,No,No,mediatek,8.0,13.0,1,5.0,1,5.5,lcd display
lenovo,5380,1.0,android,4.0,2000,No,Yes,No,No,mediatek,8.0,5.0,1,2.0,1,4.8,lcd display
apple,46000,1.0,ios,64.0,2915,No,Yes,Yes,No,apple,2.0,8.0,1,1.2,1,5.5,lcd display
apple,40000,1.0,ios,64.0,1810,No,Yes,Yes,No,apple,2.0,8.0,1,1.2,1,4.7,lcd display
htc,24291,2.0,android,16.0,2400,No,No,Yes,No,snapdragon,8.0,13.0,1,13.0,1,5.2,lcd display
apple,50286,1.0,ios,128.0,2915,No,Yes,Yes,No,apple,2.0,8.0,1,1.2,1,5.5,lcd display
asus,6200,1.0,android,8.0,1600,No,Yes,No,No,intel,8.0,5.0,1,0.3,1,4.0,tft display
gionee,6269,1.0,android,8.0,1800,No,Yes,No,No,quad,4.0,8.0,1,2.0,1,4.5,lcd display
intex,3499,0.5,android,4.0,1600,No,Yes,No,No,mediatek,2.0,5.0,1,0.3,1,4.5,tft display
gionee,8635,1.0,android,8.0,5000,No,Yes,No,No,mediatek,4.0,8.0,1,2.0,1,5.0,lcd display
Other,6490,1.0,android,8.0,4000,No,Yes,No,No,mediatek,8.0,8.0,1,1.3,1,5.0,lcd display
lenovo,4000,0.5,android,4.0,1500,No,Yes,No,No,mediatek,8.0,5.0,1,2.0,1,4.0,lcd display
lava,6696,1.0,android,8.0,2400,No,Yes,No,No,broadcom,8.0,8.0,1,5.0,1,5.0,lcd display
panasonic,6948,1.0,android,8.0,2100,No,Yes,No,No,mediatek,8.0,8.0,1,5.0,1,5.0,lcd display
Other,7499,1.0,android,8.0,3200,No,Yes,No,No,mediatek,8.0,13.0,1,5.0,1,5.5,lcd display
xolo,6165,1.0,android,8.0,2100,No,Yes,No,No,mediatek,8.0,8.0,1,2.0,1,5.0,lcd display
karbonn,4941,1.0,android,8.0,1800,No,Yes,No,No,mediatek,4.0,8.0,1,5.0,1,4.7,lcd display
intex,3375,0.5,android,4.0,1600,No,Yes,No,No,mediatek,8.0,5.0,1,2.0,1,4.5,lcd display
htc,7739,1.0,android,8.0,2000,No,Yes,No,No,mediatek,8.0,8.0,1,2.0,1,4.7,tft display
htc,36540,3.0,android,32.0,2840,No,Yes,Yes,No,mediatek,8.0,20.0,2,4.0,1,5.2,lcd display
lenovo,14999,2.0,android,32.0,2300,No,No,Yes,No,snapdragon,8.0,13.0,1,8.0,1,5.0,amoled display
lava,7074,2.0,android,16.0,2500,No,Yes,No,No,mediatek,8.0,8.0,1,3.0,1,5.0,lcd display
lenovo,12084,2.0,android,16.0,4000,No,Yes,No,No,mediatek,8.0,13.0,1,5.0,1,5.0,lcd display
sony,7659,1.0,android,8.0,2300,No,Yes,No,No,mediatek,8.0,5.0,1,2.0,1,5.0,lcd display
asus,5299,1.0,android,8.0,2100,No,Yes,No,No,intel,8.0,5.0,1,0.3,1,4.5,lcd display
lava,5999,0.5,android,4.0,4400,No,Yes,No,No,mediatek,8.0,5.0,1,0.3,1,5.0,tft display
lenovo,8504,2.0,android,8.0,2900,No,Yes,No,No,mediatek,8.0,8.0,1,5.0,1,5.5,lcd display
xiaomi,5999,1.0,android,8.0,2200,No,Yes,No,No,snapdragon,8.0,8.0,1,2.0,1,4.7,lcd display
lava,6340,1.0,android,8.0,3000,No,Yes,No,No,mediatek,8.0,5.0,1,2.0,1,4.5,tft display
lenovo,7499,2.0,android,16.0,2300,No,Yes,No,No,snapdragon,8.0,8.0,1,2.0,1,5.0,lcd display
gionee,5849,1.0,android,8.0,1800,No,Yes,No,No,mediatek,4.0,5.0,1,2.0,1,4.5,tft display
lenovo,6845,1.0,android,8.0,4000,No,Yes,No,No,mediatek,8.0,8.0,1,2.0,1,5.0,lcd display
xiaomi,11999,2.0,android,16.0,3120,No,Yes,No,No,snapdragon,8.0,13.0,1,5.0,1,5.0,lcd display
asus,14120,2.0,android,16.0,3000,No,No,Yes,No,intel,4.0,13.0,1,5.0,1,5.5,lcd display
lava,6800,1.0,android,8.0,3000,No,Yes,No,No,mediatek,4.0,8.0,1,2.0,1,5.5,lcd display
honor,8999,2.0,android,8.0,2550,No,Yes,No,No,hisilicon,8.0,13.0,1,5.0,1,5.0,lcd display
sony,19080,2.0,android,16.0,2600,No,No,Yes,No,mediatek,8.0,13.0,1,5.0,1,5.5,lcd display
asus,22899,4.0,android,64.0,3000,No,No,Yes,No,intel,4.0,13.0,1,5.0,1,5.5,lcd display
xolo,4383,1.0,android,8.0,1800,No,Yes,No,No,mediatek,8.0,5.0,1,0.3,1,4.5,lcd display
sony,15749,2.0,android,16.0,2400,No,No,Yes,No,snapdragon,8.0,13.0,1,5.0,1,5.0,lcd display
asus,22999,3.0,android,32.0,2650,No,Yes,No,No,snapdragon,8.0,16.0,1,8.0,1,5.2,lcd display
asus,16999,3.0,android,32.0,3000,No,Yes,No,No,snapdragon,8.0,13.0,1,13.0,1,5.5,lcd display
intex,3000,0.5,android,4.0,1400,No,Yes,No,No,spreadtrum,8.0,2.0,1,0.3,1,4.0,tft display
asus,9347,1.0,android,8.0,1200,No,Yes,No,No,intel,8.0,8.0,1,2.0,1,4.0,lcd display
lava,10300,2.0,android,16.0,2650,No,Yes,No,No,mediatek,4.0,13.0,1,8.0,1,5.5,lcd display
lenovo,13490,3.0,android,32.0,2420,No,Yes,No,No,mediatek,8.0,13.0,1,8.0,2,5.0,lcd display
sony,34065,3.0,android,32.0,2930,No,No,Yes,No,snapdragon,8.0,20.7,1,5.1,1,5.2,lcd display
intex,2699,0.25,android,0.5,1400,No,Yes,No,No,spreadtrum,8.0,2.0,1,0.3,1,4.0,tft display
intex,3689,0.5,android,4.0,1700,No,Yes,No,No,mediatek,2.0,5.0,1,2.0,1,4.5,tft display
htc,14579,1.0,android,16.0,2600,No,Yes,No,No,mediatek,8.0,13.0,1,8.0,1,5.5,lcd display
panasonic,9899,2.0,android,16.0,2050,No,No,Yes,No,mediatek,8.0,13.0,1,5.0,1,5.0,amoled display
Other,8999,2.0,android,16.0,2500,No,Yes,No,No,snapdragon,8.0,13.0,1,5.0,1,5.5,lcd display
lava,8999,2.0,android,32.0,2650,No,Yes,No,No,mediatek,4.0,13.0,1,8.0,1,5.5,lcd display
Other,5999,1.0,android,8.0,2230,No,Yes,No,No,snapdragon,8.0,8.0,1,2.0,1,5.0,lcd display
motorola,18499,2.0,android,16.0,3630,No,No,Yes,No,snapdragon,8.0,21.0,1,5.0,1,5.5,lcd display
asus,22999,4.0,android,64.0,3000,No,No,Yes,No,intel,8.0,13.0,1,5.0,1,5.5,lcd display
karbonn,5999,2.0,android,16.0,2200,No,Yes,No,No,mediatek,8.0,8.0,1,5.0,1,5.0,lcd display
intex,7999,2.0,android,16.0,2300,No,Yes,No,No,mediatek,8.0,13.0,1,5.0,1,5.0,lcd display
intex,8035,2.0,android,16.0,3000,No,Yes,No,No,mediatek,4.0,13.0,1,5.0,1,5.0,lcd display
xiaomi,25000,2.0,android,32.0,3120,No,Yes,No,No,snapdragon,8.0,13.0,1,5.0,1,5.0,lcd display
panasonic,8486,2.0,android,16.0,2500,No,Yes,No,No,mediatek,8.0,13.0,1,5.0,1,5.3,lcd display
lenovo,4990,1.0,android,8.0,2000,No,Yes,No,No,mediatek,8.0,5.0,1,2.0,1,4.5,tft display
lenovo,15999,2.0,android,32.0,5000,No,Yes,Yes,No,snapdragon,8.0,13.0,1,5.0,1,5.5,lcd display
lenovo,7999,2.0,android,16.0,3900,No,Yes,No,No,mediatek,8.0,8.0,1,5.0,1,5.0,lcd display
asus,29999,4.0,android,128.0,3000,No,No,Yes,No,intel,8.0,13.0,1,5.0,1,5.5,lcd display
asus,17999,4.0,android,16.0,3000,No,No,Yes,No,intel,4.0,13.0,1,5.0,1,5.5,lcd display
micromax,5661,1.0,android,8.0,2000,No,Yes,No,No,snapdragon,8.0,5.0,1,2.0,1,4.5,lcd display
honor,12999,2.0,android,16.0,3000,No,Yes,No,No,snapdragon,8.0,13.0,1,5.0,1,5.5,lcd display
apple,71990,2.0,ios,64.0,2750,No,Yes,Yes,No,apple,2.0,12.0,1,5.0,1,5.5,lcd display
apple,62690,2.0,ios,64.0,1715,No,Yes,Yes,No,apple,2.0,12.0,1,5.0,1,4.7,lcd display
apple,66990,2.0,ios,128.0,1715,No,Yes,Yes,No,apple,2.0,12.0,1,5.0,1,4.7,lcd display
apple,81451,2.0,ios,128.0,2750,No,Yes,Yes,No,apple,2.0,12.0,1,5.0,1,5.5,lcd display
panasonic,7068,1.0,android,8.0,2910,No,Yes,No,No,mediatek,8.0,8.0,1,2.0,1,5.5,lcd display
asus,14999,2.0,android,16.0,3000,No,Yes,No,No,snapdragon,8.0,13.0,1,13.0,1,5.5,lcd display
lenovo,13999,2.0,android,8.0,2150,No,Yes,No,No,snapdragon,8.0,13.0,1,5.0,1,5.0,lcd display
lava,6999,2.0,android,8.0,4000,No,Yes,No,No,mediatek,4.0,8.0,1,2.0,1,5.0,lcd display
lenovo,4450,1.0,android,8.0,2000,No,Yes,No,No,spreadtrum,4.0,5.0,1,0.3,1,4.0,tft display
google,42990,3.0,android,64.0,3450,No,Yes,Yes,No,snapdragon,8.0,12.3,1,8.0,1,5.7,amoled display
htc,7999,2.0,android,16.0,2800,No,Yes,No,No,mediatek,8.0,13.0,1,4.0,1,5.5,lcd display
gionee,16599,3.0,android,16.0,3150,No,Yes,No,No,mediatek,8.0,13.0,1,5.0,1,5.5,amoled display
gionee,11000,3.0,android,32.0,3150,No,Yes,No,No,mediatek,8.0,13.0,1,5.0,1,5.5,amoled display
micromax,6599,2.0,android,16.0,2000,No,Yes,No,No,mediatek,4.0,8.0,1,2.0,1,5.0,lcd display
intex,4999,1.0,android,8.0,2500,No,Yes,No,No,spreadtrum,8.0,5.0,1,2.0,1,5.0,lcd display
intex,6999,3.0,android,16.0,2150,No,Yes,No,No,mediatek,4.0,8.0,1,2.0,1,5.0,lcd display
lava,14600,3.0,android,16.0,2900,No,Yes,No,No,mediatek,4.0,13.0,1,5.0,1,5.0,lcd display
gionee,4199,1.0,android,16.0,2000,No,Yes,No,No,mediatek,4.0,5.0,1,2.0,1,5.0,lcd display
gionee,26999,3.0,android,64.0,5020,No,Yes,No,No,mediatek,8.0,13.0,1,5.0,1,6.0,amoled display
asus,5299,1.0,android,8.0,1600,No,Yes,No,No,mediatek,8.0,5.0,1,0.3,1,4.5,lcd display
intex,6299,1.0,android,8.0,2000,No,Yes,No,No,mediatek,8.0,8.0,1,2.0,1,5.0,lcd display
lenovo,11100,2.0,android,16.0,2900,No,Yes,No,No,mediatek,8.0,13.0,1,5.0,1,5.5,lcd display
intex,5999,1.0,android,8.0,2000,No,Yes,No,No,spreadtrum,4.0,5.0,1,2.0,1,5.0,lcd display
asus,8499,2.0,android,16.0,3000,No,Yes,No,No,snapdragon,4.0,13.0,1,5.0,1,5.5,lcd display
lenovo,10999,3.0,android,32.0,3500,No,Yes,No,No,mediatek,8.0,13.0,1,8.0,1,5.5,lcd display
lyf,11000,3.0,android,32.0,3500,No,Yes,No,No,snapdragon,8.0,13.0,2,5.0,1,5.5,amoled display
lyf,3999,2.0,android,16.0,2400,No,Yes,No,No,snapdragon,8.0,13.0,1,5.0,1,5.0,lcd display
htc,47990,4.0,android,32.0,3000,No,Yes,Yes,No,snapdragon,8.0,12.0,1,5.0,1,5.2,lcd display
lg,52990,4.0,android,32.0,2800,No,Yes,Yes,No,snapdragon,8.0,16.0,2,8.0,1,5.3,lcd display
lg,8200,2.0,android,16.0,2300,No,Yes,No,No,snapdragon,8.0,13.0,1,8.0,1,4.93,lcd display
xolo,7098,2.0,android,8.0,2500,No,Yes,No,No,spreadtrum,4.0,8.0,1,5.0,1,5.0,lcd display
intex,9490,3.0,android,16.0,2200,No,Yes,No,No,mediatek,4.0,8.0,1,2.0,1,5.0,lcd display
panasonic,3499,1.0,android,8.0,1600,No,Yes,No,No,mediatek,4.0,5.0,1,2.0,1,4.5,lcd display
intex,3999,1.0,android,8.0,2500,No,Yes,No,No,mediatek,8.0,8.0,1,2.0,1,5.0,lcd display
gionee,4875,1.0,android,16.0,2300,No,Yes,No,No,mediatek,4.0,8.0,1,5.0,1,5.0,lcd display
micromax,9999,3.0,android,32.0,3000,No,Yes,No,No,mediatek,8.0,13.0,1,8.0,1,5.5,lcd display
Other,17999,4.0,android,32.0,3100,No,Yes,No,No,snapdragon,4.0,21.0,1,8.0,1,5.7,lcd display
asus,9999,3.0,android,16.0,3000,No,Yes,No,No,snapdragon,8.0,13.0,1,13.0,1,5.5,lcd display
lava,4499,1.0,android,8.0,1850,No,Yes,No,No,spreadtrum,4.0,5.0,1,0.3,1,4.5,lcd display
intex,3450,1.0,android,8.0,3500,No,Yes,No,No,spreadtrum,4.0,5.0,1,2.0,1,5.0,lcd display
lyf,4499,2.0,android,16.0,2920,No,Yes,No,No,snapdragon,4.0,13.0,1,5.0,1,5.0,lcd display
lava,6499,1.0,android,8.0,2500,No,Yes,No,No,spreadtrum,4.0,5.0,1,5.0,1,5.0,lcd display
asus,14499,3.0,android,32.0,5000,No,Yes,No,No,snapdragon,8.0,13.0,1,5.0,1,5.5,other display
Other,19999,3.0,android,32.0,2680,No,Yes,Yes,No,snapdragon,6.0,13.0,1,5.0,1,5.2,lcd display
asus,50999,6.0,android,64.0,3000,No,Yes,Yes,No,snapdragon,4.0,23.0,1,8.0,1,5.7,amoled display
coolpad,11499,4.0,android,64.0,2800,No,Yes,No,No,snapdragon,8.0,13.0,1,5.0,1,5.5,lcd display
panasonic,6799,3.0,android,16.0,4000,No,Yes,No,No,mediatek,4.0,8.0,1,5.0,1,5.0,lcd display
lenovo,10090,3.0,android,32.0,4050,No,Yes,No,No,mediatek,4.0,13.0,1,5.0,1,6.4,lcd display
lenovo,9999,3.0,android,32.0,4050,No,Yes,No,No,mediatek,8.0,13.0,2,8.0,1,6.4,lcd display
htc,13999,3.0,android,32.0,2200,No,Yes,No,No,mediatek,8.0,13.0,1,5.0,1,5.0,lcd display
honor,9999,2.0,android,16.0,3000,No,Yes,No,No,hisilicon,8.0,13.0,1,8.0,1,5.2,lcd display
htc,21990,1.0,android,16.0,2600,No,Yes,No,No,tru-mediatek,8.0,13.0,1,5.0,1,5.5,lcd display
panasonic,2799,1.0,android,8.0,2400,No,Yes,No,No,mediatek,4.0,5.0,1,2.0,1,4.0,tft display
lyf,4499,2.0,android,16.0,3000,No,Yes,No,No,snapdragon,8.0,13.0,1,5.0,1,5.5,lcd display
Other,4599,1.0,android,8.0,3000,No,Yes,No,No,mediatek,4.0,5.0,1,2.0,1,5.0,lcd display
lyf,3549,2.0,android,32.0,2920,No,Yes,No,No,snapdragon,4.0,13.0,1,5.0,1,5.0,lcd display
intex,2999,0.5,android,4.0,1300,No,Yes,No,No,spreadtrum,4.0,2.0,1,0.3,1,4.0,tft display
sony,24990,3.0,android,16.0,2700,No,No,Yes,No,mediatek,8.0,21.5,1,16.0,1,6.0,lcd display
xiaomi,6999,2.0,android,16.0,4100,No,Yes,No,No,snapdragon,8.0,13.0,1,5.0,1,5.0,lcd display
intex,5990,1.0,android,8.0,2800,No,Yes,No,No,mediatek,4.0,5.0,1,2.0,1,5.0,tft display
lenovo,12499,4.0,android,32.0,3500,No,Yes,No,No,mediatek,8.0,13.0,1,8.0,1,5.5,lcd display
oppo,7999,3.0,android,32.0,3075,No,Yes,No,No,mediatek,8.0,13.0,1,16.0,1,5.5,lcd display
xiaomi,8999,3.0,android,32.0,4100,No,Yes,No,No,snapdragon,8.0,13.0,1,5.0,1,5.0,lcd display
panasonic,5803,3.0,android,32.0,3000,No,Yes,No,No,mediatek,8.0,16.0,1,5.0,1,5.5,lcd display
lyf,2999,1.0,android,8.0,2000,No,Yes,No,No,snapdragon,4.0,8.0,1,5.0,1,4.5,tft display
lyf,3499,1.0,android,8.0,1750,No,Yes,No,No,spreadtrum,4.0,5.0,1,2.0,1,4.0,tft display
panasonic,8999,3.0,android,32.0,2450,No,Yes,No,No,mediatek,4.0,8.0,1,5.0,1,5.0,lcd display
Other,14999,3.0,android,16.0,3000,No,Yes,No,No,snapdragon,8.0,13.0,1,5.0,1,5.2,lcd display
Other,4999,2.0,android,8.0,2000,No,Yes,No,No,snapdragon,4.0,8.0,1,2.0,1,4.7,lcd display
sony,49990,3.0,android,64.0,2900,No,Yes,Yes,No,snapdragon,4.0,23.0,1,13.0,1,5.2,lcd display
google,67000,4.0,android,32.0,3450,No,Yes,Yes,No,snapdragon,4.0,12.3,1,8.0,1,5.5,amoled display
micromax,6499,3.0,android,16.0,2000,No,Yes,No,No,mediatek,4.0,8.0,1,5.0,1,5.0,lcd display
lenovo,7400,2.0,android,16.0,2900,No,Yes,No,No,mediatek,8.0,8.0,1,2.0,1,5.5,lcd display
apple,80000,3.0,ios,256.0,2900,No,Yes,Yes,No,apple,4.0,12.0,2,7.0,1,5.5,lcd display
xolo,5149,1.0,android,8.0,2500,No,Yes,No,No,spreadtrum,4.0,8.0,1,5.0,1,5.0,lcd display
lava,3299,1.0,android,8.0,2600,No,Yes,No,No,mediatek,4.0,8.0,1,5.0,1,5.5,lcd display
intex,4316,2.0,android,8.0,2200,No,Yes,No,No,mediatek,4.0,5.0,1,2.0,1,5.0,tft display
Other,4499,1.0,android,8.0,2000,No,Yes,No,No,mediatek,4.0,8.0,1,5.0,1,5.0,tft display
panasonic,6500,3.0,android,16.0,2500,No,Yes,No,No,mediatek,8.0,13.0,1,5.0,1,5.3,lcd display
asus,19999,4.0,android,32.0,3000,No,Yes,No,No,snapdragon,8.0,13.0,1,8.0,1,5.5,lcd display
intex,5799,2.0,android,16.0,2800,No,Yes,No,No,mediatek,4.0,5.0,1,2.0,1,5.0,tft display
lyf,2900,0.5,android,8.0,1400,No,Yes,No,No,spreadtrum,4.0,2.0,1,0.3,1,4.0,lcd display
intex,5849,1.0,android,8.0,2800,No,Yes,No,No,mediatek,4.0,5.0,1,5.0,1,5.5,lcd display
lyf,4239,2.0,android,16.0,4000,No,Yes,No,No,snapdragon,4.0,8.0,1,5.0,1,5.0,lcd display
lyf,4999,2.0,android,16.0,2800,No,Yes,No,No,mediatek,8.0,13.0,1,5.0,1,5.5,lcd display
xolo,5299,1.0,android,8.0,2350,No,Yes,No,No,spreadtrum,4.0,5.0,1,5.0,1,5.0,lcd display
intex,3990,1.0,android,8.0,1650,No,Yes,No,No,spreadtrum,4.0,5.0,1,0.3,1,4.5,tft display
lyf,4699,1.0,android,8.0,2000,No,Yes,No,No,snapdragon,4.0,8.0,1,5.0,1,4.5,tft display
asus,13999,3.0,android,32.0,4100,No,Yes,No,No,mediatek,4.0,13.0,1,5.0,1,5.2,lcd display
lyf,3399,1.0,android,8.0,2250,No,Yes,No,No,snapdragon,4.0,8.0,1,5.0,1,5.0,lcd display
panasonic,13990,3.0,android,32.0,3000,No,Yes,No,No,mediatek,8.0,13.0,1,5.0,1,5.5,lcd display
oppo,15990,4.0,android,64.0,3075,No,Yes,No,No,mediatek,8.0,13.0,1,16.0,1,5.5,lcd display
asus,63999,6.0,android,256.0,3000,No,Yes,Yes,No,snapdragon,4.0,23.0,1,8.0,1,5.7,amoled display
lg,28539,4.0,android,64.0,3300,No,Yes,Yes,No,snapdragon,4.0,13.0,2,5.0,1,5.7,lcd display
panasonic,4999,3.0,android,16.0,2500,No,Yes,No,No,mediatek,8.0,13.0,1,5.0,1,5.0,lcd display
gionee,4999,2.0,android,16.0,2300,No,Yes,No,No,mediatek,4.0,8.0,1,5.0,1,5.0,lcd display
panasonic,4099,2.0,android,16.0,2600,No,Yes,No,No,mediatek,4.0,13.0,1,5.0,1,5.3,lcd display
lg,8999,2.0,android,16.0,2500,No,Yes,No,No,mediatek,8.0,13.0,1,5.0,1,5.0,lcd display
lg,5499,2.0,android,16.0,2800,No,Yes,No,No,mediatek,8.0,13.0,1,5.0,1,5.3,lcd display
honor,11999,3.0,android,32.0,3340,No,Yes,No,No,hisilicon,8.0,12.0,2,8.0,1,5.5,lcd display
lyf,3990,2.0,android,16.0,2250,No,Yes,No,No,snapdragon,4.0,8.0,1,5.0,1,5.0,lcd display
lg,8499,2.0,android,16.0,4100,No,Yes,No,No,mediatek,8.0,13.0,1,5.0,1,5.3,lcd display
lenovo,8400,4.0,android,32.0,4000,No,Yes,No,No,snapdragon,8.0,16.0,1,8.0,1,5.5,lcd display
asus,49999,8.0,android,128.0,3300,No,Yes,Yes,No,snapdragon,4.0,23.0,1,8.0,1,5.7,amoled display
lenovo,17999,4.0,android,32.0,5100,No,Yes,Yes,No,snapdragon,8.0,13.0,1,5.0,1,5.5,amoled display
nokia,27000,4.0,android,64.0,3090,No,Yes,Yes,No,snapdragon,8.0,13.0,2,13.0,1,5.3,lcd display
apple,34900,2.0,ios,32.0,2750,No,Yes,Yes,No,apple,2.0,12.0,1,5.0,1,5.5,lcd display
asus,14999,3.0,android,32.0,5000,No,Yes,No,No,mediatek,8.0,13.0,1,8.0,1,5.2,lcd display
lava,4999,2.0,android,32.0,2500,No,Yes,No,No,quad,4.0,8.0,1,5.0,1,5.0,lcd display
panasonic,3999,2.0,android,16.0,2000,No,Yes,No,No,mediatek,8.0,8.0,1,2.0,1,5.0,lcd display
intex,6790,1.0,android,8.0,2000,No,Yes,No,No,spreadtrum,4.0,5.0,1,2.0,1,5.0,tft display
gionee,14990,4.0,android,64.0,4550,No,Yes,No,No,mediatek,8.0,13.0,2,20.0,1,6.0,lcd display
lenovo,13499,4.0,android,64.0,3500,No,Yes,No,No,mediatek,8.0,13.0,1,8.0,1,5.5,lcd display
asus,10499,2.0,android,16.0,2650,No,Yes,No,No,snapdragon,4.0,13.0,1,5.0,1,5.0,lcd display
micromax,4990,1.0,android,8.0,1800,No,Yes,No,No,spreadtrum,4.0,5.0,1,2.0,1,4.5,tft display
moto,10900,4.0,android,32.0,3000,No,Yes,Yes,No,snapdragon,8.0,12.0,1,5.0,1,5.2,lcd display
coolpad,5999,3.0,android,16.0,2500,No,Yes,No,No,mediatek,4.0,13.0,1,8.0,1,5.0,lcd display
panasonic,8999,3.0,android,32.0,4000,No,Yes,No,No,mediatek,4.0,13.0,1,5.0,1,5.5,lcd display
panasonic,11499,4.0,android,32.0,3000,No,Yes,No,No,snapdragon,8.0,16.0,1,8.0,1,5.2,lcd display
htc,53990,6.0,android,128.0,3000,No,Yes,Yes,No,snapdragon,8.0,12.0,1,16.0,1,5.5,lcd display
micromax,2999,0.5,android,4.0,1200,No,Yes,No,No,spreadtrum,4.0,2.0,1,0.3,1,3.5,tft display
intex,4295,1.0,android,8.0,2600,No,Yes,No,No,mediatek,4.0,5.0,1,2.0,1,5.0,tft display
samsung,8490,2.0,android,16.0,2600,No,No,Yes,No,spreadtrum,4.0,8.0,1,5.0,1,5.0,amoled display
honor,4999,1.0,android,8.0,2100,No,Yes,No,No,mediatek,4.0,5.0,1,2.0,1,4.5,tft display
Other,4999,1.0,android,8.0,3000,No,Yes,No,No,quad,4.0,5.0,1,5.0,1,5.0,lcd display
intex,2849,1.0,android,8.0,1750,No,Yes,No,No,spreadtrum,4.0,5.0,1,2.0,1,4.0,tft display
coolpad,11999,6.0,android,64.0,4000,No,Yes,No,No,snapdragon,8.0,13.0,2,8.0,1,5.5,lcd display
intex,7490,2.0,android,16.0,2100,No,Yes,No,No,mediatek,4.0,13.0,1,5.0,1,5.0,lcd display
panasonic,7999,3.0,android,16.0,4000,No,Yes,No,No,mediatek,4.0,13.0,1,5.0,1,5.0,lcd display
lava,4485,1.0,android,8.0,2000,No,Yes,No,No,spreadtrum,4.0,5.0,1,5.0,1,4.5,tft display
intex,5499,1.0,android,8.0,2000,No,Yes,No,No,mediatek,4.0,5.0,1,2.0,1,5.0,lcd display
panasonic,11990,3.0,android,16.0,4000,No,Yes,No,No,mediatek,4.0,13.0,1,5.0,1,5.5,lcd display
Other,10999,4.0,android,32.0,3000,No,Yes,No,No,snapdragon,8.0,13.0,1,8.0,1,5.0,lcd display
Other,4599,2.0,android,16.0,2450,No,Yes,No,No,mediatek,4.0,8.0,1,5.0,1,5.0,tft display
oneplus,37999,8.0,android,128.0,3300,No,Yes,Yes,No,snapdragon,8.0,16.0,2,16.0,1,5.5,amoled display
gionee,6999,3.0,android,32.0,4000,No,Yes,No,No,mediatek,8.0,13.0,1,20.0,1,5.3,lcd display
lava,10283,3.0,android,16.0,2620,No,Yes,No,No,mediatek,4.0,8.0,1,5.0,1,5.0,lcd display
lava,3999,1.0,android,8.0,1500,No,Yes,No,No,mediatek,4.0,5.0,1,2.0,1,4.0,tft display
karbonn,4599,1.0,android,8.0,2300,No,Yes,No,No,mediatek,4.0,5.0,1,5.0,1,5.0,lcd display
tecno,7999,3.0,android,16.0,3050,No,Yes,No,No,mediatek,4.0,8.0,1,8.0,1,5.0,lcd display
lg,11899,3.0,android,32.0,3000,No,Yes,No,No,snapdragon,8.0,13.0,1,5.0,1,5.5,lcd display
lg,15190,4.0,android,64.0,3000,No,No,Yes,No,snapdragon,8.0,13.0,1,5.0,1,5.5,lcd display
nokia,6999,1.0,android,8.0,4100,No,Yes,No,No,snapdragon,4.0,8.0,1,5.0,1,5.0,lcd display
asus,6299,3.0,android,32.0,3000,No,Yes,No,No,snapdragon,8.0,13.0,1,13.0,1,5.5,lcd display
xolo,6888,2.0,android,16.0,2500,No,Yes,No,No,spreadtrum,4.0,8.0,1,5.0,1,5.0,lcd display
Other,4230,1.0,android,8.0,2450,No,Yes,No,No,spreadtrum,4.0,5.0,1,5.0,1,5.0,lcd display
karbonn,3499,1.0,android,8.0,1400,No,Yes,No,No,quad,4.0,2.0,1,0.3,1,4.0,tft display
lenovo,9999,3.0,android,32.0,4000,No,Yes,No,No,mediatek,10.0,13.0,2,13.0,1,5.5,lcd display
infinix,8999,3.0,android,32.0,4300,No,Yes,No,No,mediatek,8.0,13.0,1,8.0,1,5.7,lcd display
coolpad,6199,2.0,android,16.0,2800,No,Yes,No,No,snapdragon,4.0,8.0,1,5.0,1,5.0,lcd display
tecno,11900,2.0,android,16.0,4000,No,Yes,No,No,mediatek,4.0,13.0,1,8.0,1,5.5,lcd display
panasonic,11490,3.0,android,16.0,4000,No,Yes,No,No,mediatek,4.0,13.0,1,8.0,1,5.2,lcd display
asus,25999,4.0,android,64.0,3000,No,Yes,No,No,snapdragon,8.0,16.0,1,24.0,2,5.5,amoled display
panasonic,12990,3.0,android,32.0,4000,No,Yes,No,No,mediatek,8.0,13.0,1,8.0,1,5.2,lcd display
Other,6899,2.0,android,16.0,2700,No,Yes,No,No,quad,4.0,8.0,1,5.0,1,5.5,lcd display
karbonn,2729,1.0,android,8.0,2300,No,Yes,No,No,quad,4.0,2.0,1,0.3,1,4.0,tft display
lava,5149,2.0,android,16.0,2350,No,Yes,No,No,spreadtrum,4.0,8.0,1,5.0,1,5.0,tft display
panasonic,8490,2.0,android,16.0,2200,No,Yes,No,No,mediatek,4.0,8.0,1,5.0,1,5.0,lcd display
gionee,6599,2.0,android,16.0,3000,No,Yes,No,No,mediatek,4.0,8.0,1,8.0,1,5.0,lcd display
panasonic,6990,1.0,android,16.0,2000,No,Yes,No,No,mediatek,8.0,8.0,1,2.0,1,5.0,lcd display
intex,5899,1.0,android,16.0,2500,No,Yes,No,No,spreadtrum,4.0,5.0,1,5.0,1,5.0,tft display
Other,5790,3.0,android,16.0,2500,No,Yes,No,No,mediatek,4.0,13.0,1,5.0,1,5.0,lcd display
lg,60000,4.0,android,128.0,3300,No,Yes,Yes,No,snapdragon,8.0,16.0,2,5.0,1,6.0,oled display
lenovo,11999,4.0,android,32.0,4000,No,Yes,No,No,mediatek,8.0,13.0,2,8.0,1,5.2,lcd display
Other,7800,3.0,android,32.0,3000,No,Yes,No,No,mediatek,4.0,13.0,1,8.0,1,5.2,lcd display
apple,69999,3.0,ios,256.0,2716,No,No,Yes,No,apple,6.0,12.0,2,7.0,1,5.8,oled display
apple,77000,2.0,ios,256.0,1821,No,Yes,Yes,No,apple,6.0,12.0,1,7.0,1,4.7,lcd display
micromax,2990,1.0,android,8.0,1600,No,Yes,No,No,spreadtrum,4.0,5.0,1,2.0,1,4.0,tft display
Other,8718,4.0,android,64.0,3000,No,Yes,No,No,mediatek,8.0,13.0,2,8.0,2,5.2,lcd display
asus,7499,4.0,android,64.0,3000,No,Yes,No,No,snapdragon,8.0,16.0,1,20.0,2,5.5,lcd display
gionee,7199,3.0,android,16.0,4000,No,Yes,No,No,mediatek,4.0,13.0,1,16.0,1,5.2,lcd display
micromax,5299,2.0,android,16.0,2500,No,Yes,No,No,mediatek,4.0,8.0,1,5.0,1,5.0,tft display
oppo,20990,4.0,android,64.0,3200,No,Yes,No,No,mediatek,8.0,13.0,1,16.0,2,5.5,lcd display
honor,15499,4.0,android,64.0,3340,No,Yes,No,No,hisilicon,8.0,16.0,2,8.0,1,5.93,lcd display
honor,8499,3.0,android,32.0,3020,No,Yes,No,No,snapdragon,8.0,13.0,1,5.0,1,5.0,lcd display
karbonn,3699,1.0,android,8.0,2300,No,Yes,No,No,quad,4.0,8.0,1,5.0,1,5.2,tft display
google,19000,4.0,android,128.0,2700,No,Yes,Yes,No,snapdragon,8.0,12.2,1,8.0,1,5.0,amoled display
google,15990,4.0,android,128.0,3520,No,Yes,Yes,No,snapdragon,8.0,12.2,1,8.0,1,6.0,amoled display
lg,5890,2.0,android,16.0,2500,No,Yes,No,No,quad,4.0,8.0,1,5.0,1,5.0,tft display
lava,5299,3.0,android,16.0,2500,No,Yes,No,No,mediatek,4.0,8.0,1,5.0,1,5.0,lcd display
lava,6999,3.0,android,32.0,2750,No,Yes,No,No,mediatek,4.0,8.0,1,8.0,1,5.2,lcd display
Other,3999,1.0,android,32.0,2200,No,Yes,No,No,mediatek,4.0,13.0,1,8.0,1,5.0,lcd display
Other,6399,3.0,android,32.0,5000,No,Yes,No,No,mediatek,4.0,13.0,1,8.0,1,5.5,lcd display
xolo,8499,3.0,android,16.0,3000,No,Yes,No,No,mediatek,4.0,13.0,1,13.0,1,5.0,lcd display
xolo,5999,1.0,android,8.0,2500,No,Yes,No,No,mediatek,4.0,5.0,1,8.0,1,5.0,lcd display
xolo,4499,2.0,android,16.0,3000,No,Yes,No,No,mediatek,4.0,8.0,1,13.0,1,5.0,lcd display
Other,6499,2.0,android,16.0,2200,No,Yes,No,No,mediatek,4.0,13.0,1,8.0,1,5.0,lcd display
intex,7795,2.0,android,16.0,2800,No,Yes,No,No,mediatek,4.0,13.0,1,5.0,1,5.2,lcd display
Other,5999,2.0,android,16.0,2500,No,Yes,No,No,spreadtrum,4.0,8.0,1,5.0,1,5.0,lcd display
Other,4199,2.0,android,16.0,4000,No,Yes,No,No,mediatek,4.0,8.0,1,8.0,1,5.0,lcd display
oppo,17990,3.0,android,32.0,3200,No,Yes,No,No,mediatek,8.0,13.0,1,16.0,1,6.0,lcd display
micromax,13999,4.0,android,64.0,3000,No,Yes,No,No,snapdragon,8.0,16.0,1,20.0,2,5.7,lcd display
karbonn,3199,1.0,android,8.0,2300,No,Yes,No,No,spreadtrum,4.0,2.0,1,2.0,1,5.0,tft display
xiaomi,8500,3.0,android,32.0,3080,No,Yes,No,No,snapdragon,8.0,13.0,1,16.0,1,5.5,lcd display
honor,8999,3.0,android,32.0,4100,No,Yes,No,No,snapdragon,8.0,12.0,1,8.0,1,5.5,lcd display
xiaomi,10999,4.0,android,64.0,3080,No,Yes,No,No,snapdragon,8.0,13.0,1,16.0,1,5.5,lcd display
nokia,7900,3.0,android,16.0,3000,No,Yes,Yes,No,snapdragon,8.0,13.0,1,8.0,1,5.2,lcd display
panasonic,5990,3.0,android,32.0,5000,No,Yes,No,No,mediatek,4.0,13.0,1,5.0,1,5.2,lcd display
panasonic,8990,2.0,android,16.0,2500,No,Yes,No,No,mediatek,4.0,13.0,1,5.0,1,5.0,lcd display
infinix,17999,6.0,android,64.0,4350,No,Yes,No,No,mediatek,8.0,12.0,2,16.0,1,5.98,lcd display
gionee,4999,2.0,android,16.0,2670,No,Yes,No,No,mediatek,4.0,8.0,1,5.0,1,5.45,lcd display
Other,6739,2.0,android,16.0,3000,No,Yes,No,No,mediatek,4.0,13.0,2,8.0,1,5.2,lcd display
intex,6199,3.0,android,32.0,2800,No,Yes,No,No,mediatek,4.0,13.0,1,5.0,1,5.2,lcd display
samsung,30889,6.0,android,64.0,3500,No,Yes,Yes,No,samsung,8.0,16.0,1,16.0,2,6.0,amoled display
intex,3199,1.0,android,8.0,1400,No,Yes,No,No,mediatek,4.0,2.0,1,0.3,1,4.0,tft display
Other,6989,3.0,android,32.0,4000,No,Yes,No,No,mediatek,4.0,13.0,1,8.0,1,5.2,lcd display
panasonic,11990,3.0,android,32.0,2500,No,Yes,No,No,mediatek,4.0,13.0,1,5.0,1,5.0,lcd display
karbonn,3829,1.0,android,16.0,2200,No,Yes,No,No,quad,4.0,8.0,1,5.0,1,5.0,tft display
samsung,8200,2.0,android,16.0,2600,No,Yes,No,No,snapdragon,4.0,8.0,1,5.0,1,5.0,amoled display
Other,7499,2.0,android,16.0,3000,No,Yes,No,No,mediatek,4.0,13.0,2,8.0,1,5.45,lcd display
honor,8499,4.0,android,64.0,3000,No,Yes,No,No,hisilicon,8.0,13.0,2,13.0,2,5.65,lcd display
karbonn,4799,3.0,android,32.0,3000,No,Yes,No,No,quad,4.0,13.0,1,13.0,1,5.5,lcd display
oppo,9750,3.0,android,16.0,3000,No,Yes,No,No,snapdragon,8.0,13.0,1,5.0,1,5.2,lcd display
tecno,8570,3.0,android,32.0,3050,No,Yes,No,No,mediatek,4.0,13.0,1,13.0,1,5.65,lcd display
panasonic,5299,1.0,android,16.0,2200,No,Yes,No,No,mediatek,4.0,8.0,1,5.0,1,5.0,lcd display
Other,4343,1.0,android,8.0,1500,No,Yes,No,No,quad,4.0,3.2,1,2.0,1,4.0,tft display
infinix,9999,3.0,android,32.0,4000,No,Yes,No,No,snapdragon,8.0,13.0,1,20.0,1,5.65,lcd display
Other,4999,2.0,android,16.0,2400,No,Yes,No,No,spreadtrum,4.0,5.0,1,5.0,1,5.0,lcd display
karbonn,3055,1.0,android,8.0,1750,No,Yes,No,No,spreadtrum,4.0,5.0,1,5.0,1,4.5,tft display
nokia,54999,6.0,android,128.0,3260,No,Yes,Yes,No,snapdragon,8.0,12.0,2,5.0,1,5.5,amoled display
tecno,7800,2.0,android,16.0,3050,No,Yes,No,No,mediatek,4.0,13.0,1,8.0,1,5.65,lcd display
honor,12999,3.0,android,32.0,3000,No,Yes,No,No,snapdragon,8.0,13.0,2,8.0,1,5.99,lcd display
moto,7999,3.0,android,32.0,5000,No,Yes,No,No,snapdragon,8.0,12.0,1,5.0,1,6.0,lcd display
lava,3999,1.0,android,8.0,2000,No,Yes,No,No,mediatek,4.0,5.0,1,5.0,1,4.5,tft display
asus,32999,6.0,android,64.0,3300,No,Yes,Yes,No,snapdragon,8.0,12.0,2,8.0,1,6.2,lcd display
Other,2999,1.0,android,8.0,1800,No,Yes,No,No,quad,4.0,5.0,1,1.3,1,4.0,tft display
Other,8449,3.0,android,32.0,2700,No,Yes,No,No,quad,4.0,16.0,1,8.0,1,5.0,lcd display
Other,4632,2.0,android,32.0,3050,No,Yes,No,No,mediatek,4.0,13.0,1,8.0,1,5.0,lcd display
Other,3999,1.5,android,16.0,3900,No,Yes,No,No,mediatek,4.0,8.0,1,5.0,1,5.0,lcd display
micromax,10999,3.0,android,32.0,5000,No,Yes,No,No,mediatek,4.0,13.0,1,5.0,1,5.2,lcd display
xiaomi,11999,4.0,android,64.0,3300,No,Yes,No,No,snapdragon,8.0,12.0,1,5.0,1,5.7,lcd display
lg,16996,3.0,android,32.0,3000,No,Yes,No,No,mediatek,8.0,13.0,1,8.0,1,5.5,lcd display
xiaomi,11990,4.0,android,64.0,3010,No,Yes,No,No,snapdragon,8.0,12.0,2,20.0,1,5.99,lcd display
Other,6550,3.0,android,32.0,4000,No,Yes,No,No,mediatek,4.0,13.0,2,8.0,1,5.7,lcd display
micromax,4299,1.0,android,16.0,2500,No,Yes,No,No,mediatek,4.0,5.0,1,5.0,1,5.0,lcd display
oppo,14000,4.0,android,64.0,3180,No,Yes,No,No,mediatek,8.0,13.0,1,8.0,1,5.7,tft display
lava,5449,3.0,android,32.0,3000,No,Yes,No,No,mediatek,4.0,13.0,1,8.0,1,5.7,lcd display
asus,7999,3.0,android,32.0,5000,Yes,Yes,No,No,snapdragon,8.0,13.0,2,8.0,1,5.99,lcd display
panasonic,5190,2.0,android,16.0,2500,No,Yes,No,No,mediatek,4.0,8.0,1,5.0,1,5.45,lcd display
samsung,71179,6.0,android,128.0,3500,No,Yes,Yes,No,samsung,8.0,12.0,2,8.0,1,6.2,amoled display
coolpad,8999,4.0,android,32.0,4070,No,Yes,No,No,snapdragon,8.0,13.0,1,8.0,2,5.5,lcd display
panasonic,6490,1.0,android,16.0,2300,No,Yes,No,No,snapdragon,4.0,8.0,1,5.0,1,5.0,lcd display
nokia,16999,4.0,android,64.0,3000,No,Yes,Yes,No,snapdragon,8.0,16.0,1,8.0,1,5.5,lcd display
intex,10249,3.0,android,32.0,2800,No,Yes,No,No,mediatek,4.0,13.0,1,5.0,1,5.2,lcd display
samsung,6299,1.0,android,8.0,2600,No,Yes,No,No,samsung,4.0,8.0,1,5.0,1,5.0,tft display
Other,8999,3.0,android,32.0,4000,No,Yes,No,No,mediatek,4.0,13.0,2,8.0,1,5.45,lcd display
lenovo,6999,2.0,android,16.0,4000,No,Yes,No,No,mediatek,4.0,13.0,1,8.0,1,5.45,lcd display
asus,83999,8.0,android,128.0,4000,Yes,Yes,Yes,No,snapdragon,8.0,12.0,2,8.0,1,6.0,amoled display
honor,14999,4.0,android,64.0,3000,No,Yes,No,No,snapdragon,8.0,13.0,2,8.0,1,5.99,lcd display
Other,4299,1.0,android,8.0,2000,No,Yes,No,No,quad,4.0,5.0,1,2.0,1,5.0,lcd display
panasonic,3999,1.0,android,16.0,2400,No,Yes,No,No,mediatek,4.0,5.0,1,5.0,1,5.0,lcd display
Other,6299,3.0,android,32.0,2900,No,Yes,No,No,mediatek,4.0,13.0,2,8.0,1,6.0,lcd display
lg,20996,4.0,android,64.0,3000,No,Yes,Yes,No,mediatek,8.0,16.0,1,5.0,1,5.5,lcd display
Other,8999,3.0,android,32.0,3300,No,Yes,No,No,mediatek,8.0,13.0,2,8.0,1,5.7,lcd display
oppo,11599,4.0,android,32.0,4230,No,Yes,No,No,snapdragon,8.0,13.0,2,8.0,1,6.2,lcd display
samsung,10599,4.0,android,64.0,3000,No,Yes,No,No,samsung,8.0,13.0,1,8.0,1,5.6,amoled display
Other,3499,1.5,android,16.0,2500,No,Yes,No,No,mediatek,4.0,8.0,1,5.0,1,5.0,lcd display
Other,5999,3.0,android,32.0,3000,No,Yes,Yes,No,mediatek,4.0,16.0,2,8.0,1,6.0,lcd display
asus,36299,6.0,android,128.0,3300,No,Yes,Yes,No,snapdragon,8.0,12.0,2,8.0,1,6.2,lcd display
intex,3850,1.0,android,8.0,3000,No,Yes,No,No,spreadtrum,4.0,5.0,1,5.0,1,5.34,lcd display
honor,9999,4.0,android,64.0,3000,No,Yes,No,No,hisilicon,8.0,13.0,2,16.0,1,5.84,lcd display
honor,19999,4.0,android,128.0,3000,No,Yes,No,No,hisilicon,8.0,13.0,2,16.0,1,5.84,lcd display
oppo,16500,4.0,android,64.0,3500,No,Yes,No,No,mediatek,8.0,16.0,2,16.0,1,6.3,lcd display
lava,4949,1.0,android,16.0,3000,No,Yes,No,No,mediatek,4.0,8.0,1,5.0,1,5.45,lcd display
infinix,7999,3.0,android,32.0,3050,No,Yes,No,No,mediatek,4.0,13.0,1,8.0,1,5.45,lcd display
Other,7500,3.0,android,32.0,3000,No,Yes,No,No,mediatek,4.0,13.0,1,13.0,2,5.7,lcd display
Other,4001,2.0,android,16.0,3000,No,Yes,No,No,mediatek,4.0,5.0,1,8.0,1,5.34,tft display
oppo,45990,8.0,android,128.0,3700,No,Yes,Yes,No,snapdragon,8.0,12.0,2,25.0,1,6.4,amoled display
nokia,6999,3.0,android,32.0,2990,No,Yes,No,No,mediatek,8.0,13.0,1,8.0,1,5.2,lcd display
lava,5009,2.0,android,16.0,3000,No,Yes,No,No,mediatek,4.0,13.0,1,8.0,1,5.7,lcd display
poco,18900,8.0,android,256.0,4000,No,Yes,No,No,snapdragon,8.0,12.0,2,20.0,1,6.18,lcd display
infinix,10999,3.0,android,32.0,4500,No,Yes,No,No,mediatek,8.0,12.0,1,16.0,1,5.99,lcd display
lava,4949,1.0,android,16.0,2500,No,Yes,No,No,quad,4.0,5.0,1,5.0,1,5.0,lcd display
realme,10490,4.0,android,64.0,4230,No,Yes,No,No,snapdragon,8.0,13.0,2,8.0,1,6.2,lcd display
lg,24000,4.0,android,64.0,3300,No,Yes,Yes,No,mediatek,8.0,16.0,1,8.0,1,6.2,lcd display
xiaomi,9999,3.0,android,64.0,3000,No,Yes,No,No,mediatek,8.0,12.0,2,5.0,1,5.45,lcd display
apple,124900,4.0,ios,256.0,3174,No,No,Yes,No,apple,6.0,12.0,2,7.0,1,6.5,oled display
apple,144900,4.0,ios,512.0,3174,No,No,Yes,No,apple,6.0,12.0,2,7.0,1,6.5,oled display
realme,13500,6.0,android,64.0,3500,No,Yes,No,No,snapdragon,8.0,16.0,2,16.0,1,6.3,lcd display
nokia,12299,4.0,android,64.0,3060,Yes,Yes,Yes,No,snapdragon,8.0,12.0,2,8.0,1,5.84,lcd display
moto,9990,4.0,android,64.0,3000,No,Yes,No,No,snapdragon,8.0,12.0,2,8.0,1,6.2,lcd display
infinix,12999,4.0,android,64.0,4500,No,Yes,No,No,mediatek,8.0,12.0,1,16.0,1,5.99,lcd display
Other,6499,2.0,android,16.0,2800,No,Yes,No,No,mediatek,4.0,13.0,1,8.0,1,5.67,lcd display
google,18999,4.0,android,128.0,2915,No,Yes,Yes,No,snapdragon,8.0,12.2,1,8.0,2,5.5,oled display
google,18999,4.0,android,128.0,3430,No,Yes,Yes,No,snapdragon,8.0,12.2,1,8.0,2,6.3,oled display
intex,5199,2.0,android,16.0,2800,No,Yes,No,No,quad,4.0,8.0,1,5.0,1,5.45,lcd display
Other,4989,2.0,android,16.0,3000,No,Yes,No,No,mediatek,4.0,8.0,1,8.0,1,5.34,tft display
Other,6595,3.0,android,32.0,4000,No,Yes,No,No,mediatek,4.0,13.0,1,5.0,1,5.45,lcd display
panasonic,8999,3.0,android,32.0,3000,No,Yes,No,No,mediatek,4.0,13.0,1,5.0,1,5.7,lcd display
panasonic,10990,3.0,android,32.0,4000,No,Yes,No,No,mediatek,8.0,13.0,2,8.0,1,6.19,lcd display
micromax,4999,1.0,android,8.0,2000,No,Yes,No,No,unisoc,4.0,5.0,1,2.0,1,5.0,lcd display
infinix,10999,3.0,android,32.0,4000,No,Yes,No,No,snapdragon,8.0,13.0,2,16.0,1,6.2,lcd display
xiaomi,14990,6.0,android,128.0,3010,No,Yes,No,No,snapdragon,8.0,12.0,2,20.0,1,5.99,lcd display
micromax,4999,1.0,android,8.0,2000,No,Yes,No,No,quad,4.0,5.0,1,2.0,1,5.0,tft display
samsung,23469,6.0,android,128.0,3300,No,Yes,No,No,samsung,8.0,24.0,3,24.0,1,6.0,amoled display
asus,26999,4.0,android,64.0,5000,No,Yes,No,No,snapdragon,8.0,12.0,2,13.0,1,5.5,amoled display
nokia,19499,4.0,android,64.0,3000,No,Yes,Yes,No,snapdragon,8.0,16.0,1,8.0,1,5.5,lcd display
karbonn,3499,1.0,android,8.0,2800,No,Yes,No,No,quad,4.0,5.0,1,5.0,1,5.45,lcd display
realme,9990,3.0,android,64.0,4230,No,Yes,No,No,mediatek,8.0,13.0,2,13.0,1,6.2,lcd display
xiaomi,8999,6.0,android,64.0,4000,No,Yes,No,No,snapdragon,8.0,12.0,2,20.0,2,6.26,lcd display
realme,8990,4.0,android,64.0,3500,No,Yes,No,No,mediatek,8.0,13.0,2,25.0,1,6.3,lcd display
honor,15999,6.0,android,128.0,3750,No,Yes,No,No,hisilicon,8.0,20.0,2,16.0,1,6.5,lcd display
lava,5590,2.0,android,16.0,3000,No,Yes,No,No,mediatek,4.0,8.0,1,5.0,1,5.45,lcd display
infinix,16999,4.0,android,64.0,4000,No,Yes,No,No,mediatek,8.0,16.0,1,16.0,1,5.93,lcd display
Other,5459,2.0,android,16.0,3000,No,Yes,No,No,unisoc,4.0,13.0,1,8.0,1,5.45,lcd display
asus,12999,3.0,android,32.0,4000,No,Yes,No,No,snapdragon,8.0,13.0,2,8.0,1,6.26,lcd display
asus,14999,4.0,android,64.0,4000,No,Yes,No,No,snapdragon,8.0,13.0,2,8.0,1,6.26,lcd display
asus,19999,6.0,android,64.0,5000,No,Yes,No,No,snapdragon,8.0,12.0,2,13.0,1,6.26,lcd display
oneplus,39999,10.0,android,256.0,3700,No,Yes,Yes,No,snapdragon,8.0,16.0,2,16.0,1,6.41,amoled display
Other,5250,3.0,android,32.0,3000,No,Yes,No,No,unisoc,4.0,13.0,1,8.0,1,5.45,lcd display
Other,3690,2.0,android,16.0,3000,No,Yes,No,No,mediatek,4.0,13.0,1,8.0,1,5.34,lcd display
coolpad,5985,3.0,android,32.0,3000,No,Yes,No,No,mediatek,4.0,13.0,2,5.0,1,5.7,lcd display
coolpad,4999,1.0,android,16.0,2500,No,Yes,No,No,quad,4.0,5.0,1,5.0,1,5.45,lcd display
nokia,12499,4.0,android,64.0,3500,No,Yes,No,No,snapdragon,8.0,16.0,3,8.0,1,6.3,lcd display
Other,5499,3.0,android,32.0,3020,No,Yes,No,No,mediatek,4.0,13.0,1,13.0,1,5.7,lcd display
xolo,7199,2.0,android,16.0,3000,No,Yes,No,No,mediatek,4.0,8.0,1,5.0,1,5.45,lcd display
lava,6999,3.0,android,32.0,3260,No,Yes,No,No,mediatek,8.0,13.0,1,8.0,1,6.22,lcd display
xiaomi,4990,1.0,android,8.0,3000,No,Yes,No,No,snapdragon,4.0,8.0,1,5.0,1,5.0,lcd display
realme,9999,3.0,android,32.0,4230,No,Yes,No,No,snapdragon,8.0,13.0,2,5.0,1,6.2,lcd display
coolpad,5599,2.0,android,16.0,3000,No,Yes,No,No,unisoc,8.0,8.0,2,5.0,1,5.71,lcd display
samsung,11499,4.0,android,64.0,5000,Yes,Yes,No,No,samsung,8.0,13.0,2,8.0,1,6.3,tft display
realme,6990,2.0,android,32.0,4230,No,Yes,No,No,snapdragon,8.0,13.0,2,5.0,1,6.2,lcd display
gionee,6990,2.0,android,16.0,3000,No,Yes,No,No,mediatek,4.0,13.0,1,5.0,1,5.45,lcd display
nokia,10999,4.0,android,64.0,3060,No,Yes,No,No,mediatek,8.0,13.0,2,8.0,1,5.86,lcd display
lg,10190,3.0,android,64.0,3500,No,Yes,No,No,mediatek,8.0,16.0,3,13.0,1,6.26,lcd display
xiaomi,9899,4.0,android,64.0,4000,No,Yes,No,No,snapdragon,8.0,12.0,2,13.0,1,6.3,lcd display
panasonic,6499,4.0,android,64.0,4000,No,Yes,No,No,tru-mediatek,8.0,13.0,1,8.0,1,5.5,lcd display
panasonic,4999,1.0,android,16.0,2300,No,Yes,No,No,mediatek,4.0,5.0,1,5.0,1,5.34,lcd display
samsung,14999,6.0,android,128.0,5000,Yes,Yes,No,No,samsung,8.0,13.0,3,16.0,1,6.4,amoled display
nokia,7999,3.0,android,32.0,3000,No,Yes,Yes,No,snapdragon,8.0,13.0,2,8.0,1,5.71,lcd display
xiaomi,9500,3.0,android,32.0,4000,No,Yes,No,No,snapdragon,8.0,12.0,2,8.0,1,6.26,lcd display
Other,3799,3.0,android,32.0,4000,No,Yes,No,No,mediatek,8.0,16.0,2,13.0,1,6.2,lcd display
Other,3888,1.0,android,8.0,2000,No,Yes,No,No,mediatek,4.0,8.0,1,5.0,1,5.0,lcd display
Other,9999,3.0,android,32.0,3000,No,Yes,No,No,mediatek,4.0,13.0,2,5.0,1,5.7,lcd display
Other,2990,1.0,android,8.0,1750,No,Yes,No,No,quad,4.0,2.0,1,2.0,1,4.0,tft display
xolo,8999,3.0,android,32.0,3000,No,Yes,No,No,mediatek,4.0,13.0,1,13.0,1,5.7,lcd display
nokia,11890,6.0,android,64.0,3060,No,Yes,No,No,snapdragon,8.0,16.0,2,16.0,1,5.8,lcd display
infinix,7999,2.0,android,32.0,3500,No,Yes,No,No,mediatek,4.0,13.0,2,8.0,1,6.21,lcd display
xiaomi,7870,4.0,android,64.0,4000,No,Yes,No,No,snapdragon,8.0,12.0,2,32.0,1,6.26,lcd display
oppo,16990,4.0,android,128.0,4020,No,Yes,No,No,mediatek,8.0,16.0,2,16.0,1,6.53,lcd display
xolo,16999,6.0,android,128.0,3260,No,Yes,No,No,mediatek,8.0,13.0,2,16.0,1,6.22,lcd display
samsung,15798,6.0,android,128.0,3500,Yes,Yes,Yes,No,snapdragon,8.0,32.0,3,16.0,1,6.3,lcd display
oppo,8989,3.0,android,32.0,4230,No,Yes,No,No,mediatek,8.0,13.0,2,8.0,1,6.2,lcd display
lava,5299,1.0,android,16.0,2550,No,Yes,No,No,spreadtrum,4.0,5.0,1,5.0,1,5.0,tft display
nokia,7990,2.0,android,16.0,3000,No,Yes,No,No,mediatek,4.0,13.0,1,5.0,1,5.71,lcd display
nokia,6889,2.0,android,16.0,4000,No,Yes,No,No,snapdragon,4.0,13.0,1,5.0,1,6.26,tft display
asus,43999,8.0,android,256.0,5000,No,Yes,Yes,No,snapdragon,8.0,48.0,2,48.0,2,6.4,lcd display
oppo,9989,4.0,android,64.0,4230,No,Yes,No,No,mediatek,8.0,13.0,2,8.0,1,6.2,lcd display
lg,9990,3.0,android,32.0,4000,No,Yes,No,No,mediatek,8.0,13.0,2,8.0,1,6.19,lcd display
coolpad,4900,2.0,android,16.0,3000,No,Yes,No,No,mediatek,4.0,13.0,1,8.0,1,5.71,lcd display
lava,5890,2.0,android,16.0,3380,No,Yes,No,No,mediatek,4.0,8.0,1,5.0,1,6.0,lcd display
realme,8990,4.0,android,64.0,4230,No,Yes,No,No,mediatek,8.0,13.0,2,13.0,1,6.22,lcd display
realme,19599,8.0,android,128.0,3765,Yes,Yes,No,No,snapdragon,8.0,48.0,2,16.0,1,6.53,amoled display
honor,18999,6.0,android,256.0,4000,No,Yes,No,No,hisilicon,8.0,48.0,3,16.0,1,6.59,lcd display
oppo,12999,6.0,android,128.0,4020,Yes,Yes,No,No,mediatek,8.0,48.0,2,16.0,1,6.5,tft display
coolpad,6249,4.0,android,64.0,3000,No,Yes,No,No,unisoc,8.0,8.0,2,5.0,1,5.71,lcd display
Other,49999,12.0,android,256.0,5000,Yes,Yes,No,No,snapdragon,8.0,48.0,1,16.0,1,6.65,amoled display
coolpad,6499,3.0,android,32.0,3000,No,Yes,No,No,mediatek,4.0,13.0,1,8.0,1,5.71,lcd display
gionee,7499,3.0,android,32.0,3520,No,Yes,No,No,unisoc,8.0,13.0,1,8.0,1,5.71,lcd display
htc,16999,4.0,android,128.0,3300,No,Yes,No,No,mediatek,8.0,12.0,3,8.0,1,6.22,lcd display
realme,11990,4.0,android,128.0,5000,No,Yes,No,No,snapdragon,8.0,12.0,4,13.0,1,6.5,lcd display
realme,9990,4.0,android,64.0,5000,No,Yes,No,No,snapdragon,8.0,12.0,4,13.0,1,6.5,lcd display
infinix,7490,4.0,android,64.0,5000,No,Yes,No,No,mediatek,8.0,13.0,2,8.0,1,6.52,lcd display
lenovo,18999,6.0,android,128.0,4050,No,Yes,No,No,snapdragon,8.0,16.0,3,16.0,1,6.39,lcd display
oppo,11989,4.0,android,64.0,5000,No,Yes,No,No,snapdragon,8.0,12.0,4,8.0,1,6.5,lcd display
realme,13990,6.0,android,64.0,4000,Yes,Yes,No,No,snapdragon,8.0,64.0,4,16.0,1,6.4,amoled display
moto,6999,4.0,android,64.0,3000,No,Yes,No,No,mediatek,8.0,13.0,2,8.0,1,6.1,lcd display
lenovo,10490,4.0,android,64.0,4050,No,Yes,No,No,snapdragon,8.0,13.0,3,16.0,1,6.22,lcd display
gionee,9490,3.0,android,32.0,4050,No,Yes,No,No,unisoc,8.0,13.0,2,13.0,1,6.26,lcd display
oppo,12490,4.0,android,128.0,5000,No,Yes,No,No,snapdragon,8.0,48.0,4,16.0,1,6.5,lcd display
samsung,28990,8.0,android,128.0,4500,Yes,Yes,Yes,No,snapdragon,8.0,64.0,3,32.0,1,6.7,amoled display
nokia,16990,6.0,android,64.0,3500,No,Yes,No,No,snapdragon,8.0,48.0,3,20.0,1,6.39,lcd display
xiaomi,17999,8.0,android,128.0,4500,Yes,Yes,No,No,mediatek,8.0,64.0,4,20.0,1,6.53,lcd display
nokia,7999,2.0,android,32.0,4000,No,Yes,No,No,mediatek,4.0,13.0,2,5.0,1,6.2,lcd display
vivo,15990,4.0,android,128.0,4500,Yes,Yes,No,No,snapdragon,8.0,48.0,3,32.0,1,6.38,amoled display
xiaomi,10999,3.0,android,32.0,4000,Yes,Yes,No,No,snapdragon,8.0,48.0,4,13.0,1,6.3,lcd display
realme,28990,12.0,android,256.0,4000,Yes,Yes,Yes,No,snapdragon,8.0,64.0,4,16.0,1,6.5,amoled display
realme,10999,4.0,android,128.0,5000,No,Yes,No,No,snapdragon,8.0,48.0,4,13.0,1,6.5,lcd display
infinix,5990,2.0,android,32.0,6000,No,Yes,No,No,mediatek,4.0,13.0,1,8.0,1,6.82,lcd display
realme,15999,8.0,android,128.0,4000,Yes,Yes,No,No,snapdragon,8.0,64.0,4,32.0,1,6.4,amoled display
lg,12990,4.0,android,64.0,4000,No,Yes,No,No,mediatek,8.0,12.0,3,16.0,1,6.26,lcd display
realme,19999,6.0,android,128.0,4000,Yes,Yes,No,No,snapdragon,8.0,64.0,4,32.0,1,6.4,amoled display
honor,19999,6.0,android,128.0,4000,No,Yes,No,No,hisilicon,8.0,48.0,3,16.0,1,6.59,lcd display
lava,5390,2.0,android,32.0,3200,No,Yes,No,No,mediatek,4.0,13.0,2,5.0,1,5.7,lcd display
xiaomi,7999,3.0,android,32.0,5000,Yes,Yes,No,No,snapdragon,8.0,13.0,2,8.0,1,6.22,lcd display
oppo,18561,6.0,android,128.0,5000,No,Yes,No,No,snapdragon,8.0,12.0,4,8.0,1,6.5,lcd display
samsung,8999,3.0,android,32.0,4000,No,Yes,No,No,mediatek,8.0,13.0,2,8.0,1,6.2,lcd display
realme,8999,3.0,android,32.0,5000,No,Yes,No,No,mediatek,8.0,12.0,3,5.0,1,6.5,lcd display
tecno,7990,4.0,android,64.0,5000,No,Yes,No,No,mediatek,8.0,48.0,3,16.0,1,6.55,lcd display
tecno,13999,6.0,android,128.0,4000,No,Yes,No,No,mediatek,8.0,48.0,3,32.0,1,6.53,lcd display
nokia,10999,4.0,android,64.0,4000,No,Yes,Yes,No,snapdragon,8.0,13.0,4,8.0,1,6.55,lcd display
oneplus,30999,8.0,android,128.0,4300,Yes,Yes,Yes,Yes,snapdragon,8.0,48.0,3,16.0,1,6.55,amoled display
samsung,6999,1.0,android,16.0,2600,No,Yes,No,No,samsung,4.0,8.0,1,5.0,1,5.0,lcd display
honor,7999,2.0,android,32.0,3020,No,Yes,No,No,mediatek,8.0,8.0,1,5.0,1,5.45,lcd display
tecno,7990,2.0,android,32.0,5000,No,Yes,No,No,mediatek,8.0,13.0,3,8.0,1,6.6,lcd display
realme,29999,8.0,android,128.0,4200,Yes,Yes,No,No,snapdragon,8.0,64.0,4,32.0,2,6.6,lcd display
samsung,22499,8.0,android,128.0,4000,Yes,Yes,Yes,No,samsung,8.0,48.0,4,32.0,1,6.5,amoled display
xiaomi,8830,3.0,android,64.0,5000,Yes,Yes,No,No,snapdragon,8.0,13.0,2,8.0,1,6.22,lcd display
oppo,7999,4.0,android,64.0,4230,No,Yes,No,No,mediatek,8.0,13.0,2,5.0,1,6.22,lcd display
panasonic,5489,2.0,android,16.0,3000,No,Yes,No,No,quad,4.0,8.0,1,5.0,1,5.45,lcd display
poco,11990,6.0,android,64.0,5000,Yes,Yes,No,No,snapdragon,8.0,48.0,4,16.0,1,6.67,lcd display
lava,5399,2.0,android,16.0,3100,No,Yes,No,No,tru-mediatek,8.0,8.0,1,5.0,1,5.45,lcd display
nokia,7990,3.0,android,64.0,4500,No,Yes,No,No,mediatek,8.0,13.0,2,5.0,1,6.5,lcd display
realme,14490,6.0,android,64.0,4300,Yes,Yes,No,No,mediatek,8.0,64.0,4,16.0,1,6.5,lcd display
infinix,6490,3.0,android,32.0,6000,No,Yes,No,No,mediatek,8.0,13.0,1,8.0,1,6.82,lcd display
vivo,32990,8.0,android,256.0,4200,Yes,Yes,No,No,snapdragon,8.0,48.0,4,32.0,1,6.56,amoled display
xiaomi,12999,6.0,android,128.0,5020,Yes,Yes,No,No,mediatek,8.0,48.0,4,13.0,1,6.53,lcd display
infinix,5999,2.0,android,32.0,6000,No,Yes,No,No,mediatek,8.0,13.0,2,8.0,1,6.82,lcd display
ikall,4199,2.0,android,16.0,2500,No,Yes,No,No,quad,4.0,5.0,1,2.0,1,5.5,lcd display
ikall,6074,4.0,android,64.0,3000,No,Yes,No,No,quad,4.0,8.0,1,5.0,1,6.0,lcd display
ikall,4499,2.0,android,16.0,3000,No,Yes,No,No,quad,4.0,8.0,1,5.0,1,6.26,tft display
ikall,5699,4.0,android,64.0,3000,No,Yes,No,No,quad,4.0,8.0,1,5.0,1,5.5,lcd display
ikall,3999,2.0,android,16.0,2500,No,Yes,No,No,quad,4.0,5.0,1,2.0,1,5.5,tft display
ikall,3999,2.0,android,16.0,2800,No,Yes,No,No,quad,4.0,5.0,1,5.0,1,5.5,tft display
infinix,11999,6.0,android,128.0,5200,No,Yes,No,No,mediatek,8.0,16.0,3,8.0,1,6.78,lcd display
tecno,8898,3.0,android,32.0,6000,No,Yes,No,No,mediatek,4.0,13.0,2,8.0,1,7.0,lcd display
nokia,11999,6.0,android,64.0,4000,No,Yes,Yes,No,snapdragon,8.0,13.0,4,8.0,1,6.55,lcd display
nokia,5299,3.0,android,32.0,3040,No,Yes,No,No,unisoc,8.0,8.0,1,5.0,1,5.99,lcd display
tecno,8999,4.0,android,64.0,5000,Yes,Yes,No,No,mediatek,8.0,64.0,3,16.0,1,6.8,tft display
ikall,6999,4.0,android,64.0,4000,No,Yes,No,No,quad,4.0,13.0,1,8.0,1,6.53,lcd display
ikall,5699,3.0,android,32.0,4000,No,Yes,No,No,quad,4.0,13.0,2,8.0,1,6.26,tft display
poco,9990,6.0,android,128.0,5000,Yes,Yes,No,No,mediatek,8.0,13.0,4,8.0,1,6.53,lcd display
xiaomi,19999,8.0,android,128.0,5020,Yes,Yes,No,No,snapdragon,8.0,64.0,4,32.0,1,6.67,lcd display
oppo,18490,8.0,android,128.0,4015,Yes,Yes,No,No,snapdragon,8.0,16.0,4,16.0,1,6.44,amoled display
realme,9900,3.0,android,32.0,5000,No,Yes,No,No,snapdragon,8.0,12.0,3,8.0,1,6.5,lcd display
ikall,5999,4.0,android,64.0,4000,No,Yes,No,No,quad,4.0,13.0,2,8.0,1,6.53,lcd display
xiaomi,6999,4.0,android,128.0,5000,No,Yes,No,No,mediatek,8.0,13.0,1,5.0,1,6.53,lcd display
realme,10990,4.0,android,128.0,6000,Yes,Yes,No,No,mediatek,8.0,48.0,3,8.0,1,6.5,lcd display
realme,17490,8.0,android,128.0,4500,Yes,Yes,No,No,mediatek,8.0,48.0,4,16.0,1,6.5,lcd display
poco,11999,6.0,android,128.0,6000,Yes,Yes,No,No,snapdragon,8.0,64.0,4,20.0,1,6.67,lcd display
lg,7990,3.0,android,32.0,4000,No,Yes,No,No,mediatek,8.0,13.0,2,8.0,1,6.52,lcd display
lenovo,6900,4.0,android,64.0,4000,No,Yes,No,No,unisoc,8.0,13.0,2,5.0,1,6.09,lcd display
oppo,13990,6.0,android,64.0,3600,No,Yes,No,No,snapdragon,8.0,16.0,2,25.0,1,6.4,amoled display
ikall,3599,2.0,android,16.0,2500,No,Yes,No,No,quad,4.0,5.0,1,2.0,1,5.5,lcd display
poco,7984,4.0,android,64.0,5000,No,Yes,No,No,mediatek,8.0,13.0,3,5.0,1,6.53,lcd display
tecno,10449,4.0,android,64.0,6000,Yes,Yes,No,No,mediatek,8.0,16.0,3,8.0,1,6.8,lcd display
Other,4898,3.0,android,32.0,5000,No,Yes,No,No,quad,4.0,5.0,1,5.0,1,6.26,lcd display
Other,4699,2.0,android,16.0,3500,No,Yes,No,No,quad,4.0,5.0,1,5.0,1,5.5,lcd display
samsung,17499,6.0,android,128.0,6000,Yes,Yes,No,No,samsung,8.0,64.0,4,32.0,1,6.4,amoled display
realme,8490,4.0,android,128.0,5000,Yes,Yes,No,No,snapdragon,8.0,64.0,4,16.0,1,6.5,lcd display
Other,7990,2.0,android,16.0,3000,No,Yes,No,No,quad,4.0,13.0,1,13.0,1,6.2,other display
lg,9990,4.0,android,64.0,4000,No,Yes,No,No,mediatek,8.0,13.0,3,8.0,1,6.52,lcd display
apple,106900,6.0,ios,512.0,2815,Yes,No,Yes,Yes,apple,6.0,12.0,3,12.0,1,6.1,oled display
apple,115030,6.0,ios,256.0,3687,Yes,No,Yes,Yes,apple,6.0,12.0,3,12.0,1,6.7,oled display
oppo,19999,8.0,android,128.0,4015,Yes,Yes,No,No,mediatek,8.0,48.0,4,16.0,2,6.43,amoled display
oppo,7790,3.0,android,32.0,5000,Yes,Yes,No,No,snapdragon,8.0,13.0,3,8.0,1,6.5,lcd display
micromax,5999,4.0,android,64.0,5000,Yes,Yes,No,No,mediatek,8.0,48.0,3,8.0,1,6.67,lcd display
realme,9999,3.0,android,32.0,6000,Yes,Yes,No,No,snapdragon,8.0,13.0,4,8.0,1,6.5,lcd display
micromax,5499,2.0,android,32.0,5000,No,Yes,No,No,mediatek,8.0,13.0,2,8.0,1,6.52,lcd display
lg,15000,4.0,android,128.0,4000,No,Yes,No,No,mediatek,8.0,13.0,3,8.0,1,6.52,lcd display
itel,5999,2.0,android,32.0,3020,No,Yes,No,No,quad,4.0,2.0,1,2.0,1,5.0,lcd display
Other,21999,3.0,android,32.0,4200,No,No,Yes,No,mediatek,4.0,13.0,1,5.0,1,5.5,lcd display
Other,49990,6.0,android,128.0,4000,No,Yes,Yes,No,snapdragon,8.0,12.0,1,8.0,1,5.7,lcd display
tecno,11999,6.0,android,128.0,6000,Yes,Yes,No,No,mediatek,8.0,16.0,3,8.0,1,6.8,lcd display
Other,4899,3.0,android,32.0,5000,No,Yes,No,No,quad,4.0,5.0,1,5.0,1,6.53,lcd display
lava,5899,2.0,android,32.0,4060,No,Yes,No,No,unisoc,8.0,13.0,2,8.0,1,6.08,lcd display
vivo,12990,3.0,android,64.0,5000,No,Yes,No,No,snapdragon,8.0,13.0,3,8.0,1,6.51,lcd display
xiaomi,18990,6.0,android,128.0,4820,Yes,Yes,No,Yes,snapdragon,8.0,108.0,4,16.0,1,6.67,lcd display
lava,6249,2.0,android,16.0,3100,No,Yes,No,No,mediatek,4.0,5.0,1,5.0,1,5.0,tft display
lava,5990,2.0,android,32.0,5000,No,Yes,No,No,mediatek,8.0,13.0,2,8.0,1,6.51,lcd display
samsung,7999,4.0,android,64.0,5000,Yes,Yes,No,No,snapdragon,8.0,13.0,3,5.0,1,6.5,lcd display
lava,9215,6.0,android,64.0,5000,No,Yes,No,No,mediatek,8.0,13.0,3,16.0,1,6.51,lcd display
realme,10999,4.0,android,64.0,6000,No,Yes,No,No,mediatek,8.0,13.0,3,5.0,1,6.52,lcd display
itel,6740,2.0,android,32.0,4000,No,Yes,No,No,quad,4.0,8.0,3,5.0,1,6.52,lcd display
itel,4890,2.0,android,32.0,3020,No,Yes,No,No,quad,4.0,5.0,2,5.0,1,5.5,lcd display
samsung,8487,3.0,android,32.0,5000,No,Yes,No,No,mediatek,4.0,13.0,2,5.0,1,6.5,lcd display
realme,23999,8.0,android,128.0,4310,Yes,Yes,No,Yes,mediatek,8.0,64.0,3,16.0,1,6.4,amoled display
nokia,5333,6.0,android,64.0,4000,No,Yes,No,No,snapdragon,8.0,48.0,4,16.0,1,6.39,lcd display
Other,3480,2.0,android,16.0,3000,No,Yes,No,No,spreadtrum,4.0,13.0,1,8.0,1,5.0,lcd display
Other,5680,3.0,android,32.0,3000,No,Yes,No,No,quad,4.0,13.0,2,5.0,1,5.7,lcd display
Other,4699,2.0,android,32.0,3000,No,Yes,No,No,quad,4.0,8.0,1,5.0,1,6.26,lcd display
Other,4288,3.0,android,32.0,4000,No,Yes,No,No,mediatek,4.0,13.0,1,8.0,1,6.08,tft display
xiaomi,10999,6.0,android,128.0,5000,Yes,Yes,No,No,snapdragon,8.0,48.0,4,13.0,1,6.43,amoled display
xiaomi,15990,8.0,android,128.0,5020,Yes,Yes,No,No,snapdragon,8.0,64.0,4,16.0,1,6.67,amoled display
nokia,9449,4.0,android,64.0,5050,No,Yes,No,No,mediatek,8.0,13.0,3,8.0,1,6.5,lcd display
oppo,18994,8.0,android,256.0,4310,Yes,Yes,No,No,mediatek,8.0,48.0,4,16.0,1,6.43,amoled display
asus,63999,12.0,android,256.0,6000,Yes,Yes,Yes,Yes,snapdragon,8.0,64.0,3,24.0,1,6.78,amoled display
ikall,4429,2.0,android,16.0,2500,No,Yes,No,No,quad,4.0,5.0,1,2.0,1,5.5,lcd display
ikall,5699,4.0,android,64.0,3000,No,Yes,No,No,quad,4.0,8.0,1,5.0,1,5.5,lcd display
ikall,6490,4.0,android,64.0,3000,No,Yes,No,No,quad,4.0,8.0,1,5.0,1,6.26,lcd display
ikall,6484,4.0,android,64.0,3000,No,Yes,No,No,quad,4.0,8.0,1,5.0,1,6.0,lcd display
ikall,5049,2.0,android,16.0,4000,No,Yes,No,No,quad,4.0,8.0,1,5.0,1,5.5,lcd display
ikall,6484,3.0,android,32.0,4000,No,Yes,No,No,quad,4.0,13.0,2,8.0,1,6.26,lcd display
ikall,4427,2.0,android,16.0,2800,No,Yes,No,No,quad,4.0,5.0,1,2.0,1,5.5,lcd display
ikall,4429,2.0,android,16.0,2500,No,Yes,No,No,quad,4.0,5.0,1,2.0,1,5.5,lcd display
ikall,6499,4.0,android,64.0,4000,No,Yes,No,No,quad,4.0,13.0,1,8.0,1,6.53,lcd display
ikall,6499,4.0,android,64.0,3000,No,Yes,No,No,quad,4.0,8.0,1,5.0,1,6.0,lcd display
micromax,16499,6.0,android,128.0,5000,Yes,Yes,No,No,mediatek,8.0,48.0,3,8.0,1,6.67,lcd display
samsung,21999,8.0,android,128.0,4500,Yes,Yes,Yes,No,snapdragon,8.0,64.0,4,32.0,1,6.5,amoled display
samsung,8690,4.0,android,64.0,5000,Yes,Yes,No,No,snapdragon,8.0,13.0,3,5.0,1,6.5,lcd display
realme,8999,4.0,android,64.0,5000,No,Yes,No,No,mediatek,8.0,13.0,3,5.0,1,6.5,lcd display
realme,6899,4.0,android,128.0,6000,Yes,Yes,No,No,mediatek,8.0,13.0,3,8.0,1,6.5,lcd display
nokia,13849,4.0,android,64.0,5050,No,Yes,No,No,mediatek,8.0,48.0,4,8.0,1,6.5,lcd display
coolpad,4999,4.0,android,64.0,2500,No,Yes,No,No,tru-mediatek,8.0,8.0,1,5.0,1,5.5,lcd display
iqoo,25499,8.0,android,256.0,4400,Yes,Yes,Yes,Yes,snapdragon,8.0,48.0,3,16.0,1,6.62,amoled display
iqoo,26499,12.0,android,256.0,4400,Yes,Yes,Yes,Yes,snapdragon,8.0,48.0,3,16.0,1,6.62,amoled display
itel,5840,2.0,android,32.0,4000,No,Yes,No,No,tru-mediatek,8.0,13.0,2,8.0,1,6.6,lcd display
tecno,8499,4.0,android,64.0,5000,No,Yes,No,No,mediatek,8.0,48.0,2,8.0,1,6.6,lcd display
vivo,9449,3.0,android,32.0,5000,No,Yes,No,No,snapdragon,8.0,13.0,2,8.0,1,6.51,lcd display
vivo,19994,8.0,android,256.0,4000,Yes,Yes,No,Yes,mediatek,8.0,64.0,3,44.0,1,6.44,amoled display
infinix,10999,4.0,android,64.0,5000,Yes,Yes,No,No,mediatek,8.0,48.0,3,16.0,1,6.95,lcd display
xiaomi,14990,6.0,android,128.0,5000,Yes,Yes,No,No,mediatek,8.0,64.0,4,13.0,1,6.43,amoled display
infinix,9990,6.0,android,64.0,6000,No,Yes,No,No,mediatek,8.0,48.0,2,8.0,1,6.82,lcd display
vivo,30990,8.0,android,256.0,4000,Yes,Yes,No,No,snapdragon,8.0,64.0,3,44.0,1,6.44,amoled display
nokia,8890,3.0,android,32.0,6000,No,Yes,No,No,unisoc,8.0,13.0,2,5.0,1,6.82,lcd display
nokia,3359,2.0,android,32.0,4950,No,Yes,No,No,unisoc,8.0,8.0,2,5.0,1,6.5,lcd display
tecno,6899,4.0,android,64.0,6000,No,Yes,No,No,mediatek,8.0,48.0,1,8.0,1,6.52,lcd display
infinix,12499,6.0,android,128.0,5000,Yes,Yes,No,No,mediatek,8.0,48.0,3,16.0,1,6.95,lcd display
iqoo,22990,8.0,android,256.0,4400,Yes,Yes,No,Yes,snapdragon,8.0,64.0,3,16.0,1,6.58,lcd display
ikall,6499,4.0,android,64.0,4000,No,Yes,No,No,tru-mediatek,8.0,8.0,1,5.0,1,6.26,lcd display
micromax,5490,3.0,android,32.0,5000,No,Yes,No,No,unisoc,8.0,8.0,2,5.0,1,6.52,lcd display
realme,12990,6.0,android,128.0,5000,Yes,Yes,No,No,mediatek,8.0,48.0,3,16.0,1,6.5,lcd display
vivo,17990,6.0,android,128.0,5000,Yes,Yes,No,No,snapdragon,8.0,48.0,3,16.0,1,6.58,lcd display
Other,5599,2.0,android,16.0,3300,No,Yes,No,No,quad,4.0,5.0,1,5.0,1,5.34,lcd display
vivo,15490,8.0,android,128.0,5000,Yes,Yes,No,No,mediatek,8.0,64.0,3,16.0,1,6.58,lcd display
infinix,8299,3.0,android,32.0,6000,No,Yes,No,No,mediatek,8.0,13.0,2,8.0,1,6.82,lcd display
samsung,13999,6.0,android,128.0,6000,Yes,Yes,No,No,samsung,8.0,48.0,3,20.0,1,6.4,amoled display
lava,4909,2.0,android,32.0,5000,No,Yes,No,No,mediatek,8.0,8.0,1,5.0,1,6.51,lcd display
poco,24990,8.0,android,256.0,5065,Yes,Yes,No,Yes,mediatek,8.0,64.0,3,16.0,1,6.67,amoled display
poco,28999,8.0,android,128.0,5065,Yes,Yes,No,Yes,mediatek,8.0,64.0,3,16.0,1,6.67,amoled display
samsung,20999,8.0,android,128.0,5000,Yes,Yes,No,Yes,mediatek,8.0,48.0,3,8.0,1,6.6,tft display
tecno,8170,4.0,android,128.0,6000,No,Yes,No,No,mediatek,8.0,48.0,1,8.0,1,6.52,lcd display
lava,5999,3.0,android,32.0,5000,No,Yes,No,No,mediatek,8.0,13.0,2,8.0,1,6.51,lcd display
realme,9999,6.0,android,64.0,5000,Yes,Yes,No,No,mediatek,8.0,48.0,3,16.0,1,6.5,lcd display
nokia,5399,3.0,android,32.0,4950,No,Yes,No,No,unisoc,8.0,8.0,2,5.0,1,6.5,lcd display
ikall,4799,4.0,android,32.0,3000,No,Yes,No,No,quad,4.0,8.0,1,5.0,1,5.45,tft display
ikall,5299,4.0,android,32.0,4000,No,Yes,No,No,quad,4.0,8.0,1,5.0,1,6.26,tft display
ikall,4899,4.0,android,32.0,4000,No,Yes,No,No,quad,4.0,8.0,1,5.0,1,6.0,lcd display
samsung,12999,4.0,android,64.0,5000,Yes,Yes,No,No,samsung,8.0,48.0,4,8.0,1,6.5,lcd display
asus,85999,18.0,android,512.0,6000,Yes,Yes,Yes,Yes,snapdragon,8.0,64.0,3,24.0,1,6.78,amoled display
samsung,8999,4.0,android,64.0,5000,No,Yes,No,No,mediatek,8.0,13.0,3,5.0,1,6.5,lcd display
vivo,12499,4.0,android,128.0,5000,Yes,Yes,No,No,mediatek,8.0,13.0,2,8.0,1,6.51,lcd display
realme,15999,4.0,android,64.0,5000,Yes,Yes,No,Yes,mediatek,8.0,48.0,3,16.0,1,6.5,lcd display
tecno,8450,2.0,android,64.0,5000,No,Yes,No,No,mediatek,8.0,16.0,1,8.0,1,6.52,lcd display
tecno,8880,4.0,android,64.0,5000,Yes,Yes,No,No,mediatek,8.0,48.0,2,8.0,1,6.8,lcd display
xiaomi,11390,6.0,android,128.0,6000,Yes,Yes,No,No,mediatek,8.0,50.0,4,8.0,1,6.5,lcd display
tecno,8490,4.0,android,64.0,5000,No,Yes,No,No,mediatek,8.0,50.0,2,8.0,1,6.6,lcd display
samsung,10999,6.0,android,128.0,5000,Yes,Yes,No,No,mediatek,8.0,48.0,4,8.0,1,6.5,lcd display
realme,8298,4.0,android,64.0,5000,No,Yes,No,No,unisoc,8.0,8.0,1,5.0,1,6.5,lcd display
itel,5999,2.0,android,32.0,5000,No,Yes,No,No,unisoc,8.0,8.0,2,5.0,1,6.52,lcd display
realme,8299,4.0,android,128.0,5000,Yes,Yes,No,No,unisoc,8.0,50.0,3,8.0,1,6.5,lcd display
apple,89999,4.0,ios,512.0,2406,Yes,No,Yes,Yes,apple,6.0,12.0,2,12.0,1,5.4,oled display
apple,154990,6.0,ios,1024.0,3095,Yes,No,Yes,Yes,apple,6.0,12.0,3,12.0,1,6.1,oled display
apple,103990,6.0,ios,256.0,3095,Yes,No,Yes,Yes,apple,6.0,12.0,3,12.0,1,6.1,oled display
apple,111990,6.0,ios,256.0,4352,Yes,No,Yes,Yes,apple,6.0,12.0,3,12.0,1,6.7,oled display
itel,5190,2.0,android,32.0,3020,No,Yes,No,No,unisoc,4.0,5.0,1,2.0,1,5.7,lcd display
xiaomi,10999,6.0,android,128.0,5000,No,Yes,No,No,mediatek,8.0,13.0,2,5.0,1,6.53,lcd display
realme,9990,4.0,android,128.0,6000,Yes,Yes,No,No,mediatek,8.0,50.0,3,8.0,1,6.5,lcd display
vivo,10490,3.0,android,32.0,4030,No,Yes,No,No,mediatek,8.0,13.0,1,8.0,1,6.22,lcd display
realme,16990,8.0,android,128.0,4300,Yes,Yes,No,No,snapdragon,8.0,64.0,4,16.0,2,6.6,lcd display
realme,13990,6.0,android,128.0,4300,Yes,Yes,No,No,snapdragon,8.0,64.0,4,16.0,2,6.6,lcd display
realme,13990,8.0,android,128.0,4300,Yes,Yes,No,No,mediatek,8.0,64.0,4,16.0,1,6.5,lcd display
oppo,12520,6.0,android,128.0,4230,No,Yes,No,No,mediatek,8.0,12.0,3,8.0,1,6.5,lcd display
Other,4300,1.0,android,8.0,2600,No,Yes,No,No,unisoc,4.0,5.0,1,5.0,1,5.45,tft display
Other,5999,2.0,android,16.0,2500,No,Yes,No,No,mediatek,4.0,8.0,1,5.0,1,5.5,lcd display
Other,5699,2.0,android,16.0,2600,No,Yes,No,No,quad,4.0,5.0,1,5.0,1,5.5,lcd display
Other,5497,2.0,android,16.0,3000,No,Yes,No,No,quad,4.0,5.0,1,5.0,1,6.0,lcd display
itel,4997,1.0,android,16.0,3020,No,Yes,No,No,quad,4.0,5.0,1,2.0,1,5.0,lcd display
panasonic,8690,3.0,android,32.0,4000,No,Yes,No,No,tru-mediatek,8.0,13.0,1,8.0,1,6.2,lcd display
ikall,4899,4.0,android,64.0,3000,No,Yes,No,No,quad,4.0,8.0,1,5.0,1,5.99,tft display
ikall,5299,4.0,android,64.0,3000,No,Yes,No,No,quad,4.0,8.0,1,5.0,1,6.26,tft display
ikall,4999,4.0,android,32.0,3000,No,Yes,No,No,quad,4.0,8.0,1,5.0,1,6.26,tft display
Other,4299,2.0,android,16.0,2500,No,Yes,No,No,mediatek,4.0,8.0,1,5.0,1,5.45,tft display
vivo,13990,4.0,android,64.0,5000,Yes,Yes,No,No,snapdragon,8.0,13.0,3,8.0,1,6.35,lcd display
asus,62999,12.0,android,512.0,6000,No,Yes,Yes,No,snapdragon,8.0,48.0,2,24.0,1,6.59,amoled display
ikall,4999,2.0,android,16.0,3000,No,Yes,No,No,quad,4.0,8.0,1,5.0,1,6.26,tft display
ikall,4299,2.0,android,16.0,2800,No,Yes,No,No,quad,4.0,5.0,1,2.0,1,6.0,tft display
itel,4900,1.0,android,16.0,2400,No,Yes,No,No,tru-mediatek,8.0,8.0,2,5.0,1,5.45,lcd display
Other,6999,2.0,android,16.0,2800,No,Yes,No,No,quad,4.0,8.0,1,5.0,1,5.5,lcd display
Other,4390,3.0,android,32.0,2800,No,Yes,No,No,quad,4.0,8.0,1,5.0,1,5.5,lcd display
tecno,16999,6.0,android,128.0,3500,No,Yes,No,No,mediatek,8.0,16.0,3,32.0,1,6.4,amoled display
ikall,3299,1.0,android,8.0,2200,No,Yes,No,No,quad,4.0,5.0,1,2.0,1,5.5,tft display
ikall,5099,2.0,android,16.0,2500,No,Yes,No,No,quad,4.0,5.0,1,2.0,1,5.99,tft display
ikall,4199,2.0,android,16.0,2800,No,Yes,No,No,quad,4.0,5.0,2,2.0,1,5.99,tft display
tecno,10000,4.0,android,64.0,3500,No,Yes,No,No,mediatek,8.0,13.0,3,16.0,1,6.2,lcd display
Other,6499,3.0,android,32.0,3500,No,Yes,No,No,tru-mediatek,8.0,13.0,2,5.0,1,5.99,lcd display
tecno,8999,3.0,android,32.0,3050,No,Yes,No,No,mediatek,4.0,13.0,2,8.0,1,5.5,tft display
itel,3899,1.0,android,8.0,2050,No,Yes,No,No,quad,4.0,2.0,1,0.3,1,5.0,lcd display
Other,4099,1.0,android,8.0,2100,No,Yes,No,No,spreadtrum,4.0,8.0,1,5.0,1,5.0,lcd display
Other,4299,1.0,android,8.0,2500,No,Yes,No,No,spreadtrum,4.0,8.0,1,5.0,1,5.5,lcd display
itel,3799,1.0,android,8.0,4000,No,Yes,No,No,quad,4.0,5.0,2,2.0,1,5.5,tft display
Other,5390,2.0,android,16.0,3500,No,Yes,No,No,tru-mediatek,8.0,13.0,2,5.0,1,5.99,lcd display
Other,3499,2.0,android,16.0,3000,No,Yes,No,No,spreadtrum,4.0,13.0,2,13.0,1,5.2,lcd display
Other,4444,2.0,android,16.0,3000,No,Yes,No,No,spreadtrum,4.0,13.0,1,8.0,1,5.0,lcd display
Other,4099,2.0,android,16.0,3000,No,Yes,No,No,spreadtrum,4.0,13.0,1,5.0,1,5.0,lcd display
tecno,9999,4.0,android,64.0,3750,No,Yes,No,No,mediatek,8.0,13.0,2,24.0,1,6.2,lcd display
Other,4999,2.0,android,16.0,2000,No,Yes,No,No,quad,4.0,5.0,1,2.0,1,5.0,tft display
Other,3690,2.0,android,16.0,2800,No,Yes,No,No,quad,4.0,13.0,2,8.0,1,5.7,tft display
Other,6999,2.0,android,16.0,2650,No,Yes,No,No,quad,4.0,13.0,2,13.0,1,5.34,lcd display
Other,5549,3.0,android,32.0,3300,No,Yes,No,No,mediatek,4.0,16.0,2,5.0,1,5.7,lcd display
Other,4299,2.0,android,16.0,3000,No,Yes,No,No,mediatek,4.0,13.0,2,8.0,1,5.5,lcd display
itel,4690,2.0,android,16.0,2400,No,Yes,No,No,snapdragon,4.0,5.0,1,2.0,1,5.0,lcd display
Other,3889,1.0,android,8.0,2450,No,Yes,No,No,quad,4.0,5.0,1,2.0,1,5.0,lcd display
Other,6499,2.0,android,16.0,3150,No,Yes,No,No,mediatek,4.0,13.0,2,13.0,1,5.5,lcd display
tecno,7399,2.0,android,16.0,3050,No,Yes,No,No,mediatek,4.0,13.0,2,13.0,1,5.5,lcd display
tecno,8950,3.0,android,32.0,4000,No,Yes,No,No,snapdragon,4.0,13.0,2,13.0,1,6.0,lcd display
Other,5496,2.0,android,16.0,2000,No,Yes,No,No,spreadtrum,4.0,8.0,1,5.0,1,5.0,tft display
Other,4999,2.0,android,16.0,2150,No,Yes,No,No,mediatek,8.0,8.0,1,5.0,1,5.2,lcd display
Other,5499,2.0,android,16.0,2750,No,Yes,No,No,mediatek,4.0,8.0,2,8.0,1,5.5,lcd display
Other,6200,3.0,android,32.0,3000,No,Yes,No,No,mediatek,4.0,13.0,2,5.0,1,5.7,lcd display
intex,5199,1.0,android,8.0,2200,No,Yes,No,No,spreadtrum,4.0,5.0,1,2.0,1,5.0,tft display
tecno,9199,4.0,android,64.0,3750,No,Yes,No,No,mediatek,8.0,16.0,1,20.0,1,6.0,lcd display
Other,4995,3.0,android,32.0,4000,No,Yes,No,No,mediatek,4.0,13.0,1,13.0,1,5.99,lcd display
itel,3999,2.0,android,16.0,2400,No,Yes,No,No,mediatek,4.0,8.0,1,5.0,1,5.45,lcd display
Other,4050,1.0,android,8.0,2500,No,Yes,No,No,quad,4.0,5.0,1,2.0,1,5.5,lcd display
itel,5799,3.0,android,16.0,3000,No,Yes,No,No,snapdragon,4.0,13.0,1,13.0,1,5.65,lcd display
ikall,3782,1.0,android,8.0,2200,No,Yes,No,No,quad,4.0,5.0,1,2.0,1,5.0,lcd display
Other,8000,3.0,android,32.0,5000,No,Yes,No,No,snapdragon,8.0,13.0,1,5.0,1,5.2,lcd display
itel,5999,2.0,android,16.0,2700,No,Yes,No,No,quad,4.0,8.0,1,5.0,1,5.0,tft display
Other,3999,1.0,android,8.0,2300,No,Yes,No,No,quad,4.0,2.0,1,0.3,1,4.0,tft display
Other,4099,1.0,android,8.0,2300,No,Yes,No,No,quad,4.0,5.0,1,2.0,1,5.0,tft display
Other,5999,1.0,android,8.0,2400,No,Yes,No,No,spreadtrum,4.0,8.0,1,5.0,1,5.0,tft display
Other,4199,1.0,android,16.0,4000,No,Yes,No,No,spreadtrum,4.0,5.0,1,2.0,1,5.0,tft display
Other,4999,3.0,android,32.0,2490,No,Yes,No,No,mediatek,8.0,13.0,2,8.0,2,5.7,lcd display
moto,23999,4.0,android,64.0,3000,No,Yes,Yes,No,snapdragon,8.0,12.0,2,16.0,1,5.2,lcd display
Other,5599,1.0,android,16.0,2400,No,Yes,No,No,quad,4.0,8.0,1,5.0,1,5.0,lcd display
Other,4199,2.0,android,16.0,2500,No,Yes,No,No,spreadtrum,8.0,8.0,1,8.0,2,5.0,lcd display
Other,3450,2.0,android,32.0,3000,No,Yes,No,No,spreadtrum,4.0,13.0,1,8.0,1,5.0,lcd display
Other,4444,2.0,android,16.0,3000,No,Yes,No,No,spreadtrum,4.0,13.0,1,8.0,1,5.0,lcd display
Other,4299,2.0,android,16.0,3000,No,Yes,No,No,spreadtrum,4.0,8.0,1,5.0,1,5.0,lcd display
Other,3999,3.0,android,32.0,3000,No,Yes,No,No,mediatek,4.0,13.0,1,13.0,1,5.2,lcd display
Other,3299,1.0,android,8.0,2000,No,Yes,No,No,quad,4.0,5.0,1,2.0,1,5.0,tft display
micromax,6930,2.0,android,16.0,2500,No,Yes,No,No,mediatek,4.0,8.0,1,5.0,1,5.0,lcd display
Other,3333,1.0,android,8.0,1300,No,Yes,No,No,quad,4.0,2.0,1,0.3,1,4.5,tft display
Other,6999,2.0,android,16.0,2800,No,Yes,No,No,mediatek,4.0,8.0,1,5.0,1,5.0,lcd display
Other,3299,0.75,android,8.0,2000,No,Yes,No,No,spreadtrum,4.0,5.0,1,2.0,1,5.0,tft display
Other,3599,1.0,android,8.0,1750,No,Yes,No,No,quad,4.0,5.0,1,2.0,1,4.5,tft display
Other,3599,1.0,android,8.0,2300,No,Yes,No,No,quad,4.0,5.0,1,5.0,1,5.0,tft display
itel,4290,2.0,android,16.0,2400,No,Yes,No,No,quad,4.0,5.0,1,5.0,1,5.0,tft display
Other,4299,1.0,android,8.0,2000,No,Yes,No,No,quad,4.0,5.0,1,2.0,1,5.0,tft display
Other,8099,4.0,android,64.0,3000,No,Yes,Yes,No,snapdragon,8.0,13.0,1,5.0,1,5.5,lcd display
Other,4299,1.0,android,16.0,2500,No,Yes,No,No,quad,4.0,5.0,1,5.0,1,5.0,lcd display
Other,9499,1.5,android,16.0,2580,No,Yes,No,No,snapdragon,4.0,8.0,1,5.0,1,6.0,lcd display
tecno,4499,3.0,android,32.0,4000,No,Yes,No,No,mediatek,4.0,13.0,1,8.0,1,5.5,lcd display
Other,3899,1.0,android,8.0,2000,No,Yes,No,No,quad,4.0,5.0,1,2.0,1,5.0,lcd display
Other,5470,1.0,android,8.0,2500,No,Yes,No,No,quad,4.0,8.0,1,2.0,1,5.0,tft display
itel,2999,0.5,android,8.0,1500,No,Yes,No,No,quad,4.0,2.0,1,0.3,1,4.0,tft display
Other,4249,3.0,android,32.0,3100,No,Yes,No,No,mediatek,8.0,13.0,1,8.0,1,5.5,lcd display
honor,29999,6.0,android,128.0,4000,No,Yes,Yes,No,hisilicon,8.0,12.0,2,8.0,1,5.7,lcd display
Other,4849,1.0,android,8.0,2500,No,Yes,No,No,quad,4.0,5.0,1,3.2,1,5.0,lcd display
xolo,7499,2.0,android,16.0,2500,No,Yes,No,No,mediatek,4.0,8.0,1,5.0,1,5.0,lcd display
Other,3299,1.0,android,8.0,1750,No,Yes,No,No,quad,4.0,5.0,1,2.0,1,4.5,lcd display
Other,3899,1.0,android,8.0,2500,No,Yes,No,No,quad,4.0,5.0,1,5.0,1,5.0,lcd display
Other,3999,1.0,android,8.0,2000,No,Yes,No,No,quad,4.0,5.0,1,1.3,1,4.0,tft display
Other,41000,3.0,android,32.0,3800,No,No,Yes,No,snapdragon,8.0,13.0,1,5.0,1,4.7,lcd display
Other,2799,1.0,android,8.0,2100,No,Yes,No,No,mediatek,4.0,5.0,1,2.0,1,5.0,lcd display
Other,5499,2.0,android,16.0,2100,No,Yes,No,No,mediatek,4.0,8.0,1,5.0,1,5.0,lcd display
Other,3999,1.0,android,8.0,2900,No,Yes,No,No,quad,4.0,5.0,1,3.2,1,5.5,lcd display
Other,3999,1.0,android,8.0,2900,No,Yes,No,No,quad,4.0,5.0,1,2.0,1,5.5,tft display
itel,2699,1.0,android,8.0,2500,No,Yes,No,No,quad,4.0,5.0,1,2.0,1,5.0,tft display
lenovo,9999,3.0,android,32.0,4000,No,Yes,No,No,snapdragon,8.0,13.0,1,8.0,1,5.0,lcd display
Other,15999,2.0,android,16.0,4000,No,Yes,No,No,mediatek,8.0,8.0,1,5.0,1,6.0,lcd display
intex,6499,2.0,android,16.0,2200,No,Yes,No,No,spreadtrum,4.0,8.0,1,5.0,1,5.0,lcd display
intex,4999,1.0,android,8.0,2450,No,Yes,No,No,mediatek,4.0,5.0,1,5.0,1,5.0,lcd display
Other,3299,2.0,android,16.0,2900,No,Yes,No,No,quad,4.0,5.0,1,3.2,1,5.5,lcd display
intex,4190,0.5,android,8.0,2000,No,Yes,No,No,spreadtrum,4.0,5.0,1,0.3,1,4.5,lcd display
karbonn,2999,1.0,android,8.0,4000,No,Yes,No,No,mediatek,4.0,5.0,1,2.0,1,5.0,lcd display
honor,29999,4.0,android,32.0,3000,No,Yes,Yes,No,hisilicon,8.0,12.0,2,8.0,1,5.2,lcd display
intex,3560,0.5,android,8.0,2500,No,Yes,No,No,spreadtrum,4.0,2.0,1,0.3,1,5.0,tft display
panasonic,2500,0.5,android,4.0,1400,No,Yes,No,No,quad,4.0,5.0,1,2.0,1,4.0,tft display
Other,6999,2.0,android,16.0,3050,No,Yes,No,No,snapdragon,8.0,13.0,1,8.0,1,5.0,lcd display
Other,3699,1.0,android,8.0,2500,No,Yes,No,No,quad,4.0,5.0,1,2.0,1,5.5,lcd display
lava,4899,1.0,android,8.0,2000,No,Yes,No,No,spreadtrum,4.0,5.0,1,2.0,1,5.0,lcd display
Other,7500,3.0,android,16.0,3000,No,Yes,No,No,mediatek,4.0,13.0,1,5.0,1,5.5,lcd display
motorola,16999,2.0,android,16.0,2470,No,Yes,No,No,snapdragon,8.0,13.0,1,5.0,1,5.0,lcd display
asus,5299,1.0,android,8.0,2070,No,Yes,No,No,snapdragon,4.0,5.0,1,0.3,1,4.5,tft display
oppo,6299,1.0,android,16.0,2000,No,Yes,No,No,mediatek,4.0,8.0,1,2.0,1,4.5,lcd display
intex,3236,0.5,android,4.0,1400,No,Yes,No,No,mediatek,8.0,2.0,1,2.0,1,4.0,tft display
Other,2800,1.0,android,8.0,3000,No,Yes,No,No,mediatek,8.0,8.0,1,2.0,1,5.5,lcd display
Other,2900,1.0,android,8.0,2100,No,Yes,No,No,mediatek,4.0,8.0,1,2.0,1,5.0,lcd display
asus,37999,4.0,android,128.0,3000,No,No,Yes,No,intel,8.0,13.0,1,5.0,1,5.5,lcd display
Other,2600,1.0,android,8.0,2100,No,Yes,No,No,mediatek,4.0,8.0,1,2.0,1,5.0,lcd display
Other,6999,3.0,android,32.0,3000,No,Yes,No,No,snapdragon,8.0,13.0,1,5.0,1,5.0,lcd display
Other,4999,4.0,android,32.0,3000,No,Yes,No,No,mediatek,8.0,13.0,1,8.0,1,5.5,lcd display
panasonic,4199,1.0,android,8.0,2150,No,Yes,No,No,spreadtrum,4.0,8.0,1,2.0,1,5.0,lcd display
Other,6000,3.0,android,16.0,2500,No,Yes,No,No,mediatek,8.0,13.2,1,5.0,1,5.0,lcd display
panasonic,9200,1.0,android,8.0,2500,No,Yes,No,No,mediatek,8.0,13.0,1,5.0,1,5.3,lcd display
oppo,4999,1.0,android,8.0,2000,No,Yes,No,No,mediatek,4.0,8.0,1,2.0,1,4.5,lcd display
honor,22999,3.0,android,16.0,3100,No,Yes,No,No,hisilicon,8.0,20.0,1,8.0,1,5.2,lcd display
asus,18999,4.0,android,32.0,3000,No,No,Yes,No,intel,4.0,13.0,1,5.0,1,5.5,lcd display
honor,4999,1.0,android,8.0,1730,No,Yes,No,No,spreadtrum,8.0,8.0,1,2.0,1,4.5,tft display
htc,6999,1.0,android,16.0,2000,No,Yes,No,No,mediatek,8.0,8.0,1,2.0,1,4.7,tft display
Other,2690,0.5,android,4.0,1700,No,Yes,No,No,mediatek,8.0,5.0,1,2.0,1,4.5,lcd display
lava,7800,1.0,android,16.0,1800,No,Yes,No,No,broadcom,8.0,8.0,1,2.0,1,4.5,lcd display
honor,5999,1.0,android,16.0,2000,No,Yes,No,No,mediatek,8.0,8.0,1,2.0,1,5.0,lcd display
xolo,15999,2.0,android,16.0,2100,No,Yes,No,No,mediatek,8.0,13.0,1,5.0,1,5.0,lcd display
xolo,14499,2.0,android,8.0,2100,No,Yes,No,No,mediatek,6.0,8.0,1,2.0,1,5.0,lcd display
xolo,10999,1.0,android,8.0,2500,No,Yes,No,No,broadcom,8.0,8.0,1,2.0,1,5.5,lcd display
lava,6199,0.5,android,4.0,1500,No,Yes,No,No,mediatek,8.0,5.0,1,0.3,1,4.0,lcd display
xolo,11999,1.0,android,4.0,1800,No,Yes,No,No,mediatek,8.0,8.0,1,2.0,1,4.7,lcd display
lava,12000,1.0,android,8.0,2000,No,Yes,No,No,mediatek,8.0,10.0,1,2.0,1,5.0,lcd display
Other,14990,1.0,android,4.0,2300,No,Yes,No,No,mediatek,8.0,5.0,1,0.3,1,5.5,lcd display
lava,7999,0.5,android,4.0,1800,No,Yes,No,No,mediatek,8.0,5.0,1,0.3,1,4.5,lcd display
asus,17999,2.0,android,16.0,3300,No,Yes,No,No,intel,8.0,13.0,1,2.0,1,6.0,lcd display
google,29990,2.0,android,16.0,2300,No,No,Yes,No,snapdragon,4.0,8.0,1,1.3,1,4.95,lcd display
Other,6899,0.25,android,0.5,1500,No,Yes,No,No,snapdragon,8.0,3.0,1,1.3,1,3.5,lcd display
xolo,9556,1.0,android,4.0,2100,No,Yes,No,No,mediatek,8.0,8.0,1,1.0,1,4.5,lcd display
lg,13999,0.75,android,4.0,2460,No,Yes,No,No,snapdragon,8.0,8.0,1,0.3,1,4.3,lcd display
lg,31971,2.0,android,32.0,3000,No,No,Yes,No,snapdragon,8.0,13.0,1,2.1,1,5.2,lcd display
tecno,8999,4.0,android,128.0,5000,Yes,Yes,No,No,mediatek,8.0,48.0,2,48.0,1,6.8,lcd display
Other,4489,2.0,android,16.0,3000,No,Yes,No,No,quad,4.0,5.0,1,8.0,1,5.5,lcd display
Other,23966,8.0,android,128.0,8300,Yes,Yes,Yes,No,mediatek,8.0,64.0,3,16.0,1,6.78,lcd display
infinix,5990,2.0,android,64.0,5000,No,Yes,No,No,mediatek,4.0,8.0,2,5.0,1,6.6,lcd display
lava,15990,8.0,android,128.0,5000,Yes,Yes,No,Yes,mediatek,8.0,64.0,4,16.0,1,6.78,lcd display
tecno,8209,3.0,android,32.0,5000,No,Yes,No,No,mediatek,8.0,16.0,1,8.0,1,6.52,lcd display
tecno,10949,6.0,android,128.0,6000,Yes,Yes,No,No,mediatek,8.0,13.0,1,8.0,1,6.8,lcd display
ikall,4999,4.0,android,32.0,3000,No,Yes,No,No,quad,4.0,8.0,1,5.0,1,5.5,lcd display
Other,5699,3.0,android,32.0,5000,No,Yes,No,No,quad,4.0,8.0,1,5.0,1,6.3,lcd display
lava,5299,2.0,android,16.0,3100,No,Yes,No,No,mediatek,8.0,5.0,1,2.0,1,5.0,lcd display
infinix,14999,4.0,android,128.0,5000,Yes,Yes,No,No,mediatek,8.0,50.0,2,8.0,1,6.78,lcd display
tecno,4949,3.0,android,32.0,6000,No,Yes,No,No,mediatek,4.0,8.0,2,5.0,1,6.52,lcd display
vivo,18990,8.0,android,128.0,5000,Yes,Yes,No,Yes,snapdragon,8.0,50.0,3,16.0,1,6.58,lcd display
xiaomi,14180,6.0,android,128.0,5000,Yes,Yes,No,No,snapdragon,8.0,50.0,4,13.0,1,6.43,amoled display
xiaomi,11249,6.0,android,64.0,5000,Yes,Yes,No,No,snapdragon,8.0,50.0,4,13.0,1,6.43,amoled display
poco,14999,8.0,android,128.0,5000,Yes,Yes,No,Yes,mediatek,8.0,50.0,2,16.0,1,6.6,lcd display
ikall,5290,4.0,android,32.0,4000,No,Yes,No,No,quad,4.0,13.0,1,8.0,1,6.26,lcd display
iqoo,46990,12.0,android,256.0,4350,Yes,Yes,Yes,Yes,snapdragon,8.0,48.0,3,16.0,1,6.56,amoled display
realme,12990,6.0,android,128.0,5000,Yes,Yes,No,No,mediatek,8.0,50.0,3,16.0,1,6.6,lcd display
nokia,8999,3.0,android,32.0,5050,No,Yes,No,No,unisoc,8.0,13.0,2,5.0,1,6.5,lcd display
lava,5199,2.0,android,32.0,3100,No,Yes,No,No,tru-mediatek,8.0,5.0,1,2.0,1,5.0,lcd display
poco,10999,8.0,android,128.0,5000,Yes,Yes,No,No,mediatek,8.0,64.0,3,16.0,1,6.43,amoled display
realme,12999,4.0,android,128.0,5000,Yes,Yes,No,No,snapdragon,8.0,50.0,3,16.0,1,6.6,lcd display
realme,9049,4.0,android,128.0,5000,Yes,Yes,No,No,unisoc,8.0,50.0,3,8.0,1,6.6,lcd display
lava,5799,2.0,android,32.0,5000,No,Yes,No,No,mediatek,8.0,8.0,2,5.0,1,6.5,lcd display
apple,41230,4.0,ios,256.0,2018,Yes,Yes,Yes,Yes,apple,6.0,12.0,1,7.0,1,4.7,lcd display
realme,16490,6.0,android,128.0,5000,Yes,Yes,No,Yes,mediatek,8.0,48.0,3,16.0,1,6.5,lcd display
lava,7999,6.0,android,128.0,5000,No,Yes,No,No,mediatek,8.0,13.0,3,16.0,1,6.51,lcd display
itel,4799,2.0,android,32.0,4000,No,Yes,No,No,unisoc,4.0,5.0,2,5.0,1,6.6,lcd display
iqoo,17999,8.0,android,128.0,5000,Yes,Yes,No,Yes,snapdragon,8.0,50.0,3,16.0,1,6.58,lcd display
oppo,8490,4.0,android,64.0,4230,No,Yes,No,No,mediatek,8.0,13.0,1,5.0,1,6.52,lcd display
itel,6789,3.0,android,64.0,5000,Yes,Yes,No,No,unisoc,8.0,8.0,2,5.0,1,6.6,lcd display
samsung,11499,4.0,android,128.0,5000,Yes,Yes,No,No,samsung,8.0,50.0,4,8.0,1,6.6,lcd display
realme,7999,4.0,android,64.0,5000,No,Yes,No,No,unisoc,8.0,13.0,3,5.0,1,6.5,lcd display
vivo,10999,4.0,android,64.0,5000,Yes,Yes,No,No,mediatek,8.0,13.0,2,8.0,1,6.51,lcd display
vivo,13900,3.0,android,64.0,5000,No,Yes,No,No,mediatek,8.0,13.0,2,8.0,1,6.51,lcd display
Other,4488,2.0,android,16.0,2800,No,Yes,No,No,quad,4.0,5.0,1,5.0,1,5.72,lcd display
xiaomi,8490,4.0,android,64.0,5000,No,Yes,No,No,mediatek,8.0,13.0,1,5.0,1,6.53,lcd display
nokia,11249,6.0,android,128.0,5050,Yes,Yes,Yes,No,unisoc,8.0,50.0,3,8.0,1,6.5,lcd display
poco,10999,6.0,android,128.0,5000,Yes,Yes,No,Yes,mediatek,8.0,50.0,2,8.0,1,6.58,lcd display
tecno,8290,8.0,android,128.0,5000,Yes,Yes,Yes,No,mediatek,8.0,50.0,2,8.0,1,6.6,lcd display
realme,15990,4.0,android,128.0,5000,Yes,Yes,No,Yes,mediatek,8.0,48.0,2,8.0,1,6.6,lcd display
realme,18990,6.0,android,128.0,5000,Yes,Yes,No,Yes,mediatek,8.0,48.0,2,8.0,1,6.6,lcd display
infinix,12999,6.0,android,128.0,5000,Yes,Yes,No,No,mediatek,8.0,50.0,2,16.0,1,6.7,amoled display
moto,8880,3.0,android,32.0,5000,Yes,Yes,No,No,mediatek,8.0,16.0,3,8.0,1,6.5,lcd display
ikall,6499,4.0,android,64.0,4000,No,Yes,No,No,quad,4.0,16.0,1,13.0,1,6.26,lcd display
ikall,5037,4.0,android,64.0,4000,No,Yes,No,No,tru-mediatek,8.0,16.0,1,13.0,1,6.26,lcd display
moto,8999,4.0,android,64.0,5000,Yes,Yes,No,No,mediatek,8.0,16.0,3,8.0,1,6.5,lcd display
tecno,11849,6.0,android,128.0,5000,Yes,Yes,Yes,No,mediatek,8.0,48.0,2,32.0,1,6.8,lcd display
tecno,15999,8.0,android,128.0,5000,Yes,Yes,Yes,Yes,mediatek,8.0,64.0,3,16.0,1,6.8,lcd display
lava,5999,3.0,android,64.0,5000,No,Yes,No,No,mediatek,4.0,13.0,2,8.0,1,6.51,lcd display
nokia,13999,4.0,android,64.0,5000,No,Yes,No,No,unisoc,8.0,50.0,2,8.0,1,6.51,lcd display
ikall,4967,3.0,android,32.0,4000,No,Yes,No,No,quad,4.0,8.0,1,5.0,1,5.99,lcd display
ikall,4199,4.0,android,64.0,4000,No,Yes,No,No,mediatek,8.0,16.0,1,13.0,1,6.26,lcd display
ikall,6823,4.0,android,64.0,5000,No,Yes,No,No,quad,4.0,20.0,1,13.0,1,6.53,lcd display
ikall,6799,4.0,android,64.0,5000,No,Yes,No,No,quad,4.0,20.0,1,13.0,1,6.82,lcd display
ikall,4999,4.0,android,32.0,3000,No,Yes,No,No,quad,4.0,8.0,1,5.0,1,5.45,tft display
realme,12490,6.0,android,128.0,5000,Yes,Yes,No,No,unisoc,8.0,50.0,3,8.0,1,6.6,lcd display
samsung,13999,6.0,android,128.0,6000,Yes,Yes,No,No,samsung,8.0,50.0,3,8.0,1,6.6,lcd display
vivo,11999,6.0,android,128.0,5000,Yes,Yes,No,No,snapdragon,8.0,50.0,2,8.0,1,6.58,lcd display
tecno,9499,6.0,android,128.0,5000,No,Yes,No,No,mediatek,8.0,13.0,2,8.0,1,6.6,lcd display
itel,4639,2.0,android,32.0,3020,No,Yes,No,No,unisoc,4.0,2.0,1,0.3,1,5.0,tft display
infinix,6990,2.0,android,32.0,5000,No,Yes,No,No,mediatek,4.0,8.0,1,5.0,1,6.6,tft display
ikall,6789,4.0,android,64.0,5000,No,Yes,No,No,quad,4.0,20.0,1,13.0,1,6.82,lcd display
ikall,6299,4.0,android,64.0,5000,No,Yes,No,No,quad,4.0,20.0,1,13.0,1,6.53,lcd display
ikall,5999,4.0,android,32.0,4000,No,Yes,No,No,tru-mediatek,8.0,16.0,1,13.0,1,6.26,lcd display
ikall,5999,4.0,android,32.0,4000,No,Yes,No,No,quad,4.0,16.0,1,13.0,1,6.53,lcd display
realme,16999,6.0,android,128.0,5000,Yes,Yes,No,Yes,mediatek,8.0,50.0,3,8.0,1,6.6,lcd display
ikall,6499,4.0,android,64.0,5000,No,Yes,No,No,quad,4.0,20.0,1,13.0,1,6.82,lcd display
oppo,16499,6.0,android,128.0,5000,Yes,Yes,No,Yes,mediatek,8.0,48.0,2,8.0,1,6.56,lcd display
realme,6670,2.0,android,32.0,5000,No,Yes,No,No,unisoc,8.0,8.0,1,5.0,1,6.5,lcd display
realme,7990,4.0,android,64.0,5000,No,Yes,No,No,unisoc,8.0,50.0,2,5.0,1,6.5,lcd display
xiaomi,12999,6.0,android,128.0,5000,Yes,Yes,Yes,Yes,mediatek,8.0,50.0,2,8.0,1,6.58,lcd display
apple,172990,6.0,ios,1024.0,4323,Yes,No,Yes,Yes,apple,6.0,48.0,3,12.0,1,6.7,oled display
apple,147990,6.0,ios,512.0,4323,Yes,No,Yes,Yes,apple,6.0,48.0,3,12.0,1,6.7,oled display
apple,137990,6.0,ios,512.0,3200,Yes,No,Yes,Yes,apple,6.0,48.0,3,12.0,1,6.1,oled display
lava,8999,4.0,android,64.0,5000,No,Yes,No,No,mediatek,8.0,50.0,3,8.0,1,6.5,lcd display
vivo,19990,6.0,android,128.0,5000,Yes,Yes,No,No,mediatek,8.0,50.0,2,8.0,1,6.55,lcd display
vivo,23994,12.0,android,256.0,4500,Yes,Yes,No,Yes,mediatek,8.0,64.0,3,50.0,1,6.44,amoled display
tecno,6340,2.0,android,32.0,5000,No,Yes,No,No,mediatek,4.0,8.0,2,5.0,1,6.56,lcd display
ikall,6799,4.0,android,64.0,5000,No,Yes,No,No,quad,4.0,20.0,1,13.0,1,6.53,lcd display
itel,6999,3.0,android,64.0,5000,Yes,Yes,No,No,unisoc,8.0,8.0,2,5.0,1,6.6,lcd display
lava,6996,3.0,android,32.0,5000,No,Yes,No,No,mediatek,8.0,13.0,3,8.0,1,6.51,lcd display
tecno,8999,3.0,android,64.0,5000,No,Yes,No,No,mediatek,8.0,13.0,2,8.0,1,6.6,lcd display
ikall,7399,4.0,android,32.0,5000,No,Yes,No,No,tru-mediatek,8.0,13.0,1,8.0,1,6.82,lcd display
ikall,5747,4.0,android,64.0,5000,No,Yes,No,No,mediatek,8.0,20.0,1,13.0,1,6.53,lcd display
lava,8499,4.0,android,64.0,5000,No,Yes,No,No,mediatek,8.0,13.0,2,8.0,1,6.5,lcd display
ikall,6899,4.0,android,64.0,5000,No,Yes,No,No,quad,4.0,20.0,1,13.0,1,6.82,lcd display
ikall,6652,4.0,android,64.0,5000,No,Yes,No,No,mediatek,8.0,20.0,1,13.0,1,6.82,lcd display
realme,23999,8.0,android,128.0,5000,Yes,Yes,No,Yes,mediatek,8.0,108.0,3,16.0,1,6.7,amoled display
realme,19999,8.0,android,256.0,5000,Yes,Yes,No,Yes,mediatek,8.0,108.0,3,16.0,1,6.7,amoled display
samsung,13999,6.0,android,128.0,6000,Yes,Yes,No,No,mediatek,8.0,64.0,4,20.0,1,6.4,amoled display
samsung,11370,4.0,android,64.0,6000,Yes,Yes,No,No,mediatek,8.0,64.0,4,20.0,1,6.4,amoled display
samsung,8499,4.0,android,128.0,5000,No,Yes,No,No,mediatek,8.0,13.0,2,5.0,1,6.5,lcd display
samsung,8999,4.0,android,128.0,5000,No,Yes,No,No,mediatek,8.0,13.0,2,5.0,1,6.5,lcd display
samsung,8499,4.0,android,128.0,5000,No,Yes,No,No,mediatek,8.0,50.0,2,5.0,1,6.5,lcd display
poco,5999,3.0,android,32.0,5000,No,Yes,No,No,mediatek,4.0,8.0,2,5.0,1,6.52,lcd display
xiaomi,18999,8.0,android,128.0,5000,Yes,Yes,No,Yes,mediatek,8.0,50.0,3,16.0,1,6.67,amoled display
ikall,6899,4.0,android,64.0,5000,No,Yes,No,No,quad,4.0,13.0,1,8.0,1,6.5,lcd display
infinix,10990,6.0,android,128.0,5000,Yes,Yes,No,Yes,mediatek,8.0,50.0,2,8.0,1,6.6,lcd display
infinix,9999,4.0,android,64.0,5000,Yes,Yes,No,No,mediatek,8.0,50.0,2,8.0,1,6.7,amoled display
samsung,8999,4.0,android,128.0,5000,Yes,Yes,No,No,samsung,8.0,50.0,3,5.0,1,6.5,lcd display
xiaomi,7490,4.0,android,64.0,5000,No,Yes,No,No,mediatek,8.0,8.0,2,5.0,1,6.52,lcd display
tecno,5599,2.0,android,64.0,5000,No,Yes,No,No,mediatek,4.0,12.0,2,5.0,1,6.56,lcd display
realme,20990,8.0,android,128.0,5000,Yes,Yes,No,Yes,snapdragon,8.0,108.0,2,16.0,1,6.72,lcd display
ikall,6199,4.0,android,32.0,4000,No,Yes,No,No,quad,4.0,13.0,1,8.0,1,6.26,lcd display
vivo,27749,12.0,android,256.0,4600,Yes,Yes,No,Yes,mediatek,8.0,50.0,3,50.0,1,6.78,amoled display
realme,8999,4.0,android,128.0,5000,No,Yes,No,No,unisoc,8.0,50.0,2,5.0,1,6.5,lcd display
lava,8999,6.0,android,128.0,5000,Yes,Yes,No,No,unisoc,8.0,13.0,2,8.0,1,6.5,lcd display
nokia,6317,2.0,android,64.0,4000,No,Yes,No,No,unisoc,8.0,8.0,1,5.0,1,6.3,lcd display
nokia,7490,3.0,android,64.0,4000,No,Yes,No,No,unisoc,8.0,8.0,1,5.0,1,6.3,lcd display
xiaomi,9999,6.0,android,128.0,5000,No,Yes,No,No,mediatek,8.0,50.0,2,5.0,1,6.71,lcd display
realme,12999,6.0,android,128.0,5000,Yes,Yes,No,No,mediatek,8.0,64.0,2,8.0,1,6.72,lcd display
Other,37999,6.0,android,128.0,13000,No,Yes,Yes,No,mediatek,8.0,12.0,3,8.0,1,6.58,lcd display
ikall,5999,4.0,android,64.0,5000,No,Yes,No,No,quad,4.0,13.0,1,8.0,1,6.53,lcd display
tecno,13999,8.0,android,128.0,5000,Yes,Yes,No,Yes,mediatek,8.0,50.0,2,8.0,1,6.6,lcd display
tecno,14999,8.0,android,256.0,5000,Yes,Yes,No,Yes,mediatek,8.0,50.0,2,8.0,1,6.6,lcd display
itel,7499,3.0,android,32.0,6000,Yes,Yes,No,No,unisoc,8.0,13.0,2,5.0,1,6.6,lcd display
oppo,10999,4.0,android,128.0,5000,Yes,Yes,No,No,mediatek,8.0,50.0,3,16.0,1,6.51,lcd display
ikall,7297,6.0,android,128.0,5000,No,Yes,No,No,tru-mediatek,8.0,13.0,2,8.0,1,6.5,lcd display
realme,9689,6.0,android,128.0,5000,Yes,Yes,No,No,unisoc,8.0,50.0,1,8.0,1,6.74,lcd display
xiaomi,7990,2.0,android,64.0,5000,No,Yes,No,No,mediatek,8.0,8.0,2,5.0,1,6.52,lcd display
xiaomi,7999,4.0,android,64.0,5000,No,Yes,No,No,mediatek,8.0,8.0,2,5.0,1,6.52,lcd display
ikall,7499,6.0,android,128.0,5000,No,Yes,No,No,mediatek,8.0,13.0,1,8.0,1,6.5,lcd display
ikall,9499,6.0,android,128.0,6000,No,Yes,No,No,unisoc,8.0,13.0,3,8.0,1,6.8,lcd display
vivo,13990,4.0,android,128.0,5000,Yes,Yes,No,Yes,mediatek,8.0,50.0,2,16.0,1,6.58,lcd display
ikall,5999,4.0,android,32.0,4000,No,Yes,No,No,tru-mediatek,8.0,13.0,1,8.0,1,6.26,lcd display
lava,7999,2.0,android,32.0,4000,No,Yes,No,No,mediatek,8.0,8.0,1,5.0,1,6.5,lcd display
itel,6599,4.0,android,128.0,5000,No,Yes,No,No,unisoc,8.0,50.0,2,8.0,1,6.6,lcd display
samsung,164999,12.0,android,512.0,4400,Yes,Yes,Yes,Yes,snapdragon,8.0,50.0,3,10.0,2,7.6,amoled display
infinix,8490,4.0,android,128.0,6000,No,Yes,No,No,unisoc,8.0,13.0,2,5.0,1,6.6,lcd display
lava,16349,8.0,android,128.0,5000,No,Yes,No,Yes,mediatek,8.0,50.0,3,8.0,1,6.5,lcd display
ikall,5879,4.0,android,64.0,4000,No,Yes,No,No,quad,4.0,13.0,1,8.0,1,6.26,lcd display
lava,7499,8.0,android,128.0,5000,Yes,Yes,No,No,unisoc,8.0,50.0,3,8.0,1,6.5,lcd display
tecno,11999,8.0,android,128.0,5000,Yes,Yes,Yes,No,mediatek,8.0,50.0,3,32.0,1,6.78,lcd display
apple,87999,6.0,ios,512.0,3349,Yes,No,Yes,Yes,apple,6.0,48.0,2,12.0,1,6.1,oled display
ikall,7999,6.0,android,128.0,5000,No,Yes,No,No,tru-mediatek,8.0,13.0,1,8.0,1,6.53,lcd display
lava,6999,4.0,android,64.0,5000,Yes,Yes,No,No,unisoc,8.0,13.0,2,5.0,1,6.56,lcd display
realme,8650,4.0,android,128.0,5000,Yes,Yes,No,No,unisoc,8.0,50.0,2,5.0,1,6.74,lcd display
itel,6650,4.0,android,128.0,6000,Yes,Yes,No,No,unisoc,8.0,13.0,2,5.0,1,6.6,lcd display
vivo,17990,6.0,android,64.0,5000,Yes,Yes,No,No,snapdragon,8.0,16.0,3,32.0,1,6.53,lcd display
google,76000,4.0,android,128.0,3450,No,Yes,Yes,No,snapdragon,4.0,12.3,1,8.0,1,5.5,amoled display
xiaomi,14999,3.0,android,32.0,4850,No,Yes,No,No,snapdragon,6.0,16.0,1,5.0,1,6.4,lcd display
karbonn,3400,0.5,android,8.0,2300,No,Yes,No,No,mediatek,2.0,3.2,1,1.3,1,5.0,tft display
google,42999,3.0,android,64.0,3450,No,Yes,Yes,No,snapdragon,8.0,12.3,1,8.0,1,5.7,amoled display
htc,7999,1.0,android,8.0,2100,No,Yes,No,No,mediatek,8.0,8.0,1,5.0,1,5.0,lcd display
htc,59900,2.0,android,16.0,2600,No,No,Yes,No,snapdragon,8.0,4.0,1,5.0,1,5.0,lcd display
sony,14695,0.5,android,0.31,1200,No,Yes,No,No,snapdragon,8.0,5.0,1,0.3,1,3.2,lcd display
itel,5899,4.0,android,64.0,4000,No,Yes,No,No,unisoc,8.0,5.0,1,5.0,1,6.6,lcd display
tecno,6899,4.0,android,64.0,5000,No,Yes,No,No,unisoc,8.0,13.0,2,8.0,1,6.56,lcd display
itel,8999,4.0,android,128.0,5000,No,Yes,No,No,unisoc,8.0,13.0,1,8.0,1,6.6,lcd display
ikall,9498,6.0,android,128.0,6000,No,Yes,No,No,unisoc,8.0,21.0,3,8.0,1,6.8,lcd display
ikall,9699,6.0,android,128.0,6000,No,Yes,No,No,tru-mediatek,8.0,21.0,3,8.0,1,6.8,lcd display
Other,29500,8.0,android,256.0,3000,No,Yes,Yes,No,mediatek,8.0,50.0,2,8.0,1,4.5,lcd display
lava,9996,4.0,android,128.0,5000,Yes,Yes,No,Yes,unisoc,8.0,50.0,2,8.0,1,6.52,lcd display
Other,72500,12.0,android,512.0,9600,Yes,Yes,Yes,Yes,mediatek,8.0,108.0,2,32.0,1,6.58,lcd display
Other,56500,6.0,android,256.0,6500,Yes,Yes,Yes,Yes,mediatek,8.0,50.0,2,32.0,1,6.78,lcd display
Other,53500,12.0,android,256.0,10600,Yes,Yes,Yes,Yes,mediatek,8.0,50.0,3,32.0,1,6.78,lcd display
tecno,9999,4.0,android,128.0,5000,Yes,Yes,Yes,Yes,mediatek,8.0,48.0,1,8.0,1,6.67,lcd display
Other,34899,4.0,android,256.0,6500,Yes,Yes,Yes,Yes,mediatek,8.0,48.0,3,8.0,1,6.6,lcd display
Other,59750,12.0,android,256.0,10600,Yes,Yes,Yes,Yes,mediatek,8.0,50.0,2,32.0,1,6.78,lcd display
xiaomi,14999,3.0,android,32.0,4850,No,Yes,No,No,snapdragon,6.0,16.0,1,5.0,1,6.4,lcd display
xolo,15000,1.0,android,16.0,2500,No,Yes,No,No,mediatek,8.0,13.0,1,5.0,1,5.0,lcd display
micromax,7999,2.0,android,16.0,2000,No,Yes,No,No,mediatek,8.0,13.0,1,5.0,1,5.0,lcd display
intex,4299,0.5,android,4.0,1450,No,Yes,No,No,mediatek,8.0,2.0,1,1.3,1,4.0,tft display
lenovo,6990,0.5,android,4.0,2000,No,Yes,No,No,mediatek,8.0,5.0,1,0.3,1,4.5,lcd display
micromax,6029,0.75,android,4.0,1850,No,Yes,No,No,snapdragon,8.0,8.0,1,0.3,1,5.0,tft display
micromax,5890,1.0,android,4.0,1800,No,Yes,No,No,mediatek,8.0,8.0,1,5.0,1,4.7,lcd display
lg,8681,1.0,android,8.0,2540,No,Yes,No,No,snapdragon,8.0,8.0,1,0.3,1,4.7,lcd display
lenovo,6150,1.0,android,4.0,2000,No,Yes,No,No,mediatek,8.0,5.0,1,0.3,1,4.5,lcd display
Other,14347,2.0,android,16.0,2500,No,Yes,No,No,mediatek,8.0,13.1,1,2.0,1,5.0,lcd display
honor,14999,3.0,android,16.0,3100,No,Yes,No,No,hisilicon,8.0,13.0,1,5.0,1,5.0,lcd display
karbonn,3999,0.5,android,4.0,1400,No,Yes,No,No,mediatek,8.0,5.0,1,0.3,1,4.0,lcd display
lava,6990,1.0,android,8.0,2800,No,Yes,No,No,quad,4.0,8.0,1,2.0,1,6.0,lcd display
karbonn,8499,1.0,android,16.0,2000,No,Yes,No,No,mediatek,8.0,13.0,1,5.0,1,5.0,lcd display
Other,3695,1.0,android,4.0,2000,No,Yes,No,No,mediatek,8.0,8.0,1,0.3,1,5.0,tft display
lenovo,5627,1.0,android,8.0,2000,No,Yes,No,No,mediatek,8.0,5.0,1,2.0,1,5.0,lcd display
sony,5499,1.0,android,4.0,2330,No,No,Yes,No,snapdragon,8.0,5.0,1,0.3,1,4.5,lcd display
htc,18990,1.0,android,16.0,2600,No,Yes,No,No,snapdragon,8.0,13.0,1,8.0,1,5.5,tft display
intex,6919,1.0,android,8.0,3000,No,Yes,No,No,mediatek,8.0,8.0,1,2.0,1,4.5,lcd display
xolo,4499,1.0,android,8.0,1700,No,Yes,No,No,mediatek,8.0,5.0,1,0.3,1,4.5,lcd display
lava,6938,1.0,android,8.0,3000,No,Yes,No,No,mediatek,8.0,8.0,1,2.0,1,5.0,lcd display
asus,8499,1.0,android,8.0,2500,No,Yes,No,No,intel,8.0,8.0,1,0.3,1,5.0,lcd display
lava,8950,1.0,android,8.0,4000,No,Yes,No,No,mediatek,8.0,10.0,1,2.0,1,5.0,lcd display
honor,26499,3.0,android,32.0,3600,No,No,Yes,No,hisilicon,8.0,8.0,2,8.0,1,5.5,tft display
lava,6299,1.0,android,8.0,2200,No,Yes,No,No,mediatek,8.0,8.0,1,2.0,1,5.0,lcd display
lava,5699,0.5,android,4.0,3000,No,Yes,No,No,mediatek,8.0,5.0,1,0.3,1,5.0,tft display
karbonn,5859,1.0,android,8.0,1900,No,Yes,No,No,mediatek,8.0,8.0,1,8.0,1,5.0,lcd display
lava,7499,1.0,android,8.0,2500,No,Yes,No,No,mediatek,8.0,8.0,1,3.0,1,5.0,lcd display
htc,6578,1.0,android,8.0,2000,No,Yes,No,No,spreadtrum,4.0,8.0,1,2.0,1,4.5,tft display
intex,4199,1.0,android,8.0,1400,No,Yes,No,No,spreadtrum,4.0,8.0,1,2.0,1,4.0,lcd display
panasonic,9792,1.0,android,8.0,2000,No,Yes,No,No,snapdragon,8.0,8.0,1,5.0,1,5.0,lcd display
vivo,7011,1.0,android,8.0,1900,No,Yes,No,No,mediatek,4.0,5.0,1,2.0,1,4.5,lcd display
intex,11192,3.0,android,16.0,2300,No,Yes,No,No,mediatek,4.0,13.0,1,5.0,1,5.0,amoled display
intex,3299,0.5,android,8.0,2000,No,Yes,No,No,spreadtrum,4.0,2.0,1,0.3,1,4.5,tft display
asus,17999,3.0,android,32.0,3000,No,Yes,No,No,snapdragon,8.0,13.0,1,5.0,1,6.0,lcd display
gionee,10999,3.0,android,32.0,4000,No,Yes,No,No,mediatek,4.0,8.0,1,5.0,1,5.0,lcd display
karbonn,3999,2.0,android,16.0,2200,No,Yes,No,No,spreadtrum,2.0,8.0,1,3.2,1,5.0,lcd display
htc,14770,3.0,android,32.0,3000,No,Yes,No,No,mediatek,8.0,13.0,1,5.0,1,5.5,lcd display
intex,4999,0.75,android,4.0,1700,No,Yes,No,No,mediatek,8.0,2.0,1,0.3,1,4.0,tft display
asus,6999,2.0,android,16.0,2070,No,Yes,No,No,mediatek,4.0,8.0,1,2.0,1,5.0,lcd display
asus,7999,2.0,android,16.0,2500,No,Yes,No,No,snapdragon,4.0,8.0,1,5.0,1,5.0,lcd display
panasonic,5549,2.0,android,16.0,2700,No,Yes,No,No,mediatek,4.0,13.0,1,5.0,1,5.5,lcd display
asus,9999,2.0,android,32.0,5000,No,Yes,No,No,snapdragon,8.0,13.0,1,5.0,1,5.5,other display
lava,11500,3.0,android,16.0,2700,No,Yes,No,No,mediatek,4.0,13.0,1,5.0,1,5.0,lcd display
sony,38990,3.0,android,64.0,2620,No,Yes,Yes,No,snapdragon,6.0,23.0,1,13.0,1,5.0,lcd display
lyf,3099,1.0,android,8.0,1500,No,Yes,No,No,mediatek,4.0,5.0,1,2.0,1,4.0,lcd display
lava,4799,1.0,android,8.0,2200,No,Yes,No,No,spreadtrum,4.0,5.0,1,2.0,1,5.5,lcd display
micromax,8999,1.0,android,8.0,2500,No,Yes,No,No,mediatek,4.0,8.0,1,5.0,1,5.0,lcd display
karbonn,4999,1.0,android,8.0,4000,No,Yes,No,No,quad,4.0,8.0,1,5.0,1,5.0,tft display
lyf,10999,3.0,android,16.0,2600,No,Yes,No,No,snapdragon,8.0,13.0,1,5.0,1,5.0,amoled display
lava,4999,1.0,android,8.0,2350,No,Yes,No,No,spreadtrum,4.0,8.0,1,5.0,1,5.0,lcd display
Other,3410,1.0,android,8.0,1600,No,Yes,No,No,spreadtrum,4.0,5.0,1,2.0,1,4.5,tft display
asus,28999,4.0,android,64.0,3000,No,Yes,No,No,snapdragon,8.0,16.0,1,8.0,1,5.5,lcd display
lenovo,8499,3.0,android,32.0,4000,No,Yes,No,No,snapdragon,8.0,16.0,1,8.0,1,5.5,lcd display
intex,4499,1.0,android,8.0,2800,No,Yes,No,No,mediatek,4.0,8.0,1,5.0,1,5.5,lcd display
Other,3299,1.0,android,8.0,2000,No,Yes,No,No,mediatek,4.0,5.0,1,3.2,1,4.5,lcd display
google,66000,4.0,android,128.0,2770,No,Yes,Yes,No,snapdragon,4.0,12.3,1,8.0,1,5.0,amoled display
gionee,5999,3.0,android,32.0,3100,No,Yes,No,No,mediatek,8.0,13.0,1,5.0,1,5.5,lcd display
panasonic,6500,2.0,android,16.0,2800,No,Yes,No,No,mediatek,8.0,8.0,1,5.0,1,5.0,lcd display
lyf,6620,3.0,android,32.0,3200,No,Yes,No,No,snapdragon,8.0,16.0,1,8.0,1,5.5,lcd display
karbonn,5986,1.0,android,8.0,2300,No,Yes,No,No,mediatek,4.0,8.0,1,3.2,1,5.0,lcd display
Other,8999,3.0,android,32.0,3070,No,Yes,No,No,mediatek,8.0,13.0,1,5.0,1,5.2,lcd display
Other,16999,3.0,android,16.0,2610,No,No,Yes,No,snapdragon,8.0,13.0,1,8.0,1,5.2,lcd display
karbonn,4499,2.0,android,16.0,2800,No,Yes,No,No,mediatek,4.0,5.0,1,5.0,1,5.5,lcd display
asus,7499,1.0,android,8.0,2070,No,Yes,No,No,snapdragon,4.0,8.0,1,2.0,1,4.5,tft display
lyf,6599,2.0,android,16.0,3000,No,Yes,No,No,snapdragon,8.0,13.0,1,5.0,1,5.5,tft display
xolo,8099,3.0,android,16.0,2500,No,Yes,No,No,mediatek,4.0,8.0,1,5.0,1,5.0,lcd display
intex,4299,1.0,android,8.0,2000,No,Yes,No,No,spreadtrum,4.0,5.0,1,5.0,1,4.7,lcd display
panasonic,12499,4.0,android,64.0,3000,No,Yes,No,No,snapdragon,8.0,16.0,1,8.0,1,5.2,lcd display
asus,8999,2.0,android,16.0,3000,No,Yes,No,No,snapdragon,4.0,13.0,1,5.0,1,5.5,lcd display
panasonic,6499,2.0,android,16.0,4000,No,Yes,No,No,mediatek,4.0,8.0,1,2.0,1,5.0,lcd display
moto,21999,3.0,android,32.0,3000,No,Yes,Yes,No,snapdragon,8.0,12.0,2,16.0,1,5.2,lcd display
karbonn,4999,2.0,android,16.0,2900,No,Yes,No,No,mediatek,4.0,13.0,1,5.0,1,5.5,lcd display
Other,3855,1.0,android,8.0,2000,No,Yes,No,No,mediatek,4.0,5.0,1,5.0,1,4.5,tft display
Other,3798,2.0,android,16.0,3000,No,Yes,No,No,spreadtrum,4.0,8.0,1,5.0,1,5.0,lcd display
intex,4974,2.0,android,16.0,4000,No,Yes,No,No,mediatek,4.0,8.0,1,8.0,1,5.0,lcd display
Other,5999,2.0,android,16.0,2500,No,Yes,No,No,mediatek,4.0,13.0,1,5.0,1,5.0,lcd display
infinix,7499,3.0,android,16.0,4000,No,Yes,No,No,mediatek,4.0,13.0,1,5.0,1,5.5,lcd display
tecno,20000,2.0,android,16.0,3050,No,Yes,No,No,mediatek,4.0,8.0,1,8.0,1,5.0,lcd display
micromax,19999,4.0,android,64.0,2730,No,Yes,No,No,snapdragon,8.0,13.0,2,13.0,1,5.2,lcd display
karbonn,3599,1.0,android,8.0,2300,No,Yes,No,No,quad,4.0,5.0,1,2.0,1,4.5,tft display
panasonic,7490,1.0,android,16.0,2200,No,Yes,No,No,mediatek,8.0,8.0,1,5.0,1,5.0,lcd display
intex,6199,2.0,android,16.0,2800,No,Yes,No,No,mediatek,4.0,8.0,1,5.0,1,5.5,lcd display
panasonic,5990,2.0,android,16.0,3000,No,Yes,No,No,mediatek,4.0,8.0,1,5.0,1,5.0,lcd display
Other,4699,2.0,android,32.0,2700,No,Yes,No,No,mediatek,4.0,13.0,1,8.0,1,5.2,lcd display
tecno,10370,4.0,android,32.0,4000,No,Yes,No,No,mediatek,8.0,13.0,1,16.0,1,5.5,lcd display
intex,4399,1.0,android,8.0,2700,No,Yes,No,No,spreadtrum,4.0,8.0,1,5.0,1,5.2,tft display
panasonic,3990,1.0,android,16.0,2500,No,Yes,No,No,mediatek,8.0,8.0,1,5.0,1,5.0,tft display
karbonn,6199,2.0,android,16.0,4000,No,Yes,No,No,mediatek,4.0,13.0,1,8.0,1,5.5,lcd display
karbonn,7490,2.0,android,16.0,2300,No,Yes,No,No,mediatek,4.0,5.0,1,5.0,1,5.0,lcd display
karbonn,4499,2.0,android,16.0,2250,No,Yes,No,No,quad,4.0,5.0,1,3.2,1,5.0,lcd display
lg,6500,2.0,android,16.0,2500,No,Yes,No,No,snapdragon,4.0,8.0,1,5.0,1,5.0,lcd display
honor,35999,6.0,android,128.0,3400,No,Yes,Yes,No,hisilicon,8.0,16.0,2,24.0,1,5.84,lcd display
karbonn,4400,2.0,android,16.0,2000,No,Yes,No,No,spreadtrum,4.0,8.0,1,5.0,1,5.0,lcd display
intex,8499,2.0,android,16.0,2400,No,Yes,No,No,spreadtrum,4.0,8.0,1,8.0,2,5.0,lcd display
nokia,6499,2.0,android,16.0,2990,No,Yes,No,No,mediatek,8.0,13.0,1,8.0,1,5.2,lcd display
coolpad,8825,4.0,android,64.0,4070,No,Yes,No,No,snapdragon,8.0,13.0,1,8.0,2,5.5,lcd display
coolpad,6399,2.0,android,16.0,2500,No,Yes,No,No,spreadtrum,4.0,8.0,2,5.0,1,5.45,lcd display
Other,5290,2.0,android,16.0,2700,No,Yes,No,No,quad,4.0,5.0,1,5.0,1,5.0,lcd display
intex,8499,2.0,android,16.0,2400,No,Yes,No,No,spreadtrum,4.0,8.0,1,8.0,2,5.0,lcd display
Other,6790,3.0,android,32.0,3000,No,Yes,No,No,mediatek,4.0,13.0,1,13.0,1,5.45,lcd display
lenovo,7990,3.0,android,32.0,4000,No,Yes,No,No,mediatek,4.0,13.0,1,8.0,1,5.45,lcd display
coolpad,8099,4.0,android,64.0,4100,No,Yes,No,No,mediatek,8.0,16.0,2,8.0,1,5.99,lcd display
panasonic,5899,2.0,android,16.0,4000,No,Yes,No,No,snapdragon,4.0,8.0,1,5.0,1,5.0,lcd display
lava,5749,3.0,android,32.0,3000,No,Yes,No,No,mediatek,4.0,13.0,1,13.0,1,5.7,lcd display
asus,37999,4.0,android,64.0,3000,No,No,Yes,No,intel,4.0,13.0,1,5.0,1,5.5,lcd display
lava,5489,2.0,android,16.0,3000,No,Yes,No,No,mediatek,4.0,13.0,1,13.0,1,5.7,lcd display
xolo,4444,1.0,android,16.0,3000,No,Yes,No,No,mediatek,4.0,8.0,1,5.0,1,5.45,lcd display
Other,5489,2.0,android,16.0,3020,No,Yes,No,No,mediatek,4.0,13.0,1,13.0,1,5.7,lcd display
itel,5599,1.0,android,8.0,2400,No,Yes,No,No,quad,4.0,5.0,2,2.0,1,5.45,lcd display
realme,7999,3.0,android,32.0,4000,No,Yes,No,No,mediatek,8.0,13.0,2,5.0,1,6.1,lcd display
infinix,10999,6.0,android,64.0,4000,No,Yes,No,No,mediatek,8.0,13.0,2,13.0,2,6.19,lcd display
realme,10990,4.0,android,64.0,4230,No,Yes,No,No,mediatek,8.0,13.0,2,13.0,1,6.2,lcd display
infinix,9999,3.0,android,32.0,4000,No,Yes,No,No,mediatek,8.0,13.0,3,32.0,1,6.21,lcd display
nokia,4999,3.0,android,32.0,3000,No,Yes,No,No,mediatek,4.0,13.0,1,5.0,1,5.71,lcd display
lava,5699,2.0,android,32.0,3260,No,Yes,No,No,mediatek,8.0,13.0,1,8.0,1,6.22,lcd display
infinix,10999,4.0,android,64.0,4000,No,Yes,No,No,mediatek,8.0,13.0,3,32.0,1,6.21,lcd display
vivo,14999,6.0,android,64.0,4500,Yes,Yes,No,No,mediatek,8.0,16.0,3,32.0,1,6.38,amoled display
vivo,10999,3.0,android,64.0,5000,Yes,Yes,No,No,snapdragon,8.0,13.0,3,8.0,1,6.35,lcd display
coolpad,6998,4.0,android,64.0,4000,No,Yes,No,No,mediatek,8.0,13.0,2,16.0,1,6.22,lcd display
lava,4499,1.0,android,16.0,2500,No,Yes,No,No,unisoc,4.0,5.0,1,2.0,1,5.0,tft display
gionee,7990,3.0,android,32.0,3550,No,Yes,No,No,tru-mediatek,8.0,13.0,2,8.0,1,6.09,lcd display
panasonic,6999,3.0,android,32.0,4000,No,Yes,No,No,mediatek,8.0,13.0,2,13.0,1,6.22,lcd display
tecno,10499,4.0,android,64.0,6000,No,Yes,No,No,mediatek,8.0,13.0,3,13.0,1,6.35,amoled display
samsung,104999,8.0,android,256.0,4500,Yes,Yes,Yes,No,samsung,8.0,108.0,3,10.0,1,6.9,amoled display
ikall,4499,2.0,android,16.0,3000,No,Yes,No,No,quad,4.0,5.0,1,5.0,1,6.0,tft display
itel,5890,3.0,android,32.0,4000,No,Yes,No,No,unisoc,8.0,8.0,2,5.0,1,6.08,lcd display
samsung,6999,6.0,android,128.0,6000,Yes,Yes,No,No,samsung,8.0,48.0,3,20.0,1,6.4,amoled display
Other,8009,4.0,android,32.0,3300,No,Yes,No,No,tru-mediatek,8.0,13.0,1,13.0,1,6.1,lcd display
karbonn,5899,2.0,android,32.0,3000,No,Yes,No,No,quad,4.0,8.0,2,5.0,1,6.1,lcd display
karbonn,5999,3.0,android,32.0,3000,No,Yes,No,No,quad,4.0,8.0,2,5.0,1,6.1,lcd display
Other,69900,4.0,android,64.0,3100,No,Yes,Yes,No,mediatek,8.0,12.0,1,8.0,1,5.65,lcd display
ikall,6999,4.0,android,64.0,4000,No,Yes,No,No,quad,4.0,13.0,1,8.0,1,6.53,lcd display
Other,4661,3.0,android,32.0,3500,No,Yes,No,No,quad,4.0,8.0,1,5.0,1,6.4,lcd display
ikall,5039,2.0,android,16.0,4000,No,Yes,No,No,quad,4.0,8.0,1,5.0,1,5.5,tft display
poco,14999,6.0,android,128.0,4500,Yes,Yes,No,No,snapdragon,8.0,64.0,4,20.0,2,6.67,lcd display
gionee,6990,3.0,android,32.0,5000,No,Yes,No,No,tru-mediatek,8.0,13.0,2,5.0,1,6.1,lcd display
karbonn,6990,2.0,android,32.0,3000,No,Yes,No,No,unisoc,8.0,8.0,1,5.0,1,5.45,lcd display
ikall,4429,2.0,android,16.0,2200,No,Yes,No,No,quad,4.0,5.0,1,2.0,1,5.5,lcd display
ikall,6999,4.0,android,32.0,4000,No,Yes,No,No,quad,4.0,13.0,1,8.0,1,7.12,lcd display
ikall,4429,2.0,android,16.0,2500,No,Yes,No,No,quad,4.0,5.0,1,2.0,1,5.5,lcd display
ikall,6699,4.0,android,64.0,4000,No,Yes,No,No,quad,4.0,13.0,1,8.0,1,6.53,lcd display
ikall,4839,2.0,android,16.0,3000,No,Yes,No,No,quad,4.0,5.0,1,5.0,1,6.0,lcd display
ikall,4799,4.0,android,64.0,4000,No,Yes,No,No,tru-mediatek,8.0,13.0,1,8.0,1,6.5,lcd display
Other,5299,2.0,android,16.0,3300,No,Yes,No,No,quad,4.0,5.0,1,5.0,1,5.34,lcd display
Other,5599,2.0,android,16.0,3500,No,Yes,No,No,quad,4.0,5.0,1,5.0,1,5.7,lcd display
Other,6499,2.0,android,32.0,5000,No,Yes,No,No,tru-mediatek,8.0,13.0,1,5.0,1,6.088,lcd display
Other,5999,2.0,android,16.0,2500,No,Yes,No,No,mediatek,4.0,8.0,1,5.0,1,5.5,lcd display
